demo,T,success,ted,ted_norm,sal,sal_norm,jerk,path_len,path_len_norm
demo_1,150,0.0,0.022826690154924674,0.00015319926278472936,59.86400565289913,0.40177185001945726,165.02310083602922,2.099213453002071,0.01408868089263135
demo_10,150,0.0,0.18005419080140933,0.0012084173879289217,50.37809953664424,0.338108050581505,171.7127415031681,2.1763373066979392,0.014606290648979458
demo_100,150,0.0,0.017331017465177175,0.00011631555345756493,47.52660984043863,0.31897053584187,160.319496603608,1.9338866888026165,0.012979105293977292
demo_1000,150,0.0,0.049875154807285785,0.00033473258259923347,51.13430348139262,0.3431832448415612,46.01450375721918,0.7764569689460501,0.005211120596953356
demo_1001,150,0.0,0.07475316198272279,0.000501699073709549,54.37704639558202,0.36494662010457735,99.05774988272515,1.680541893289009,0.011278804652946369
demo_1002,150,0.0,0.016275785796686374,0.00010923346172272734,39.192936652333564,0.2630398433042521,46.00804019448292,0.8294202692940925,0.005566578988550956
demo_1003,150,0.0,0.033275801718076335,0.00022332752830923715,35.92817040136338,0.24112866041183478,49.729451994288006,0.9593671019145881,0.006438705381977101
demo_1004,150,0.0,0.1911661335735395,0.0012829941850573121,59.15185151166248,0.3969922920245804,70.41375019290146,0.92568440896156,0.00621264704001047
demo_1005,150,0.0,0.015102111710821702,0.00010135645443504497,42.06041406154331,0.28228465813116316,76.39664383095322,1.4255786675731055,0.00956764206424903
demo_1006,150,0.0,0.22767365362044403,0.0015280110981237855,37.38040158584516,0.25087517842849105,43.812851080814205,0.6402341627804393,0.004296873575707646
demo_1007,150,0.0,0.1752043315009151,0.001175867996650437,64.68009282019874,0.43409458268589757,84.89354788820673,1.8544074086259825,0.012445687306214648
demo_1008,150,0.0,0.029152474097792116,0.000195654188575786,44.58108859413388,0.29920193687338176,60.228346946824374,0.9946597917169201,0.006675569071925638
demo_1009,150,0.0,0.05695598071247686,0.00038225490411058295,51.728752364593895,0.347172834661704,60.20144464632729,1.0256827440864864,0.006883776805949573
demo_101,150,0.0,0.09554574699330731,0.0006412466241161565,64.52336848306943,0.4330427414971103,174.1906293526296,2.1620624670850397,0.014510486356275434
demo_1010,150,0.0,0.00907480733025365,6.0904747182910404e-05,38.47371335778366,0.2582128413274071,86.83291396944617,1.1602433436737396,0.007786868078347246
demo_1011,150,0.0,0.0048487845553457495,3.2542178223796975e-05,39.779276617367465,0.2669750108548152,52.60936378920159,0.8303298192666949,0.005572683350783187
demo_1012,150,0.0,0.42161689246071027,0.0028296435735618137,36.01342703925372,0.24170085261244106,52.997513382564335,0.681194217373676,0.004571773270964269
demo_1013,150,0.0,0.006954790537387478,4.66764465596475e-05,36.66321959009167,0.24606187644356825,62.673273591885156,0.8627327285517302,0.005790152540615639
demo_1014,150,0.0,0.017560081567539684,0.00011785289642644083,44.88037264847724,0.3012105546877667,96.48936424258896,1.316387551702718,0.008834815783239717
demo_1015,150,0.0,0.005632386542847223,3.7801251965417605e-05,39.780580007787435,0.2669837584415264,49.81915294723099,0.8304121231854897,0.005573235726077113
demo_1016,150,0.0,0.1280967834603855,0.0008597099561099698,53.923656404742836,0.36190373426001904,79.56190547409817,1.0786530379296102,0.0072392821337557735
demo_1017,150,0.0,0.044305891234619144,0.0002973549747289875,31.4214126716756,0.21088196423943356,73.08691159619666,0.8752411356377486,0.0058741015814614
demo_1018,150,0.0,0.15011023352535852,0.0010074512317138156,46.70229353743769,0.31343821166065566,110.75842122657593,1.7684342110628832,0.011868685980287806
demo_1019,150,0.0,0.010111061793919102,6.785947512697383e-05,50.84189410839679,0.34122076582816635,105.20536698452564,2.025335295925966,0.013592854335073597
demo_102,150,0.0,0.0260594201670408,0.00017489543736268995,55.27474187323154,0.37097142196799693,165.12046021306992,2.014869296363291,0.013522612727270409
demo_1020,150,0.0,0.09583816075139427,0.0006432091325596931,46.07064369259982,0.3091989509570458,110.6964244837631,1.5422102731491056,0.010350404517779233
demo_1021,150,0.0,0.1317014891221658,0.0008839026115581598,58.44495722954197,0.3922480350975971,64.62922946279616,1.0534367243515768,0.007070045129876354
demo_1022,150,0.0,0.07467306543336123,0.0005011615129755788,46.400237505176214,0.3114109899676256,77.34281312593019,2.999701084595637,0.02013222204426602
demo_1023,150,0.0,0.034879652389889035,0.00023409162677777876,35.45135296355269,0.23792854337954822,39.726291644981046,0.9882457557609998,0.0066325218507449655
demo_1024,150,0.0,0.17688065981306625,0.001187118522235344,46.51339364017975,0.31217042711530035,134.93591277586344,2.6622466352614365,0.01786742708229152
demo_1025,150,0.0,0.010017693149370514,6.723283992866116e-05,26.98026149015235,0.18107558047082115,29.483454765780277,0.5427068237901169,0.0036423276764437377
demo_1026,150,0.0,0.08783750208295438,0.0005895134367983516,45.8331247195069,0.307604863889308,64.78378862734387,0.9828883410178135,0.00659656604709942
demo_1027,150,0.0,0.013326248716720607,8.943791085047387e-05,35.430924455031146,0.23779143929551105,48.5627946382355,0.8661639928208074,0.005813181159871191
demo_1028,150,0.0,0.1525632083058118,0.0010239141497034349,56.96734815087529,0.3823311956434583,86.3318323427642,1.7832259672296105,0.011967959511608124
demo_1029,150,0.0,0.012336059467284631,8.279234541801766e-05,44.17242420135569,0.29645922282789056,69.26247355050279,0.9326608504993528,0.0062594687952976695
demo_103,150,0.0,0.0175159789919777,0.00011755690598642752,51.87794934882163,0.3481741567035009,170.06848928163961,2.1814793241284143,0.014640800833076607
demo_1030,150,0.0,0.007339038577643732,4.92552924674076e-05,55.501477190892004,0.3724931355093423,80.89985487148626,1.2320824349163697,0.008269009630311207
demo_1031,150,0.0,0.15354899389095347,0.0010305301603419695,58.8585465138307,0.3950238021062463,85.2050134800506,1.4900113366690608,0.010000076085027254
demo_1032,150,0.0,0.08690620963544632,0.0005832631519157471,50.475468725939756,0.33876153507342116,67.7042541033428,1.1687815993882091,0.007844171807974558
demo_1033,150,0.0,0.046652373336804304,0.00031310317675707584,43.97711506001304,0.29514842322156404,77.42552679208059,1.2093317063752682,0.008116320177015223
demo_1034,150,0.0,0.009602161289901398,6.444403550269395e-05,40.8275095811909,0.2740101314173886,74.67602409738454,0.9963907839474524,0.006687186469445989
demo_1035,150,0.0,0.007284682807654406,4.8890488641975875e-05,42.24280379504079,0.28350875030228717,68.20083840547555,1.035637309528096,0.006950585969987221
demo_1036,150,0.0,0.060854029851217364,0.00040841630772629105,32.63652181597516,0.2190370591676185,46.658362594198046,0.7019875700629741,0.004711325973577007
demo_1037,150,0.0,0.011802439601500595,7.921100403691675e-05,55.529356689016474,0.3726802462350099,91.56963527164692,2.90276597550166,0.01948165084229302
demo_1038,150,0.0,0.009047830765176035,6.072369641057742e-05,36.38865236003595,0.24421914335594597,55.75862356128628,0.8144817133240226,0.0054663202236511586
demo_1039,150,0.0,0.07974356248532054,0.0005351916945323526,41.421643696173135,0.2779976086991486,60.37481465612308,1.010917400527818,0.006784680540455155
demo_104,150,0.0,0.03207307580724631,0.00021525554233051215,45.26007273237509,0.30375887739849056,154.05771726757428,1.8459187617480843,0.012388716521799223
demo_1040,150,0.0,0.05943053729104783,0.00039886266638287135,39.82634254419621,0.26729088955836383,65.0385275875878,1.0387927624230722,0.006971763506195115
demo_1041,150,0.0,0.06894153414362497,0.00046269486002432865,53.75001702448236,0.3607383692918279,65.76512938981097,1.3334017845146346,0.00894900526519889
demo_1042,150,0.0,0.014803839364554592,9.935462660774894e-05,55.24491610639423,0.3707712490362029,100.25922968439575,1.454279503864478,0.009760265126607236
demo_1043,150,0.0,0.013103751248665594,8.794463925278922e-05,46.55906637973511,0.312476955568692,67.16437188984528,1.0249951594268307,0.006879162143804233
demo_1044,150,0.0,0.028817685189738592,0.000193407283152608,55.66163312820271,0.3735680075718303,81.48209278840413,1.5043521972413907,0.01009632347141873
demo_1045,150,0.0,0.009406918173011198,6.313367901349797e-05,44.286831065844666,0.2972270541331857,77.47714534110855,1.0912549122012019,0.007323858471149006
demo_1046,150,0.0,0.00519786540983888,3.488500275059651e-05,50.83913138841657,0.3412022240833327,85.71714761779461,1.2450617052727295,0.008356118827333755
demo_1047,150,0.0,0.06962644911104594,0.0004672916047721204,51.90529227128271,0.3483576662502195,71.25606043351353,1.1505481299023428,0.007721799529545925
demo_1048,150,0.0,0.11525689030554664,0.000773536176547293,39.77065996216463,0.26691718095412503,68.97907451678039,1.0012391481212126,0.006719725826316863
demo_1049,150,0.0,0.009093191532654676,6.102813109164212e-05,41.418491518727876,0.2779764531458247,64.53464926034341,0.9177970209672068,0.006159711550115482
demo_105,150,0.0,0.03867166062609601,0.00025954134648386586,47.81031239790583,0.320874579851717,153.73752193246176,1.8686267533395307,0.012541119149929735
demo_1050,150,0.0,0.03064940906825025,0.00020570073200167955,48.32520257906298,0.3243302186514294,67.72798578726461,0.8796004290114663,0.005903358583969572
demo_1051,150,0.0,0.014688164473617114,9.857828505783299e-05,53.63863068290864,0.359990809952407,87.20909143859579,1.2314541655820908,0.008264793057597924
demo_1052,150,0.0,0.014811813238068282,9.940814253737102e-05,31.97538139594594,0.2145998751405768,40.91945417209357,0.7845279383221916,0.005265288176659004
demo_1053,150,0.0,0.007340785298119703,4.926701542362217e-05,40.213681912779066,0.2698904826361011,42.32742702550042,0.7620474049136241,0.005114412113514256
demo_1054,150,0.0,0.07337937149171117,0.0004924790033000749,54.12984887331419,0.3632875763309677,66.35925596823228,1.1266869134100466,0.007561657136980178
demo_1055,150,0.0,0.0025790925920450712,1.730934625533605e-05,51.77831254198208,0.34750545330189314,43.662892147477905,0.9097188026259202,0.0061054953196370484
demo_1056,150,0.0,0.032910295537754986,0.0002208744666963422,42.960347983540096,0.28832448311100733,136.2763760726373,2.539184886901218,0.017041509308061864
demo_1057,150,0.0,0.05250932552995899,0.0003524115807379798,59.85924845379076,0.40173992250866286,146.88104171726025,2.6014141847810213,0.01745915560255719
demo_1058,150,0.0,0.15740045819394807,0.0010563789140533427,50.90192026386719,0.3416236259319946,87.76794601373207,1.2408478074518485,0.008327837633905023
demo_1059,150,0.0,0.02236380905703394,0.0001500926782351271,36.09923903721366,0.24227677206183662,30.635716503399717,0.6524098254035967,0.004378589432238904
demo_106,150,0.0,0.009021023899021886,6.054378455719386e-05,46.512921259473266,0.31216725677498836,152.16560977236009,1.8686464672689993,0.012541251458181203
demo_1060,150,0.0,0.17005757947189104,0.001141326036724101,46.45853762228581,0.31180226592138127,65.14514079048881,1.4186469008787963,0.00952112014012615
demo_1061,150,0.0,0.03939510780205236,0.0002643966966580695,58.35365943009988,0.39163529818858983,109.18452016362738,2.894684517352009,0.019427412868134288
demo_1062,150,0.0,0.12311622220840643,0.0008262833705262176,52.48794385903832,0.3522680795908612,82.5310395854784,4.0170916190588315,0.026960346436636452
demo_1063,150,0.0,0.015592026153130632,0.00010464447082638008,48.19067203504627,0.32342732909427024,54.927993141821126,0.8101159148269957,0.005437019562597287
demo_1064,150,0.0,0.009807999927356212,6.58255028681625e-05,37.414599543411924,0.2511046949222277,54.92295636899415,0.8831745787690077,0.005927346166234951
demo_1065,150,0.0,0.03537054341364324,0.00023738619740700163,51.21460552513314,0.34372218473243715,61.185067653293196,1.250997578525145,0.008395956902853323
demo_1066,150,0.0,0.13792396536208557,0.000925664197060977,43.210409131009996,0.2900027458457047,69.13593051640922,0.9713554825775573,0.006519164312601056
demo_1067,150,0.0,0.011863715958124368,7.962225475251253e-05,40.322715704447866,0.27062225304998566,70.92422984118339,0.7463753906987991,0.0050092308100590545
demo_1068,150,0.0,0.03561477627471555,0.00023902534412560773,34.105644349038556,0.22889694193985607,50.46950563969208,0.941947652623184,0.006321796326330094
demo_1069,150,0.0,0.02887923297499508,0.00019382035553687973,42.881203522263604,0.2877933122299571,54.82421427916757,0.9691746980035927,0.006504528174520756
demo_107,150,0.0,0.02508648162422161,0.0001683656484847088,51.408318447911896,0.3450222714624959,143.5949743950239,1.9568179781519772,0.01313300656477837
demo_1070,150,0.0,0.005371815857138407,3.605245541703629e-05,46.42096196029724,0.3115500802704513,88.41153778574333,1.4266279661688395,0.00957468433670362
demo_1071,150,0.0,0.014959129220527003,0.0001003968404062215,36.27385923721195,0.24344871971283188,59.0036152879718,0.9674989515479255,0.006493281554012923
demo_1072,150,0.0,0.010272440344460869,6.894255264738837e-05,51.641291532180176,0.34658584920926294,99.60409763799657,1.6102519297127609,0.010807059930958127
demo_1073,150,0.0,0.04326522039996834,0.00029037060671119693,68.58810784795759,0.4603228714628026,103.7870428285417,3.667664010528724,0.02461519470153506
demo_1074,150,0.0,0.00955430945949354,6.412288227848014e-05,36.266062439080734,0.24339639220859552,43.76299648089792,0.9044349939281829,0.00607003351629653
demo_1075,150,0.0,0.048592463342702716,0.0003261239150516961,50.000681328541916,0.33557504247343567,78.03114897241282,1.1466098314215503,0.007695367996117787
demo_1076,150,0.0,0.00755888898460893,5.0730798554422346e-05,35.88753188515353,0.24085591869230555,56.396918815087155,0.8696537216076197,0.0058366021584404
demo_1077,150,0.0,0.016360315092766232,0.0001098007724346727,41.74023814889438,0.28013582650264685,42.16499548528922,0.8576511036430003,0.005756047675456379
demo_1078,150,0.0,0.013156945074777288,8.8301644797163e-05,42.25887991735573,0.2836166437406425,50.29778688240433,0.753391208542392,0.005056316835854981
demo_1079,150,0.0,0.019341556398089637,0.00012980910334288348,52.477471121711815,0.35219779276316654,47.31643572821075,1.0021206232605802,0.006725641766849531
demo_108,150,0.0,0.046193051383078915,0.00031002047908106653,62.33951876751016,0.4183860319967125,173.40932579244546,2.150013233716334,0.014429619018230429
demo_1080,150,0.0,0.017819060555189576,0.00011959101043751393,42.85781420928569,0.28763633697507174,55.56050161986575,1.0231128786495285,0.006866529386909587
demo_1081,150,0.0,0.062184666387339084,0.00041734675427744354,42.20273766136393,0.283239850076268,75.29465264636688,1.386660206504397,0.009306444338955683
demo_1082,150,0.0,0.014343036391311223,9.626198920343103e-05,38.53460592035986,0.2586215162440259,64.07542088608047,1.1042305490268958,0.007410943282059703
demo_1083,150,0.0,0.01798159931474874,0.00012068187459562912,30.087379459377964,0.20192872120387895,25.638511153769088,0.5489515791388702,0.003684238786166914
demo_1084,150,0.0,0.03534200026251005,0.00023719463263429562,35.82047927107072,0.24040590114812563,69.33592508521092,1.05602777330397,0.007087434720160873
demo_1085,150,0.0,0.008248861567240582,5.5361487028460286e-05,41.897460076290166,0.28119100722342394,69.49958687028958,0.9995612414895001,0.006708464707983222
demo_1086,150,0.0,0.012495487676412986,8.386233339874487e-05,47.630654935138075,0.3196688250680408,69.83272368013957,1.240336435843132,0.00832440560968545
demo_1087,150,0.0,0.033951730216241933,0.00022786396118283176,51.250395536011766,0.34396238614772995,50.414114827383614,0.9032418036320595,0.006062025527731943
demo_1088,150,0.0,0.016682991075917215,0.00011196638305984707,41.137615272190565,0.2760913776657085,98.08595295232024,1.0849176573500117,0.0072813265593960515
demo_1089,150,0.0,0.00798320100495255,5.3578530234580866e-05,43.71390250953968,0.29338189603717907,61.74415493021223,0.9979895499597221,0.006697916442682699
demo_109,150,0.0,0.10089602731343045,0.0006771545457277212,58.10194527159378,0.3899459414200925,179.68099478379983,2.3755851342073147,0.015943524390653118
demo_1090,150,0.0,0.010873326833898888,7.297534787851603e-05,39.54212859897865,0.2653834134159641,75.93256611166102,0.8987694012570099,0.006032009404409462
demo_1091,150,0.0,0.027357020603488953,0.00018360416512408693,41.542959971194236,0.27881181188720966,54.03416607346053,0.856343196250155,0.005747269773490973
demo_1092,150,0.0,0.008140364499891469,5.4633318791217915e-05,44.68748064077012,0.299915977454833,82.49832759705563,1.0650261966612766,0.007147826823230044
demo_1093,150,0.0,0.013908365429143657,9.334473442378293e-05,38.51164497206787,0.2584674159199186,43.989025618838944,0.7019013639973961,0.004710747409378498
demo_1094,150,0.0,0.06598536853268558,0.0004428548223670173,47.453755585727286,0.31848158111226366,118.7458148745675,2.374768211814162,0.015938041690027934
demo_1095,150,0.0,0.010607905939222883,7.119399959209988e-05,38.20553913868383,0.25641301435358277,84.85728423410474,1.1103051045115158,0.007451712110815542
demo_1096,150,0.0,0.010390410806866208,6.973430071722287e-05,43.12747305663384,0.2894461278968714,58.01004046511053,0.8883546544398669,0.005962111774764208
demo_1097,150,0.0,0.013783025111945672,9.250352424124612e-05,31.929864026768584,0.2142943894413999,66.44382990020922,1.0473775100936384,0.007029379262373413
demo_1098,150,0.0,0.007217442512670249,4.84392114944312e-05,39.95902947941006,0.26818140590208095,49.57573172535547,0.8924579173560783,0.005989650452054217
demo_1099,150,0.0,0.012757934942096398,8.562372444359999e-05,36.63063220902797,0.2458431691881072,57.87290350946195,0.8771462197567763,0.005886887380917962
demo_11,150,0.0,0.01392826430979885,9.347828395838155e-05,60.30334822958535,0.4047204579166802,169.13382703197206,2.051805716597479,0.013770508165083751
demo_110,150,0.0,0.05266721447022384,0.00035347123805519356,49.326041843064495,0.33104726069170803,178.99908079663666,2.5329256034316847,0.01699950069417238
demo_1100,150,0.0,0.10523370412049123,0.0007062664706073236,62.45487040037451,0.4191602040293591,129.0143254104329,3.762172967606504,0.025249483004070497
demo_1101,150,0.0,0.12488341466480252,0.0008381437225825672,40.652058150056256,0.2728326050339346,45.6993560321698,0.6536672097281526,0.004387028253209078
demo_1102,150,0.0,0.005111104462558728,3.4302714513816967e-05,34.433855811810425,0.2310997034349693,37.971720676913925,0.6840997646212567,0.004591273588062125
demo_1103,150,0.0,0.010554133906327845,7.083311346528754e-05,47.23046425133258,0.31698298155256766,108.58346664126766,1.565625543961856,0.010507553986321182
demo_1104,150,0.0,0.020709328645312452,0.00013898878285444597,59.96523671704994,0.40245125313456337,106.46900602521171,2.535502122828609,0.017016792770661808
demo_1105,150,0.0,0.24358575539451982,0.0016348037274799988,40.159121754833926,0.2695243070794223,63.80469814438016,0.971183840398635,0.006518012351668692
demo_1106,150,0.0,0.004303498250668832,2.8882538595092833e-05,41.51991712423929,0.2786571619076463,53.96142345852457,0.9677800861337241,0.006495168363313585
demo_1107,150,0.0,0.013345448489652956,8.956676838693259e-05,43.98164135477195,0.29517880103873795,44.381004544442575,0.7125238729529968,0.004782039415791924
demo_1108,150,0.0,0.014474429044399037,9.714381908992642e-05,46.01097811509271,0.3087985108395484,47.81474629926891,0.8033612368478129,0.005391686153341026
demo_1109,150,0.0,0.01953166147574703,0.0001310849763472955,49.00200454945605,0.32887251375473864,53.12072289697768,1.106329184188462,0.007425028081801758
demo_111,150,0.0,0.012209053884299355,8.193995895502922e-05,51.66173744877161,0.34672307012598397,153.0529467117383,1.870552694974185,0.012554044932712652
demo_1110,150,0.0,0.012665605753736146,8.500406546131642e-05,33.63893252919757,0.22576464784696354,38.13873922751793,0.7898341300988203,0.005300900202005505
demo_1111,150,0.0,0.11064352193740663,0.0007425739727342727,52.00525644425388,0.3490285667399589,84.22961762840154,1.325170044108019,0.008893758685288718
demo_1112,150,0.0,0.2458409424751358,0.0016499392112425222,41.89620413246781,0.28118257807025376,73.05109323640552,0.9139548890774267,0.006133925430049844
demo_1113,150,0.0,0.007208108635313259,4.837656802223664e-05,40.00132634226707,0.2684652774648797,71.30269207073354,1.136458984095797,0.007627241503998638
demo_1114,150,0.0,0.05004859037884364,0.00033589657972378284,42.36758828158923,0.28434623007778004,57.48456339287522,0.877752914656951,0.005890959158771483
demo_1115,150,0.0,0.015403600958650118,0.00010337987220570549,42.85284623182488,0.2876029948444623,71.52891171194533,1.0945214464657431,0.007345781519904317
demo_1116,150,0.0,0.022283558137116834,0.00014955408145715996,45.647251748107855,0.30635739428260306,45.167886287548974,0.8043836916182171,0.0053985482658940745
demo_1117,150,0.0,0.12321100770034807,0.0008269195147674368,43.82863830624307,0.29415193494122865,76.13785997242123,1.5978889307643893,0.01072408678365362
demo_1118,150,0.0,0.09679002411575985,0.0006495974772869788,38.329086335452494,0.2572421901708221,55.92467622718373,0.9631980243125496,0.006464416270554024
demo_1119,150,0.0,0.00934311014025684,6.270543718293181e-05,51.10947993427983,0.3430166438542271,64.15420366453161,0.9845652544650164,0.0066078204997652105
demo_112,150,0.0,0.13571943628043437,0.000910868699868687,55.19970126065563,0.37046779369567534,174.93278108718596,2.281694097273431,0.01531338320317739
demo_1120,150,0.0,0.01926324060594166,0.00012928349399960845,43.135221463865136,0.2894981306299674,62.10903522510459,1.4527277007417454,0.009749850340548627
demo_1121,150,0.0,0.007807094853340656,5.239660975396413e-05,51.86719069478175,0.34810195097168956,49.65801124093132,0.8519987119374024,0.005718112160653707
demo_1122,150,0.0,0.01755186837112595,0.00011779777430285874,39.01802312228248,0.2618659269951844,57.28604781015759,1.0087824356747224,0.006770351917280016
demo_1123,150,0.0,0.01073549861600908,7.205032628194014e-05,35.87245603213624,0.24075473847071302,38.04400601141936,0.7848600659182443,0.0052675172209278144
demo_1124,150,0.0,0.03750816555062525,0.0002517326547021829,47.70229112931852,0.32014960489475514,52.88334509244518,0.9109226937276712,0.006113575125689068
demo_1125,150,0.0,0.05071059493902813,0.0003403395633491821,55.45868106955393,0.3722059132184828,73.42634879980653,1.5886880826869363,0.01066233612541568
demo_1126,150,0.0,0.013928020565475735,9.347664809044117e-05,41.28204301681237,0.2770606913880025,67.99676687762681,1.1009374179741336,0.007388841731370024
demo_1127,150,0.0,0.012775566140813658,8.574205463633328e-05,48.53168131362819,0.325715981970659,72.80504166182439,1.1184093347243593,0.00750610291761315
demo_1128,150,0.0,0.02590394621666616,0.00017385198803131652,50.644146985329726,0.3398936039283874,123.00780304681226,2.521177057431,0.016920651392154363
demo_1129,150,0.0,0.012573214473810022,8.438398975711423e-05,32.3985107903795,0.2174396697340906,39.312795462636764,0.7944459692325815,0.005331852142500547
demo_113,150,0.0,0.022081651663283703,0.0001481990044515685,53.88870655755923,0.36166917152724315,179.3955471452689,2.265401449596538,0.015204036574473409
demo_1130,150,0.0,0.009183942500954856,6.16371979929856e-05,60.53224557797813,0.40625668173139684,43.20462015195622,0.8021260487706221,0.005383396300473974
demo_1131,150,0.0,0.040016587711584735,0.00026856770276231367,48.78911218926889,0.32744370596824757,116.18267216748988,2.3527602114308253,0.015790336989468627
demo_1132,150,0.0,0.037288966659947145,0.00025026152120769896,42.87389252419472,0.28774424512882363,70.46413172738652,1.1174911161124361,0.007499940376593531
demo_1133,150,0.0,0.008436948719639811,5.66238169103343e-05,47.351737770178296,0.3177968977864315,87.23179189597336,1.155547599791175,0.007755353018732718
demo_1134,150,0.0,0.10269132993049543,0.0006892035565805062,53.61714869971554,0.35984663556856067,80.4832198247783,1.1132347923067683,0.007471374445011868
demo_1135,150,0.0,0.23710149692018356,0.0015912852142294198,48.801186785038816,0.32752474352375044,63.25780653070164,1.393013131644025,0.009349081420429698
demo_1136,150,0.0,0.0032753012349812146,2.19818874830954e-05,37.43202972844672,0.25122167602984374,54.31729596586757,0.9627381156812882,0.006461329635444887
demo_1137,150,0.0,0.10413343606794506,0.0006988821212613762,46.98505935862147,0.3153359688498085,71.13834018277757,0.9685744712312152,0.0065004998069209076
demo_1138,150,0.0,0.07308248219317297,0.0004904864576723018,49.64085263469775,0.3331600847966292,140.36701499708843,3.8452961761156645,0.02580735688668231
demo_1139,150,0.0,0.037001041847091604,0.00024832913991336647,52.74789309287911,0.35401270532133633,62.82396108305161,1.1371302145779005,0.0076317464065630905
demo_114,150,0.0,0.017832629949652196,0.00011968208019900804,69.53736570113311,0.46669372953780613,176.0564011795445,2.261265665841438,0.015176279636519716
demo_1140,150,0.0,0.009178653399457058,6.160170066749703e-05,37.26794327475375,0.25012042466277684,62.902587223955834,1.0925743185688994,0.007332713547442278
demo_1141,150,0.0,0.005937600979268603,3.98496710018027e-05,52.56281221733277,0.35277055179417965,69.1553539322675,1.1598175223517961,0.007784010217126149
demo_1142,150,0.0,0.04953689442547531,0.00033246237869446517,41.740165136510484,0.28013533648664757,79.78717598409567,1.0372173713087507,0.006961190411468125
demo_1143,150,0.0,0.01650730589342212,0.00011078728787531624,35.421332162685815,0.23772706149453568,89.72864307589074,1.0454071636759634,0.0070161554609125066
demo_1144,150,0.0,0.03367555123077736,0.0002260104109448145,52.42974901872787,0.3518775101928045,70.31058333305859,1.3326497505119237,0.008943958057127005
demo_1145,150,0.0,0.08141238149125576,0.0005463918220889648,42.85501353668977,0.2876175405146964,70.32928954635763,1.115965174838738,0.00748969915999153
demo_1146,150,0.0,0.04572005832302676,0.0003068460290136024,39.19736495720719,0.2630695634711892,66.985632755041,1.1777004286812032,0.007904029722692638
demo_1147,150,0.0,0.045920676773148345,0.00030819246156475397,50.60359405487433,0.3396214366098948,49.75227213194619,1.0254933724706212,0.006882505855507525
demo_1148,150,0.0,0.11095881878347687,0.0007446900589495092,60.32695545869353,0.4048788956959298,81.21292202007066,1.7122515343395697,0.011491621035836038
demo_1149,150,0.0,0.09476192983524362,0.0006359861062768028,52.68372994292304,0.3535820801538459,130.5988376557527,2.1683141297935844,0.014552443824118017
demo_115,150,0.0,0.013359579272963983,8.966160585881867e-05,55.95269700693826,0.3755214564224044,155.11752318826225,1.9302269112259434,0.012954543028362036
demo_1150,150,0.0,0.19709928776524277,0.001322814011847267,51.41454942361889,0.34506409009140193,145.89499425355027,3.39835482395614,0.022807750496349935
demo_1151,150,0.0,0.004048497420939967,2.7171123630469575e-05,51.03787632328701,0.3425360827066242,74.78571217444618,1.022777555213184,0.0068642788940482145
demo_1152,150,0.0,0.2833855007017719,0.0019019161120924287,44.52573585613818,0.2988304419875046,72.56026342068404,0.9520380996937603,0.006389517447609129
demo_1153,150,0.0,0.20288122251177898,0.0013616189430320736,46.771227172954845,0.31390085350976404,52.70207910070447,0.6651122989395684,0.004463840932480325
demo_1154,150,0.0,0.005652709516482042,3.793764776162444e-05,42.35889288599924,0.2842878717181157,67.91073648394162,1.018628748146398,0.006836434551318107
demo_1155,150,0.0,0.008866653756539129,5.9507743332477376e-05,38.359733206093864,0.2574478738664018,63.180725162596225,0.9591747088465961,0.006437414153332859
demo_1156,150,0.0,0.09136688708127531,0.0006132005844380893,53.97644746590175,0.3622580366839044,69.0751125808894,1.101587547871312,0.00739320501927055
demo_1157,150,0.0,0.020310608351668147,0.00013631280772931643,48.891008662660965,0.3281275749171877,62.18981194254156,1.6399955790618534,0.011006681738670157
demo_1158,150,0.0,0.006622341860548274,4.4445247386230024e-05,44.518846023399455,0.2987842014993252,39.69222177479666,0.7356170520954831,0.004937027195271699
demo_1159,150,0.0,0.011577756163644268,7.770306150096824e-05,49.740269259741524,0.3338273104680639,105.68252671393773,1.8508263661364308,0.012421653464002891
demo_116,150,0.0,0.02411973236769661,0.00016187739844091684,57.45176625210903,0.3855823238396579,142.56237061926748,1.872335794963097,0.012566012046732194
demo_1160,150,0.0,0.06751212579616328,0.0004531015154104918,42.12693516504965,0.2827311084902661,81.21068548048187,1.2914528282170747,0.00866746864575218
demo_1161,150,0.0,0.018159739111431008,0.00012187744370087925,47.42214802567774,0.31826944983676336,82.35133099864767,1.298360429874208,0.008713828388417503
demo_1162,150,0.0,0.019388710986018205,0.0001301255770873705,46.39683689991805,0.31138816711354395,36.76592827249045,0.7915876565584998,0.0053126688359630865
demo_1163,150,0.0,0.033409705147452964,0.0002242262090433085,50.57887120055421,0.33945551141311553,69.67962632710528,1.2616313534474752,0.008467324519781712
demo_1164,150,0.0,0.11878968688793487,0.0007972462207243951,46.64088026212215,0.31302604202766543,59.07289076124484,1.3546268182350514,0.009091455155939942
demo_1165,150,0.0,0.1491017575336867,0.001000682936467696,46.69508773224886,0.31338985055200574,74.65293554623463,1.2670881301808774,0.008503947182421995
demo_1166,150,0.0,0.012761106262805187,8.564500847520259e-05,48.32318126419131,0.3243166527798075,82.69754261273947,1.628549937695928,0.010929865353663946
demo_1167,150,0.0,0.17484815774927678,0.0011734775687870925,50.07204988110854,0.33605402604770834,56.82190588522742,0.868369820789754,0.005827985374427879
demo_1168,150,0.0,0.12326077480164355,0.0008272535221586815,44.711648116580506,0.3000781752790638,40.202845658264565,0.5923230072111884,0.003975322196048244
demo_1169,150,0.0,0.0457250401175142,0.0003068794638759342,45.699194919855216,0.30670600617352495,47.79760931648106,0.7067560274951926,0.004743329043591897
demo_117,150,0.0,0.020260521785326276,0.00013597665627735757,60.34034458076081,0.4049687555755759,177.42504154328918,2.3319994597894795,0.015651003085835433
demo_1170,150,0.0,0.003927496183118738,2.63590347860318e-05,23.41199120643788,0.15712745776132805,27.754556232278425,0.6664650750356906,0.004472919966682487
demo_1171,150,0.0,0.05044983220338573,0.000338589477875072,62.57356239912508,0.4199567946250005,137.23352445351162,3.491685149362563,0.023434128519211832
demo_1172,150,0.0,0.04181585399935117,0.00028064331543188706,59.41279983533164,0.39874362305591704,103.2653587282623,2.0571633408212877,0.013806465374639514
demo_1173,150,0.0,0.053288346939756794,0.00035763991234736105,37.902919112752784,0.2543820074681395,86.3017091522499,1.1070680409897635,0.007429986852280292
demo_1174,150,0.0,0.19744284716881222,0.001325119779656458,26.581574791354754,0.17839983081446142,21.79964962261038,0.4924868807341184,0.0033052810787524726
demo_1175,150,0.0,0.053246801719184236,0.0003573610853636526,48.11197121413545,0.3228991356653386,70.10343448133217,1.0747792765015438,0.00721328373490969
demo_1176,150,0.0,0.010130499417115253,6.798992897392787e-05,43.15086555067033,0.28960312450114317,60.80210010096683,0.9352121754895272,0.006276591781808907
demo_1177,150,0.0,0.014743133213953074,9.894720277820856e-05,38.445110367095886,0.25802087494695225,38.769599757175335,0.7567461510397082,0.005078833228454417
demo_1178,150,0.0,0.19281964750808053,0.0012940915940139633,51.2140069545196,0.3437181674799973,97.59512893432134,1.6189294337106628,0.01086529821282324
demo_1179,150,0.0,0.08765260859061513,0.0005882725408766117,54.73265638651521,0.36733326433902824,83.11440935317002,2.1377774188532808,0.014347499455391146
demo_118,150,0.0,0.22189068887689686,0.0014891992542073614,45.758006684508125,0.3071007160034102,171.2414283996926,2.0991092872577983,0.014087981793676499
demo_1180,150,0.0,0.010347121144919905,6.944376607328795e-05,39.60378801336866,0.2657972349890514,32.496719389478585,0.6920080209608538,0.004644349133965462
demo_1181,150,0.0,0.030933890780807514,0.0002076100052403189,45.50726862221092,0.3054179102161807,64.38013405301477,1.2062249396455171,0.008095469393594075
demo_1182,150,0.0,0.014209791795883907,9.536773017371749e-05,48.483125542832006,0.32539010431430876,94.535096343234,1.4027451438434415,0.009414396938546588
demo_1183,150,0.0,0.14332157827353004,0.0009618897870706714,47.94193669153256,0.32175796437270177,62.98395851870695,0.9916072234672174,0.0066550820366927345
demo_1184,150,0.0,0.013622411106455037,9.142557789567139e-05,41.65171170977916,0.2795416893273769,78.18642807331534,1.1533592474087186,0.0077406660899914
demo_1185,150,0.0,0.10065370407128704,0.0006755282152435372,44.9254050108481,0.30151278530770537,81.55417363605203,1.049826195958922,0.007045813395697462
demo_1186,150,0.0,0.008103135957652538,5.438346280303717e-05,42.845709120271465,0.2875550947669226,54.47804839721654,0.8880553447372848,0.005960102984813992
demo_1187,150,0.0,0.014816287569721963,9.943817160887223e-05,50.23797233375743,0.33716759955541903,71.37489138762703,1.705181958986643,0.011444174221386867
demo_1188,150,0.0,0.3775589483825683,0.002533952673708512,40.68393792852272,0.27304656327867594,78.95682795339738,1.0429617068355839,0.0069997429988965364
demo_1189,150,0.0,0.006696167971775984,4.494072464279184e-05,36.61007870953812,0.24570522623851088,41.8987646120825,0.7921002600907132,0.005316109128125592
demo_119,150,0.0,0.021189385638467013,0.00014221064186890613,53.832009111405625,0.36128865175440017,164.92639096753757,1.8803486911540852,0.01261978987351735
demo_1190,150,0.0,0.029310584178741567,0.00019671533005866822,53.21627957207188,0.3571562387387375,85.03285062771059,1.1575197582051766,0.007768588981242796
demo_1191,150,0.0,0.11616339143949302,0.000779620076775121,52.8137531668326,0.3544547192404872,43.33271641245775,0.798386539673998,0.0053582989239865635
demo_1192,150,0.0,0.05975719606191908,0.0004010550071269737,41.6525632065928,0.27954740407109263,59.26982002601493,1.0333099671411976,0.006934966222424145
demo_1193,150,0.0,0.04168553070704468,0.0002797686624633871,43.35557104909572,0.2909769869066827,101.06740549282785,2.795226555084256,0.018759909765666147
demo_1194,150,0.0,0.00925882549543571,6.213976842574302e-05,41.46233947280709,0.2782707347168261,71.9532623746335,0.9036549273610488,0.006064798170208381
demo_1195,150,0.0,0.03195161633509475,0.00021444037808788426,33.938423771544265,0.22777465618486084,46.40049919783676,0.8700001034146644,0.005838926868554794
demo_1196,150,0.0,0.12008446837265997,0.0008059360293467112,46.88849662571064,0.3146878968168499,61.83053023593982,1.0109492200802546,0.006784894094498352
demo_1197,150,0.0,0.29093766583215264,0.0019526017841084069,50.80060352011177,0.340943647785985,50.436822432246565,0.7873983955303637,0.005284552990136669
demo_1198,150,0.0,0.005869530641080829,3.939282309450221e-05,49.49885737399623,0.33220709646977337,49.43551013178438,1.0374356136616754,0.006962655125246143
demo_1199,150,0.0,0.04684280983084268,0.0003143812740325012,52.2359601566521,0.35057691380303424,60.23954479925753,0.776620153525793,0.005212215795475121
demo_12,150,0.0,0.02730220586920195,0.00018323628100135536,63.13882497566238,0.42375050319236496,146.54897118786897,1.870168478727447,0.012551466300184208
demo_120,150,0.0,0.012349339109750614,8.288147053523902e-05,40.642575288939945,0.2727689616707379,153.5326637738917,1.9208904815799173,0.012891882426710854
demo_1200,150,0.0,0.118126979885634,0.0007927985227223758,54.48037183918273,0.36564007945760224,156.52131987564022,2.85134540486911,0.019136546341403424
demo_1201,150,0.0,0.20084552942844078,0.0013479565733452402,56.34253354109819,0.378137809000659,95.82536682318232,1.007311163970873,0.006760477610542772
demo_1202,150,0.0,0.09827601100340383,0.0006595705436470056,38.80404533683894,0.2604298344754291,90.31333535540338,1.4687519144537622,0.009857395399018538
demo_1203,150,0.0,0.014418610445217687,9.676919761891065e-05,44.13368921191639,0.2961992564558147,54.59135621597861,1.2639071422143027,0.00848259826989465
demo_1204,150,0.0,0.060142602498359544,0.00040364162750576875,56.24141874803292,0.37745918622840885,80.93459011004053,1.0751793361592767,0.007215968699055548
demo_1205,150,0.0,0.04962366817733099,0.00033304475286799327,57.71007859940294,0.38731596375438215,50.851821835847076,0.8405690665020513,0.00564140313088625
demo_1206,150,0.0,0.04471308545427124,0.00030008782184074654,46.78811803167203,0.31401421497766463,92.07898076688151,1.5754868271229256,0.010573737094784735
demo_1207,150,0.0,0.01976939510558514,0.0001326805040643298,63.576073489444816,0.42668505697613973,77.12678163909942,2.1338880404813794,0.014321396244841472
demo_1208,150,0.0,0.18382043381265975,0.001233694186662146,47.62780389162579,0.3196496905478241,123.60732954008976,1.7874279054360347,0.011996160439168018
demo_1209,150,0.0,0.008777022432714297,5.890619082358589e-05,40.170685582885916,0.26960191666366384,57.775025656376556,1.1882257927472348,0.007974669749981442
demo_121,150,0.0,0.049857704924742986,0.0003346154692935771,58.62843576614456,0.39347943467211116,163.2282119879993,1.9824653057598505,0.013305136280267452
demo_1210,150,0.0,0.05916919842418261,0.00039710871425625914,56.802092318074514,0.38122209609445984,118.08986254259668,1.6871691933836699,0.01132328317707161
demo_1211,150,0.0,0.12290780132063957,0.000824884572621742,51.205739032422215,0.34366267806994777,50.89996060881452,0.7149609776969794,0.00479839582346966
demo_1212,150,0.0,0.04898967577784975,0.0003287897703211393,50.459847896810366,0.3386566972940293,99.44561776935971,2.1377922130461533,0.014347598745276196
demo_1213,150,0.0,0.08215375424066525,0.0005513674781252702,51.796132051610044,0.3476250473262419,105.04287105322977,2.32092095822754,0.01557665072635933
demo_1214,150,0.0,0.010880994426615633,7.302680823231968e-05,47.91956986827249,0.32160785146491605,72.30059017574166,1.1199323952334037,0.007516324800224186
demo_1215,150,0.0,0.027887880801699905,0.0001871669852463081,40.14521503840551,0.2694309734121175,61.90502654788351,0.9651481442872832,0.006477504324075727
demo_1216,150,0.0,0.26949017415776017,0.0018086588869648333,47.737024155683564,0.3203827124542521,66.26693594344393,0.9917402655008049,0.0066559749362470125
demo_1217,150,0.0,0.0496469436252721,0.00033320096392800065,38.390848922928825,0.2576567041807304,42.26439896144672,0.6390868533331928,0.004289173512303308
demo_1218,150,0.0,0.044339934925949114,0.0002975834558788531,55.119826163945206,0.3699317192211088,103.46733720234204,1.7050786217615412,0.011443480682963364
demo_1219,150,0.0,0.07919513662277518,0.000531510984045471,51.49676732169327,0.3456158880650555,70.93743303652914,1.1312823721790723,0.007592499142141425
demo_122,150,0.0,0.015909597530417423,0.00010677582235179478,51.576948505156615,0.3461540168131316,146.89488458396926,1.9017142711837287,0.012763183028078716
demo_1220,150,0.0,0.01396162064260251,9.370215196377524e-05,39.03316423178079,0.2619675451797368,57.954969987361046,1.0154642406178263,0.0068151962457572235
demo_1221,150,0.0,0.054751155490722986,0.0003674574194008254,47.63718263069078,0.31971263510530723,100.72265505185452,2.098874478016209,0.014086405892726236
demo_1222,150,0.0,0.01588701006391526,0.00010662422861688093,47.324804141921724,0.3176161351806827,120.37087111195676,1.8834816105816405,0.012640816178400273
demo_1223,150,0.0,0.020048894807634852,0.00013455634099083795,54.29411916124532,0.3643900614848679,93.47285772062902,1.4814359701269924,0.009942523289442902
demo_1224,150,0.0,0.022174741486818576,0.0001488237683679099,28.86531692426046,0.19372695922322455,53.12218366842133,0.9612545038578231,0.006451372509112907
demo_1225,150,0.0,0.016187221062332686,0.00010863906753243413,36.96742574534068,0.2481035284922193,59.313121944833135,1.2174150670397679,0.008170570919729985
demo_1226,150,0.0,0.07447355712971875,0.0004998225310719379,47.001173666926924,0.31544411856997934,118.46547024248366,2.5169013601451247,0.0168919554372156
demo_1227,150,0.0,0.01126919388977555,7.563217375688289e-05,41.79687651435995,0.280515949760805,56.85043782440948,1.0980499556457144,0.007369462789568553
demo_1228,150,0.0,0.06120464194928996,0.00041076940905563735,43.8593566983565,0.29435809864668794,118.107528803772,1.4258275901213062,0.009569312685377893
demo_1229,150,0.0,0.037997520166773685,0.0002550169138709643,18.689223926206278,0.1254310330617871,33.32822502555593,0.5853616785093588,0.003928601869190328
demo_123,150,0.0,0.07172865081481211,0.00048140034103900746,52.11273799616247,0.349749919437332,199.3829699787622,2.5359161327658404,0.017019571360844567
demo_1230,150,0.0,0.0090557199535498,6.0776643983555706e-05,47.31279390176637,0.31753552954205616,120.67284114634094,1.5172871421219731,0.010183135182026666
demo_1231,150,0.0,0.004660985934247695,3.1281784793608694e-05,39.837130650407616,0.26736329295575584,89.18261820981728,1.3884495757751747,0.009318453528692448
demo_1232,150,0.0,0.17724402597356237,0.0011895572212990762,43.794490929494906,0.2939227579160732,82.21962747297758,2.2306500722401434,0.014970805853960694
demo_1233,150,0.0,0.048191212725708935,0.000323430957890664,38.41460822928928,0.2578161626126797,68.40466636786581,1.0969522588176615,0.007362095696762829
demo_1234,150,0.0,0.15620476011812362,0.0010483540947525075,60.2949028550283,0.40466377755052546,89.0393041568284,1.366525372674683,0.009171311226004585
demo_1235,150,0.0,0.014341780495045434,9.625356036943244e-05,51.567832959029346,0.34609283865120366,99.79915991327243,1.258536438116469,0.008446553275949457
demo_1236,150,0.0,0.004082656226249427,2.7400377357378704e-05,44.50772677549973,0.2987095756744948,57.95574124894902,1.0147026983231409,0.006810085223645241
demo_1237,150,0.0,0.051676839549171606,0.0003468244265045074,60.277076288726,0.4045441361659463,92.70532383001303,2.3496339041007577,0.01576935506107891
demo_1238,150,0.0,0.026228253919809652,0.0001760285497973802,51.21056856454686,0.34369509103722723,28.09618585937252,0.518753397767329,0.0034815664279686507
demo_1239,150,0.0,0.07173928120223949,0.0004814716859210704,56.12301120801423,0.3766645047517734,92.66685354503082,2.303677958824702,0.015460925898152362
demo_124,150,0.0,0.10410888863002922,0.0006987173733559008,51.89372777073142,0.34828005215255986,161.36910186930936,2.118345413368658,0.014217083311199048
demo_1240,150,0.0,0.008603381340595805,5.77408143664148e-05,51.39203807624834,0.3449130072231432,64.71963337271943,1.005025607867535,0.006745138307835806
demo_1241,150,0.0,0.1368310786971851,0.0009183293872294302,46.65621476286288,0.31312895814001934,107.12478253022246,1.5536356472788295,0.01042708488106597
demo_1242,150,0.0,0.017194100045500996,0.00011539664460067783,67.435960679998,0.4525903401342148,129.7005992204148,2.10978718924071,0.014159645565373894
demo_1243,150,0.0,0.006914547366730965,4.640635816597963e-05,36.94635297636202,0.24796210051249679,33.59414404857849,0.7599845073658779,0.005100567163529381
demo_1244,150,0.0,0.280132690075534,0.0018800851682921743,52.79653130648829,0.3543391362851563,122.67407188927622,1.7404615751813755,0.01168095016900252
demo_1245,150,0.0,0.013823608690541632,9.277589725195727e-05,43.26465258316307,0.29036679586015485,77.49929037768929,1.169914174081224,0.0078517729804109
demo_1246,150,0.0,0.14427721132926152,0.0009683034317400102,44.690630662108326,0.29993711853763977,74.33145573434116,1.3080236980510145,0.00877868253725513
demo_1247,150,0.0,0.02033929850641948,0.00013650535910348646,51.14278243756087,0.34324015058765683,67.3865485238217,1.2875082881656086,0.008640995222587978
demo_1248,150,0.0,0.05151939068225497,0.0003457677226996978,49.282857566796714,0.33075743333420615,51.297621500692664,0.9804331591685818,0.006580088316567663
demo_1249,150,0.0,0.07057659952303556,0.0004736684531747353,51.56720438548494,0.3460886200368117,89.28568659636298,1.2758309381749717,0.00856262374614075
demo_125,150,0.0,0.05234332275972974,0.00035129746818610564,46.80585937551452,0.31413328439942634,153.62985438484338,2.250230318061492,0.015102216899741557
demo_1250,150,0.0,0.04231179303618593,0.0002839717653435297,49.830296272392346,0.33443151860666004,116.39055722063782,2.582382042957869,0.017331423107099793
demo_1251,150,0.0,0.017552258303844468,0.00011780039130096959,48.56365891370083,0.32593059673624714,78.37006427729818,1.4320454636007727,0.009611043379870957
demo_1252,150,0.0,0.08389095851932904,0.0005630265672438191,41.32221559760329,0.2773303060241831,80.14861176563286,0.9682443671974761,0.006498284343607222
demo_1253,150,0.0,0.03283761092947449,0.00022038665053338583,55.70630284592804,0.37386780433508754,100.62306033017745,2.1142025132860445,0.014189278612658016
demo_1254,150,0.0,0.062238934615730865,0.0004177109705753749,50.982479432285864,0.34216429149185146,62.655976935838915,1.1666432688950985,0.007829820596611399
demo_1255,150,0.0,0.009856794142200245,6.615298082013587e-05,38.4964778894822,0.2583656234193436,47.21404721248795,0.8884038527495958,0.005962441964762388
demo_1256,150,0.0,0.11529044297769908,0.0007737613622664368,60.88302067591108,0.4086108770195374,128.06109456766717,1.7850681012261935,0.011980322827021434
demo_1257,150,0.0,0.01403365521572023,9.418560547463242e-05,29.72126583974611,0.199471582817088,38.180655982025016,0.6310375211764795,0.004235151148835433
demo_1258,150,0.0,0.027044680342430363,0.0001815079217612776,56.08185134425128,0.3763882640553777,157.53831024251605,2.592871490984429,0.017401822087143817
demo_1259,150,0.0,0.028684936060540286,0.00019251634939959923,56.86986828649913,0.381676968365766,153.95314958220717,1.723532021828666,0.011567329005561518
demo_126,150,0.0,0.054370130519649694,0.0003649002048298637,59.18891476031844,0.39724103865985533,178.91824870201808,2.1008517702279637,0.014099676310254789
demo_1260,150,0.0,0.06575074819522653,0.00044128018922970824,57.01818479832166,0.3826723811967897,80.57318342156363,1.1700680267282686,0.00785280554851187
demo_1261,150,0.0,0.007579686349230945,5.087037818275802e-05,45.51256300535842,0.3054534429889827,78.07600689548553,1.1593038802790865,0.007780562954893198
demo_1262,150,0.0,0.18327181786976662,0.0012300122004682325,60.460306235801646,0.4057738673543735,110.6524339974256,1.6534886440683736,0.011097239221935394
demo_1263,150,0.0,0.02116479588879794,0.0001420456099919325,54.55783582302236,0.366159971966593,151.66131962162734,1.9925655358745984,0.013372923059561063
demo_1264,150,0.0,0.08207010678136256,0.0005508060857809568,46.48603558069058,0.31198681597778916,152.67540030860783,2.18445890550845,0.014660798023546643
demo_1265,150,0.0,0.002892507368361067,1.9412801129940046e-05,29.642284773230173,0.19894150854516895,33.29534881084722,0.6812573021049112,0.004572196658422223
demo_1266,150,0.0,0.022633365032061117,0.0001519017787386652,54.17256459695236,0.3635742590399487,78.64167174115377,1.1480406410910087,0.007704970745577239
demo_1267,150,0.0,0.008582581710222833,5.7601219531696864e-05,48.229548425917166,0.3236882444692427,82.26891491720251,1.8705846027509965,0.012554259078865749
demo_1268,150,0.0,0.054606659436718295,0.00036648764722629727,46.344834866562515,0.31103916017827193,78.55149525641804,1.1693775428700317,0.007848171428657931
demo_1269,150,0.0,0.048835590607820056,0.00032775564166322185,53.8456121825763,0.36137994753406916,84.36045592784937,1.1933526260990408,0.00800907802751034
demo_127,150,0.0,0.09937041314966875,0.0006669155244944212,63.81100467654297,0.4282617763526374,186.0146018733674,2.6294112582256224,0.017647055424333036
demo_1270,150,0.0,0.0030234597300059407,2.0291676040308328e-05,41.09500930950956,0.2758054316074467,33.065477712837996,0.634342595776293,0.004257332857559013
demo_1271,150,0.0,0.010321062767668882,6.926887763536163e-05,46.35405404255944,0.3111010338426808,97.03244897600752,1.2526673303598261,0.008407163291005545
demo_1272,150,0.0,0.06044703673609894,0.0004056848103093889,52.7662110628093,0.35413564471684095,41.578424294148256,0.7723525863532312,0.0051835744050552435
demo_1273,150,0.0,0.04505892406276622,0.0003024088863272901,51.00670132495351,0.3423268545298893,91.78731374292092,1.638728146449868,0.010998175479529314
demo_1274,150,0.0,0.003887687094991453,2.6091859697929214e-05,24.76204303992695,0.1661882083216574,25.376447403266287,0.48201619126109446,0.0032350079950409024
demo_1275,150,0.0,0.055104940671730544,0.0003698318165887956,38.5021000942509,0.25840335633725436,49.432733502020525,0.960405464027261,0.0064456742552165165
demo_1276,150,0.0,0.011801139555577014,7.920227889649003e-05,45.43081916568028,0.30490482661530394,61.25447554961437,2.18425710480688,0.014659443656422015
demo_1277,150,0.0,0.0026369758416520967,1.76978244406181e-05,40.653554738163244,0.27284264924941776,43.72629566084839,0.867268046200394,0.005820590914096604
demo_1278,150,0.0,0.010470401617690788,7.027115179658247e-05,37.306838992422506,0.25038146974780207,54.76345321285516,1.3303106192438499,0.00892825918955604
demo_1279,150,0.0,0.019875388042106035,0.00013339186605440293,47.29990370856379,0.3174490181782805,89.84336648400127,1.6704978367200214,0.011211394877315579
demo_128,150,0.0,0.11098240933196604,0.0007448483847782956,51.233426582869285,0.3438485005561697,135.47647399615687,1.885840997920523,0.012656650992755189
demo_1280,150,0.0,0.04042321864454681,0.00027129676942648864,56.177608361541026,0.3770309286009465,100.14393348349688,1.832913719108503,0.012301434356432906
demo_1281,150,0.0,0.003076174757654559,2.0645468172178247e-05,47.757252620130096,0.3205184739606047,78.51748484890147,1.0990171870650918,0.007375954275604643
demo_1282,150,0.0,0.022493305607842934,0.0001509617826029727,43.84515658162934,0.2942627958498613,42.68905855158035,0.919280282199419,0.006169666323486034
demo_1283,150,0.0,0.04456143086930202,0.00029907000583424175,34.80271157975962,0.23357524550174238,64.91818295288397,0.9426143428136905,0.006326270757138862
demo_1284,150,0.0,0.008251496592105624,5.537917175909815e-05,55.93208382803585,0.3753831129398379,84.32118200531222,1.6454274296164122,0.011043137111519545
demo_1285,150,0.0,0.08233893992772924,0.0005526103350854311,46.979330549636785,0.315297520467361,79.25162615045812,1.2007858685045711,0.008058965560433364
demo_1286,150,0.0,0.03723198516590148,0.0002498790950731643,39.538861620182026,0.26536148738377197,39.94911400911898,0.7109381327215344,0.004771396863902915
demo_1287,150,0.0,0.010808792429817814,7.254223107260278e-05,41.79958912286808,0.28053415518703406,69.74643651324642,1.0196926654820437,0.006843574936121099
demo_1288,150,0.0,0.19271008611039844,0.0012933562826201238,52.29265281700083,0.3509574014563814,97.83158049681693,1.4584365118238642,0.009788164508884995
demo_1289,150,0.0,0.003078358564259847,2.0660124592347966e-05,45.84738002170685,0.3077005370584352,54.46261365287449,0.7790228702559178,0.005228341411113542
demo_129,150,0.0,0.047828770252851635,0.00032099845807282974,51.50539886896008,0.34567381791248375,189.30707133972356,2.2848097341583085,0.015334293517840996
demo_1290,150,0.0,0.033007136224073315,0.00022152440418841152,51.50060696202919,0.3456416574632831,129.35877734699787,1.764106218453564,0.01183963905002392
demo_1291,150,0.0,0.006429595321288461,4.315164645160041e-05,25.250381535796038,0.16946564789124857,23.18788144900949,0.5141742832836195,0.0034508341159974463
demo_1292,150,0.0,0.08844578012805261,0.000593595839785588,52.90133482038219,0.35504251557303484,101.43135469633889,1.757669495280779,0.011796439565642813
demo_1293,150,0.0,0.0568256252153123,0.00038138003500209596,52.73179644034581,0.3539046740962806,66.96754277978965,1.2395308564592686,0.008318999036639387
demo_1294,150,0.0,0.012919506414576797,8.670809674212616e-05,38.92657801449728,0.26125220143957906,89.85427282675056,1.1295043524096882,0.007580566123554954
demo_1295,150,0.0,0.03075550572144591,0.00020641279007681818,42.191059381006816,0.28316147235575045,57.58214990943644,0.9097940801188519,0.006106000537710416
demo_1296,150,0.0,0.1111359570663698,0.0007458789064857034,48.308801135287844,0.3242201418475694,140.09395216682768,2.0896664007043126,0.014024606716136326
demo_1297,150,0.0,0.030630985128240005,0.00020557708139758393,51.780224849366604,0.34751828757964165,99.97222689239355,1.6537210866820071,0.011098799239476558
demo_1298,150,0.0,0.0022284983971433982,1.4956365081499317e-05,44.484107987911464,0.29855106032155343,67.82654044203558,1.3957467797356884,0.009367428051917372
demo_1299,150,0.0,0.004628527012420174,3.106393968067231e-05,31.20524078047578,0.2094311461776898,42.51005204278265,0.6906807084145676,0.004635440996070924
demo_13,150,0.0,0.04697116614655739,0.00031524272581582143,51.14614024467605,0.3432626862058795,154.80659302039982,1.9424252496714205,0.013036411071620272
demo_130,150,0.0,0.14085612355641983,0.0009453431111169115,51.22227245484558,0.34377364063654753,163.83990885817516,1.913821659146727,0.012844440665414274
demo_1300,150,0.0,0.10820224682580622,0.0007261895760121222,43.94601484851831,0.29493969696992156,120.7165360912323,1.7435398520840601,0.011701609745530604
demo_1301,150,0.0,0.1607142193800166,0.0010786189220135343,43.474578979012776,0.2917756978457233,89.07633535325107,1.5123538787766728,0.010150026032058206
demo_1302,150,0.0,0.0404378967075993,0.0002713952799167738,43.98898330311244,0.29522807585981503,63.33091861646716,0.8815745155023591,0.005916607486593014
demo_1303,150,0.0,0.1551539167459306,0.0010413014546706751,44.563025682999765,0.29908070928187763,73.75142408825135,1.1538670238715367,0.007744073985715012
demo_1304,150,0.0,0.029035059823870616,0.00019486617331456788,55.33290346601727,0.37136176822830386,120.057259682725,2.2503543740243623,0.015103049490096391
demo_1305,150,0.0,0.027287901212616362,0.0001831402765947407,56.506079864305995,0.3792354353309127,43.97724861438957,0.984016563373902,0.006604138009220818
demo_1306,150,0.0,0.007409078649517291,4.972536006387444e-05,49.374744925452525,0.3313741270164599,74.25039164817622,1.0874056863325614,0.00729802474048699
demo_1307,150,0.0,0.0054074349811303254,3.6291509940471985e-05,27.66882992833742,0.185696845156627,36.20017983407699,0.6531173406921135,0.0043833378569940505
demo_1308,150,0.0,0.0781947345180624,0.0005247968759601503,47.035888865641624,0.31567710648081626,119.84767511102557,1.6524606185782864,0.011090339722001923
demo_1309,150,0.0,0.0055013670912229095,3.692192678673094e-05,39.500854242946836,0.2651064043150794,57.45219434351821,0.8206998920859777,0.005508052967019984
demo_131,150,0.0,0.009355826296660751,6.279078051450169e-05,66.9211068399045,0.44913494523425834,181.85473378940884,2.3662171718703995,0.015880652160204022
demo_1310,150,0.0,0.04701451247045738,0.0003155336407413247,53.992660358367345,0.36236684804273384,107.41016099522132,1.72941196455079,0.011606791708394563
demo_1311,150,0.0,0.028611873831736568,0.00019202599887071522,61.08721130682534,0.4099812839384251,88.51651837330195,1.9553948256275775,0.013123455205554212
demo_1312,150,0.0,0.029376921152582815,0.00019716054464820681,51.72564871072329,0.347152004769955,81.48026018693281,1.4706827513535017,0.009870354035929542
demo_1313,150,0.0,0.014306073985405371,9.601391936513672e-05,47.33539351332444,0.31768720478741236,50.42674159160751,0.9741429865775766,0.006537872393138098
demo_1314,150,0.0,0.012576663861203244,8.440714000807547e-05,47.69000408738981,0.3200671415261061,102.4054251882672,1.505070648927024,0.010101145294812241
demo_1315,150,0.0,0.01732835175675083,0.00011629766279698544,26.091104280710024,0.17510808242087264,31.838457162325646,0.653885455247456,0.00438849298823796
demo_1316,150,0.0,0.014133533311519241,9.48559282652298e-05,44.050875175444716,0.2956434575533202,89.49304733776714,1.2676551930690456,0.008507752973617756
demo_1317,150,0.0,0.01064651807847563,7.145314146627939e-05,39.145018042429896,0.26271824189550264,79.71004225770174,1.1946087929857059,0.008017508677756415
demo_1318,150,0.0,0.04660660048085463,0.0003127959763815747,35.840220083111035,0.24053838981953715,49.24365095183489,0.846692369114054,0.005682499121570832
demo_1319,150,0.0,0.022754555872422408,0.00015271514008337187,49.86328484901819,0.3346529184497865,101.36204748950846,1.2922264131069143,0.008672660490650432
demo_132,150,0.0,0.0477324668926855,0.000320352126796547,52.24003187706336,0.3506042407856601,183.94151241309402,2.2474145176954607,0.01508331891070779
demo_1320,150,0.0,0.015143207400912356,0.00010163226443565339,47.50178183169723,0.31880390491071964,70.16283876208337,1.1753049649305205,0.007887952784768594
demo_1321,150,0.0,0.017862956203821546,0.00011988561210618487,35.93020497091128,0.2411423152410153,50.43750516627497,0.8338432606369179,0.005596263494207503
demo_1322,150,0.0,0.014792281132481143,9.927705458041036e-05,38.930419173395855,0.2612779810295024,48.12738171765082,0.8537595890471841,0.00572993012783345
demo_1323,150,0.0,0.01153831521811111,7.743835716853093e-05,32.05256249986244,0.21511786912659356,52.94175062133837,0.9959451198591739,0.006684195435296469
demo_1324,150,0.0,0.015296349985924815,0.00010266006701962963,56.157567143027414,0.37689642377870747,58.59928056211161,1.442632953003372,0.009682100355727329
demo_1325,150,0.0,0.3058660913819674,0.0020527925596105197,52.94294080753822,0.35532175038616254,121.14575780387113,2.0582514460537156,0.013813768094320238
demo_1326,150,0.0,0.08282559109210992,0.0005558764502826169,57.05557650297142,0.38292333223470754,114.05768183004203,2.3455968932524307,0.015742261028539803
demo_1327,150,0.0,0.054843424302541785,0.0003680766731714214,53.01030311418242,0.35577384640390886,100.86799291724336,1.9095177282969336,0.012815555223469353
demo_1328,150,0.0,0.054771409380674554,0.00036759335154815136,40.86622338827637,0.27426995562601586,126.69102747764838,2.5627544652860044,0.017199694397892647
demo_1329,150,0.0,0.008170291644441847,5.4834172110347964e-05,41.0803497938782,0.275707045596498,97.6074587730797,1.2174504393346237,0.008170808317682039
demo_133,150,0.0,0.024663918194771664,0.00016552965231390377,44.468802497008895,0.29844833890609995,181.91458320023062,2.3262294638427097,0.015612278280823556
demo_1330,150,0.0,0.005174758470627839,3.4729922621663346e-05,40.72405996452632,0.2733158386880961,66.66344626996448,0.9645105090694882,0.006473224893083813
demo_1331,150,0.0,0.27492230349662794,0.001845116130849852,41.85331588747613,0.2808947374998398,93.7741178455471,1.8942625258179022,0.012713171314214108
demo_1332,150,0.0,0.2729864277334392,0.0018321236760633502,50.50903460071085,0.33898680940074394,140.83400883331626,2.4212243856881948,0.016249828091867077
demo_1333,150,0.0,0.11944369976945463,0.0008016355689225142,57.66076329340391,0.38698498854633495,89.87218619156694,2.3251648562547373,0.015605133263454612
demo_1334,150,0.0,0.2302827402761171,0.0015455217468195778,58.05577642910459,0.38963608341680933,125.47124787526124,2.083109597816673,0.013980601327628678
demo_1335,150,0.0,0.04447217148286565,0.0002984709495494339,46.19637806884691,0.3100428058311873,66.94517228828975,1.0874055682479262,0.007298023947972659
demo_1336,150,0.0,0.008497022032134168,5.7026993504256165e-05,43.1235910661674,0.2894200742695799,81.45262891831963,1.0625926005931858,0.007131493963712657
demo_1337,150,0.0,0.08416567969653121,0.0005648703335337666,59.15368931934887,0.39700462630435485,74.86580853382773,1.4018103331110998,0.009408123041014092
demo_1338,150,0.0,0.08219140164963802,0.0005516201452995841,35.997281178880854,0.24159249113342854,78.18566947782274,1.2254817232025532,0.008224709551694988
demo_1339,150,0.0,0.1068657799530767,0.0007172199996850785,51.97601367243771,0.3488323065264276,144.69182301750692,3.0408326047090517,0.02040827251482585
demo_134,150,0.0,0.06245327011614421,0.0004191494638667397,46.30020827072426,0.3107396528236528,149.30786731221986,1.9388779785495749,0.013012603882883052
demo_1340,150,0.0,0.007815674543247166,5.245419156541722e-05,36.33330721785236,0.24384769944867354,51.42947369369666,0.8484758857064523,0.005694469031586928
demo_1341,150,0.0,0.12288053038908703,0.0008247015462354834,53.71361345925331,0.3604940500621027,77.24547728455596,1.1180599907495588,0.007503758327178246
demo_1342,150,0.0,0.04889974411453093,0.0003281862021109458,44.4610755378881,0.2983964801200544,81.81750435020095,1.24059241121566,0.008326123565205772
demo_1343,150,0.0,0.017614754710173913,0.00011821983026962358,50.12957911444966,0.33644012828489706,86.37632182045262,1.2547136488627337,0.008420896972233112
demo_1344,150,0.0,0.015294664176902638,0.00010264875286511838,56.66610992492494,0.3803094625833888,64.29762570715758,0.9148041549969385,0.006139625201321735
demo_1345,150,0.0,0.0062082822040190324,4.1666323516906255e-05,30.00596524884315,0.20138231710632987,41.72055450822171,0.7166212526013908,0.004809538608063026
demo_1346,150,0.0,0.01767798292506082,0.00011864418070510619,47.019989009403226,0.31557039603626325,69.11093137909715,1.0903745697103715,0.007317950132284373
demo_1347,150,0.0,0.01420476022356705,9.533396123199362e-05,32.332650061794425,0.2169976514214391,61.31092993536533,0.871059185922419,0.00584603480484845
demo_1348,150,0.0,0.06878337666474624,0.00046163340043453853,56.55431583144609,0.3795591666540006,109.79608573360669,1.984207958620276,0.013316831937048832
demo_1349,150,0.0,0.07747747799419098,0.0005199830737865166,71.01192510899092,0.47659010140262364,80.20312890478857,1.3534953676410921,0.009083861527792565
demo_135,150,0.0,0.011877351191979711,7.971376638912558e-05,74.26723259247314,0.4984378026340479,166.5057485413907,2.1972236834855208,0.014746467674399468
demo_1350,150,0.0,0.1463407795703276,0.0009821528830223328,54.445104514324335,0.36540338600217676,110.63778405115023,1.3296986819899734,0.008924152228120628
demo_1351,150,0.0,0.08588768761423654,0.0005764274336525942,51.94937509853265,0.3486535241512258,111.27128710775301,1.60604472331809,0.010778823646430133
demo_1352,150,0.0,0.07659492377967833,0.0005140598911387807,56.79722125500363,0.3811894043959975,84.69714901038274,1.3018394842758239,0.00873717774681761
demo_1353,150,0.0,0.07035421740306974,0.00047217595572530025,25.396715687638693,0.17044775629287715,24.403232282915184,0.5794765716898674,0.0038891045079856874
demo_1354,150,0.0,0.010274981630587805,6.895960825897856e-05,39.1716747461135,0.2628971459470705,83.72871171176455,1.1714985051785227,0.007862406075023642
demo_1355,150,0.0,0.0622341380582225,0.00041767877891424495,42.347201642767395,0.2842094069984389,69.014148127729,1.6360078719453317,0.010979918603659945
demo_1356,150,0.0,0.06694237114316426,0.00044927765867895474,46.63454209550668,0.3129835039966891,81.46510562290528,1.104994912329234,0.007416073237108953
demo_1357,150,0.0,0.13941502557105895,0.0009356713125574426,52.56291899383903,0.35277126841502704,139.46708660833897,1.7466767191467374,0.011722662544608976
demo_1358,150,0.0,0.0067598383953313195,4.536804292168671e-05,30.801406044029672,0.20672084593308504,56.39034956601346,1.0649359459350243,0.007147221113657881
demo_1359,150,0.0,0.08961617642321179,0.0006014508484779315,56.02478141549747,0.3760052443993119,76.05076490800786,1.1073464261768222,0.007431855209240418
demo_136,150,0.0,0.03379413229397685,0.00022680625700655603,59.16066258890128,0.3970514267711495,178.5860371356381,2.0014325978309566,0.013432433542489642
demo_1360,150,0.0,0.012690475995970757,8.517097983872991e-05,44.082566196100245,0.29585614896711576,66.11724495511044,0.9008082369136406,0.006045692865192219
demo_1361,150,0.0,0.016442441685536855,0.00011035195762105271,56.04412253765569,0.3761350505882932,103.55700068706835,2.6980552859786435,0.018107753597172104
demo_1362,150,0.0,0.02315637562461517,0.00015541191694372597,49.742360123063996,0.33384134310781205,81.63519608468847,1.3388933624469699,0.008985861492932684
demo_1363,150,0.0,0.14459389087728478,0.000970428797834126,43.75615979135033,0.29366550195537133,62.43269171619773,0.9885866879664407,0.006634809986351951
demo_1364,150,0.0,0.013725451688375297,9.211712542533757e-05,41.25813310655072,0.2769002221916156,86.53490901438613,1.2615120735454934,0.008466523983526802
demo_1365,150,0.0,0.027460450354182372,0.0001842983245247139,49.41981495090878,0.33167661040878377,78.61767494533015,1.227941212051756,0.00824121618826682
demo_1366,150,0.0,0.07629571278734669,0.0005120517636734677,50.452733934236655,0.3386089525787695,79.4077914634879,1.357005489133564,0.009107419390158147
demo_1367,150,0.0,0.03867905647674249,0.00025959098306538585,41.77884169630044,0.28039491071342576,77.21823300312764,0.993566056682498,0.006668228568338912
demo_1368,150,0.0,0.09074430369630446,0.0006090221724584192,54.274608918879395,0.36425912026093554,105.30914345806009,1.9797249106372632,0.013286744366693042
demo_1369,150,0.0,0.048367053340090976,0.0003246110962422213,43.331336508065796,0.29081433898030734,116.95900061284226,1.58529208574405,0.010639544199624497
demo_137,150,0.0,0.03151247753810147,0.00021149313783960718,57.861117796728514,0.38832964964247324,172.5742192070763,2.067500875916112,0.013875844804806121
demo_1370,150,0.0,0.059951116721280416,0.0004023564880622847,59.70346355906087,0.40069438630242193,56.08261692269236,1.710789834625142,0.011481810970638537
demo_1371,150,0.0,0.05101654309491392,0.00034239290667727467,47.16277681447291,0.31652870345283834,63.684084197393595,1.0796330834039856,0.007245859620160977
demo_1372,150,0.0,0.052227777313251844,0.00035052199539095197,43.74096504246457,0.29356352377493,88.95257070394902,1.1704617733922893,0.007855448143572412
demo_1373,150,0.0,0.023911304169224212,0.00016047855147130344,55.49343881019084,0.37243918664557607,78.80306645733418,1.4940409496740115,0.010027120467610815
demo_1374,150,0.0,0.18050766951368202,0.0012114608692193425,52.24546370307996,0.35064069599382525,52.41947230190998,0.8777894972576381,0.005891204679581464
demo_1375,150,0.0,0.028583160830991876,0.0001918332941677307,53.26836533516399,0.3575058076185503,168.93344704179697,2.3245302699864876,0.015600874295211327
demo_1376,150,0.0,0.05602381827364261,0.00037599878036001755,58.233189324210834,0.39082677398799215,99.53347077110834,1.9049060985882431,0.012784604688511699
demo_1377,150,0.0,0.016356643126897063,0.00010977612836843666,58.206319963878435,0.3906464427105935,95.68771184287438,1.3046465168872172,0.008756016891860518
demo_1378,150,0.0,0.1936863200604467,0.0012999081883251456,40.26755763883969,0.27025206469019925,82.2240585906116,1.0688848904331187,0.007173724096866569
demo_1379,150,0.0,0.009948563219946489,6.67688806707818e-05,55.019281276736145,0.3692569213203768,85.85213733955703,1.427667102231577,0.009581658404238773
demo_138,150,0.0,0.009966811093024499,6.689134961761408e-05,60.39147587466234,0.4053119186218949,180.34416298756705,2.2232297041399516,0.014921004725771488
demo_1380,150,0.0,0.059328232813439845,0.000398176059150603,53.98020300301242,0.3622832416309558,81.56177494994611,1.0392060432327899,0.00697453720290463
demo_1381,150,0.0,0.04859475787496771,0.0003261393145970987,46.121333877418834,0.3095391535397237,48.970988188569066,1.1700301103220645,0.00785255107598701
demo_1382,150,0.0,0.005629184033704645,3.777975861546741e-05,27.348146822438167,0.18354460954656487,55.88676123594043,0.7477606591229221,0.005018527913576659
demo_1383,150,0.0,0.04411197719828588,0.0002960535382435294,54.54102242352787,0.36604713035924746,94.27473015265723,1.5549239319732902,0.010435731087069062
demo_1384,150,0.0,0.009703784020112271,6.512606724907565e-05,41.76950809882162,0.2803322691196082,76.83658053554025,1.148038733608056,0.007704957943678228
demo_1385,150,0.0,0.013132522776400432,8.813773675436532e-05,45.84944903350702,0.3077144230436713,76.90455632065812,1.0935689421520522,0.0073393888735037065
demo_1386,150,0.0,0.030142618705325815,0.00020229945439815983,42.966532112269974,0.288365987330671,98.62008179509404,1.3336150903747426,0.008950436848152634
demo_1387,150,0.0,0.02906847127402816,0.00019509041123508833,44.59850314178881,0.2993188130321397,82.4327606013652,1.0811782526243048,0.007256229883384596
demo_1388,150,0.0,0.01189388971750313,7.982476320471899e-05,40.335079357744284,0.2707052305888878,68.91601946350171,1.2277288051968518,0.008239790638905045
demo_1389,150,0.0,0.008911207912128105,5.980676451092688e-05,42.990928454534256,0.2885297211713708,79.59925172183588,0.9280697882297916,0.006228656296844238
demo_139,150,0.0,0.017537414605181982,0.00011770076916229518,52.536124884772,0.35259144217967786,145.49101526682352,1.7724117573753122,0.011895380921981962
demo_1390,150,0.0,0.003822475125763135,2.5654195474920368e-05,49.41113319249771,0.33161834357381015,84.32420553606381,1.1652667855688004,0.007820582453481882
demo_1391,150,0.0,0.025792647331281428,0.00017310501564618409,40.035361764578155,0.2686937031179742,52.812720314025704,0.9733603654986791,0.006532619902675699
demo_1392,150,0.0,0.01908280391642765,0.00012807250950622585,61.066251109764636,0.40984061147493045,79.23282275429311,2.2200852263131337,0.014899900847739152
demo_1393,150,0.0,0.031596554665119694,0.00021205741385986373,49.73311746682516,0.333779311857887,50.49337162031802,0.8649948015210738,0.005805334238396468
demo_1394,150,0.0,0.29540489955194843,0.0019825832184694526,29.764373865882327,0.19976089842874045,38.98645430670442,0.6583707329294727,0.004418595523016595
demo_1395,150,0.0,0.06034003995147041,0.00040496671108369403,57.57099243175371,0.3863824995419712,107.04053442299274,2.0328354211364026,0.013643190745881897
demo_1396,150,0.0,0.18047637913720813,0.001211250866692672,59.661239980295946,0.4004110065791674,120.82334041819583,2.304531555804944,0.015466654736945935
demo_1397,150,0.0,0.12482592397413614,0.0008377578790210479,46.126077531102155,0.3095709901416252,107.38975993467038,2.662900526010451,0.017871815610808396
demo_1398,150,0.0,0.18122079998050886,0.0012162469797349588,48.51377938253695,0.3255958347821272,67.2966420307047,1.212865716012506,0.008140038362500041
demo_1399,150,0.0,0.06104382158138568,0.0004096900777274207,58.812670118318515,0.3947159068343524,112.77551441484466,1.412708816469878,0.009481267224630054
demo_14,150,0.0,0.022902321897095037,0.00015370685836976536,50.03793277655226,0.3358250521916259,162.68272988305236,1.9841712785242769,0.013316585761907898
demo_140,150,0.0,0.016967630467375754,0.000113876714546146,52.07174059947836,0.3494747691240158,165.88954289393425,2.0726679026749117,0.013910522836744373
demo_1400,150,0.0,0.23751746513598848,0.0015940769472213992,44.785356763248195,0.3005728641828738,78.72409742630305,2.2733904455517133,0.015257653996991364
demo_1401,150,0.0,0.03494111073100442,0.0002345040988658015,49.143989189628094,0.32982543080287313,53.62941789392257,1.022997489137841,0.006865754960656651
demo_1402,150,0.0,0.024981512203482405,0.00016766115572806984,43.096110327600286,0.28923563978255223,58.55831942945194,1.1752894338527744,0.007887848549347478
demo_1403,150,0.0,0.0019307838224853096,1.295828068782087e-05,50.33387571636092,0.33781124641852966,86.96976409703798,1.4884193681118236,0.009989391732294118
demo_1404,150,0.0,0.016249524487509444,0.00010905721132556674,37.617684792540736,0.2524676831714143,45.896253304176895,0.8221907691436131,0.00551805885331284
demo_1405,150,0.0,0.010565492120460178,7.090934309033676e-05,40.45739239090228,0.27152612342887433,59.48679398991351,0.9339522542212545,0.006268135934370835
demo_1406,150,0.0,0.2408314786685967,0.0016163186487825282,22.68240969511414,0.1522309375511016,39.607268571807936,0.6242038897213309,0.004189287850478731
demo_1407,150,0.0,0.0029274947122200174,1.964761551825515e-05,38.99737365904831,0.2617273399936128,79.53301887258567,0.9142106380595765,0.006135641866171654
demo_1408,150,0.0,0.017140158544397724,0.00011503462110334043,53.7212900385446,0.36054557072848725,57.79133790579834,1.3744119628102993,0.009224241361142948
demo_1409,150,0.0,0.026287260453288264,0.00017642456680059239,49.656820954533735,0.33326725472841434,100.41292919793646,2.303310673350234,0.015458460894968013
demo_141,150,0.0,0.04620883484328599,0.00031012640834420126,51.54016955159994,0.3459071781986573,176.32262748686892,2.2733792019084818,0.015257578536298536
demo_1410,150,0.0,0.008438802834368393,5.6636260633344914e-05,42.466949239002645,0.28501308214095733,97.23630952296028,1.3429442151377453,0.009013048423743257
demo_1411,150,0.0,0.030466095615211294,0.00020447044037054558,56.29319091731173,0.3778066504517566,129.2484151939327,2.6207910995944412,0.01758920201070095
demo_1412,150,0.0,0.20196448566039427,0.0013554663467140555,57.30716223749413,0.38461182709727604,122.03291325667917,1.8464597453713747,0.012392347284371642
demo_1413,150,0.0,0.005180434580239051,3.476801731704061e-05,39.52003110937673,0.2652351081166224,50.40487291437891,0.9773769790545903,0.0065595770406348345
demo_1414,150,0.0,0.014029304366327185,9.415640514313547e-05,39.90396775300639,0.2678118641141369,36.395674444191116,0.6963815363951656,0.004673701586544736
demo_1415,150,0.0,0.019115382546650878,0.00012829115803121395,42.95614132727743,0.28829625051864044,116.3357747362966,1.7377603956490886,0.01166282144730932
demo_1416,150,0.0,0.0168757397838806,0.00011325999854953423,48.221535979858274,0.32363446966347836,85.97880999395406,3.54877883161753,0.023817307594748524
demo_1417,150,0.0,0.21122114282615,0.0014175915625916108,61.59273598252579,0.4133740669968174,150.13706241563702,2.0962469934651855,0.014068771768222722
demo_1418,150,0.0,0.05085320072443215,0.0003412966491572627,45.07473624267342,0.30251500834009004,156.84506720344075,1.9721733724264006,0.013236062902190609
demo_1419,150,0.0,0.09342715449982923,0.0006270278825491895,47.20765849228319,0.3168299227670013,68.33846819831349,1.136996560786874,0.007630849401254187
demo_142,150,0.0,0.03236566929036657,0.00021721925698232598,63.34848962559368,0.4251576484939173,191.04843039630592,2.2590202295797086,0.015161209594494688
demo_1420,150,0.0,0.12321912543430333,0.0008269739962033781,49.72542776359795,0.33372770311139566,95.29649514665108,1.6985123384000969,0.011399411667114744
demo_1421,150,0.0,0.1104592370501978,0.0007413371614107236,44.569539223563595,0.29912442431921876,57.99917742328987,1.5047581424007679,0.010099047935575624
demo_1422,150,0.0,0.006762739210533772,4.538751148009243e-05,39.511892241819574,0.2651804848444267,36.89650278960094,0.8432343425258886,0.005659290889435494
demo_1423,150,0.0,0.0024137802671723944,1.6199867564915397e-05,38.784673302774635,0.26029982082399084,33.83482933278921,0.6069104538653798,0.004073224522586441
demo_1424,150,0.0,0.006568174385627632,4.408170728609149e-05,46.98511336193435,0.31533633128815003,70.98682700281712,1.1520721275123895,0.007732027701425433
demo_1425,150,0.0,0.006729095329830459,4.516171362302321e-05,49.36655968397192,0.3313191925098787,56.046318950181664,1.111365055327826,0.0074588258746833965
demo_1426,150,0.0,0.020877709653627723,0.00014011885673575653,40.475199136210676,0.27164563178664886,98.89128588847339,1.19110015147437,0.007993960748150133
demo_1427,150,0.0,0.05067677951321724,0.00034011261418266604,47.56008747681173,0.3191952179651794,68.6725722361943,0.8739071505691252,0.005865148661537753
demo_1428,150,0.0,0.027760052161024642,0.00018630907490620565,35.152559488234544,0.23592321804184258,75.425750168513,1.0756644915427118,0.007219224775454442
demo_1429,150,0.0,0.28186874790237215,0.001891736563103169,64.64879386816892,0.4338845226051606,213.7362750083295,2.7939583274117537,0.018751398170548682
demo_143,150,0.0,0.03989379890244759,0.00026774361679495027,58.08733093234364,0.38984785860633314,156.83976164279142,2.1368390981759995,0.014341202001181205
demo_1430,150,0.0,0.0021761523416404154,1.4605049272754466e-05,29.97712728547307,0.2011887737280072,23.628435981165147,0.702588904906392,0.004715361777895249
demo_1431,150,0.0,0.029697797379744127,0.00019931407637412165,40.2858807226842,0.2703750384072765,98.02728080650125,1.3931306666820387,0.009349870246188179
demo_1432,150,0.0,0.09816956053372014,0.0006588561109645647,56.45085758200668,0.37886481598662197,111.45293282796965,3.317693156847743,0.022266397025823777
demo_1433,150,0.0,0.07038941491423596,0.0004724121806324561,54.77041180191351,0.36758665638868127,70.66998297756562,1.494252274634544,0.010028538755936536
demo_1434,150,0.0,0.04987092855437643,0.00033470421848574784,49.9869776728599,0.33548307162993224,57.465239582935844,1.2698308876869933,0.008522354950919417
demo_1435,150,0.0,0.04581530460281399,0.0003074852657906979,60.557716891123604,0.40642763014176914,141.00640328794515,3.4151983327325732,0.022920794179413242
demo_1436,150,0.0,0.009399427469040655,6.308340583248762e-05,44.55509350800306,0.2990274732080742,59.27427912846803,1.1512288440551626,0.007726368080907132
demo_1437,150,0.0,0.08110763301509083,0.000544346530302623,37.61358395256084,0.25244016075544184,61.34793245905488,1.0640465158741859,0.0071412517843905095
demo_1438,150,0.0,0.04584784413076321,0.00030770365188431686,30.213351500522737,0.2027741711444479,44.45779440311514,0.8527924711953134,0.005723439403995392
demo_1439,150,0.0,0.027032029721725435,0.00018142301826661367,34.47778072766785,0.23139450152797214,33.09052645676319,0.6329871225528604,0.004248235721831277
demo_144,150,0.0,0.06707485349632021,0.00045016680198872624,57.577138319766405,0.3864237471125262,178.49593871433905,2.2465227065214988,0.015077333600815429
demo_1440,150,0.0,0.00595057721326851,3.993675982059403e-05,46.18670329628113,0.30997787447168546,51.817004833584505,0.8943057281947298,0.0060020518670787235
demo_1441,150,0.0,0.08945687392916711,0.0006003817042225981,54.07083837084575,0.36289153269023994,77.64415984743842,1.2962492741374112,0.008699659557969202
demo_1442,150,0.0,0.016526395973008683,0.00011091540921482338,56.15241202480677,0.3768618256698441,113.54924031313007,1.915064779886506,0.012852783757627556
demo_1443,150,0.0,0.012255618723955393,8.225247465741874e-05,51.20616131590773,0.3436655121873002,102.87763692381097,1.464172610251681,0.009826661813769672
demo_1444,150,0.0,0.05073772557332408,0.00034052164814311463,55.713594908120065,0.3739167443497991,81.235500862176,1.231959942130988,0.008268187531080455
demo_1445,150,0.0,0.22109062692693576,0.001483829710919032,59.74287629349177,0.40095890129860245,117.21646157488811,1.704256791462207,0.011437965043370517
demo_1446,150,0.0,0.021660811742908813,0.00014537457545576383,48.933534271761054,0.3284129816896715,105.71877099969555,1.4438406486220012,0.009690205695449672
demo_1447,150,0.0,0.17017185640221955,0.0011420929959880506,45.04380077395624,0.30230738774467275,101.24780157929673,1.4284311044074531,0.009586785935620491
demo_1448,150,0.0,0.09502528446693759,0.0006377535870264267,47.934335580251165,0.321706950203028,97.600136647187,1.7455623564800082,0.011715183600536968
demo_1449,150,0.0,0.01931619073038963,0.00012963886396234652,60.04218010053163,0.40296765168142035,69.99820541445972,0.9506621428221131,0.006380282837732303
demo_145,150,0.0,0.0908400033705447,0.0006096644521513066,63.35278101533893,0.42518644976737535,175.73568845387882,2.0710796506197475,0.013899863426978172
demo_1450,150,0.0,0.026921100052688714,0.0001806785238435484,53.180102258656376,0.3569134379775596,64.44455066601408,2.1325440040606987,0.014312375866179186
demo_1451,150,0.0,0.0025174695582757035,1.6895768847487944e-05,33.43578249299538,0.22440122478520388,34.45511718660852,0.6936294437997219,0.004655231166441087
demo_1452,150,0.0,0.06315234608653382,0.0004238412489029115,42.77544255597183,0.28708350708705926,46.002726311619185,0.6613721145637056,0.0044387390239174875
demo_1453,150,0.0,0.054348295702114496,0.00036475366243029865,49.21676732156397,0.3303138746413689,74.25434340626735,1.1541767945537678,0.007746152983582334
demo_1454,150,0.0,0.010729221836504354,7.200820024499567e-05,49.48609126447996,0.33212141788241584,71.79635154568317,1.0114658636314504,0.006788361500882217
demo_1455,150,0.0,0.030771883036697183,0.0002065227049442764,49.10614735550003,0.32957145876174515,133.83232103634776,2.5639911707000733,0.01720799443422868
demo_1456,150,0.0,0.06726579058403793,0.00045144825895327475,40.052260441614344,0.2688071170578144,88.78561423802684,1.1531231892143867,0.007739081806807964
demo_1457,150,0.0,0.026232757751654144,0.00017605877685673922,41.90371483941581,0.281232985499435,93.36466063482165,1.688765971113709,0.011333999806132276
demo_1458,150,0.0,0.10110668661312718,0.0006785683665310549,40.119404042500626,0.26925774525168206,44.853347454625386,0.6771187278420386,0.004544420992228447
demo_1459,150,0.0,0.01287303329177865,8.639619658911846e-05,48.29504054516304,0.3241277888937117,97.6691073960894,1.1495961311841043,0.007715410276403384
demo_146,150,0.0,0.11165339595125039,0.0007493516506795328,54.95597661998254,0.36883205785223183,153.99156322614886,1.8510575583735986,0.012423205089755696
demo_1460,150,0.0,0.1394893748994445,0.0009361703013385537,60.9362317918783,0.40896799860321004,78.76566281477876,1.9174195917038033,0.012868587863783915
demo_1461,150,0.0,0.09127128554063216,0.0006125589633599474,50.48485583932255,0.33882453583437955,100.3511425128053,1.2899828222606922,0.008657602833964377
demo_1462,150,0.0,0.0076810759151269,5.155084506796577e-05,49.30788675116459,0.33092541443734624,59.23809152553033,1.0720902945611261,0.0071952368762491685
demo_1463,150,0.0,0.05700061018309217,0.00038255443075900785,48.30455268439785,0.324191628754348,79.55940065517717,1.286488280908039,0.008634149536295562
demo_1464,150,0.0,0.03266456876367822,0.00021922529371596122,29.140369194909855,0.19557294761684466,29.04017937738392,0.6326525191290476,0.004245990061268776
demo_1465,150,0.0,0.04264973607184176,0.000286239839408334,43.35914012109494,0.29100094041003316,85.01907634052016,2.062506671452841,0.013842326654045911
demo_1466,150,0.0,0.016078886039040816,0.00010791198683920011,35.94262225554743,0.2412256527217948,62.45466057261917,1.067292572287227,0.007163037397900853
demo_1467,150,0.0,0.04967045340149529,0.00033335874766104225,25.61805056661909,0.17193322527932275,28.88646360479232,0.6280779182549447,0.004215288041979495
demo_1468,150,0.0,0.20259862776894433,0.0013597223340197607,52.20595691516804,0.3503755497662284,75.86182798013998,1.1020684954998248,0.007396432855703522
demo_1469,150,0.0,0.0065845076852973925,4.4191326746962363e-05,42.454559287920276,0.2849299281068475,62.15930349385559,1.0016835319961792,0.006722708268430733
demo_147,150,0.0,0.054724575026814604,0.00036727902702560135,56.26817754712223,0.3776387754840418,178.42641368869312,2.181026597355321,0.01463776239835786
demo_1470,150,0.0,0.3686817373518481,0.0024743740761869,33.633885195652276,0.22573077312518305,35.648102060094274,0.7943107433803513,0.005330944586445311
demo_1471,150,0.0,0.008332146720557387,5.5920447788975746e-05,53.631391869590786,0.3599422273126898,85.08849433547812,1.19695453593667,0.008033251919038054
demo_1472,150,0.0,0.013053973397574928,8.761055971526797e-05,56.94090875844755,0.38215375005669494,119.88718077644407,1.5987107996466008,0.010729602682191952
demo_1473,150,0.0,0.04635390649317319,0.00031110004357834354,41.97534154526006,0.28171370164604065,60.54397457837695,0.8608826878977487,0.005777736160387575
demo_1474,150,0.0,0.06589465046473113,0.0004422459762733633,41.07445356463887,0.27566747358818033,74.44331702678247,0.971287774208415,0.0065187098940162076
demo_1475,150,0.0,0.03121518559546116,0.0002094978899024239,64.93287553921029,0.4357911110014113,80.11250628523736,1.6981764432134143,0.011397157337002781
demo_1476,150,0.0,0.02272755449938668,0.0001525339228146757,52.698054031426594,0.3536782149760174,90.04117688218244,1.2998231967619471,0.008723645615851995
demo_1477,150,0.0,0.08071781259956602,0.0005417302859031277,48.55446144367553,0.32586886874950016,94.91769518526426,2.1254262679538427,0.014264605825193575
demo_1478,150,0.0,0.007096067929927669,4.762461697938033e-05,41.98717018704114,0.2817930885036318,96.07374152609977,1.4334159760629464,0.009620241450086888
demo_1479,150,0.0,0.10729109040624497,0.0007200744322566776,28.382641531766463,0.19048752705883532,30.201486550741176,0.589188955626899,0.00395428829279798
demo_148,150,0.0,0.142879870334664,0.00095892530425949,61.94886833567744,0.4157642170179694,172.2638217403626,2.2544659362568784,0.015130643867495828
demo_1480,150,0.0,0.14539703454479855,0.0009758190237905943,49.84138431037456,0.33450593496895675,94.86248548882027,1.5957496398583393,0.010709729126566035
demo_1481,150,0.0,0.21441497237681706,0.0014390266602470943,53.458465195092316,0.3587816456046464,82.00599877359313,1.369410922373547,0.009190677331366087
demo_1482,150,0.0,0.011287764565950788,7.575680916745496e-05,38.8614652285987,0.26081520287650134,96.33765063937922,1.2369178005160104,0.0083014617484296
demo_1483,150,0.0,0.017006933590076743,0.0001141404938931325,49.46109767926171,0.33195367569974304,71.37829982825117,1.290119077600166,0.008658517299329973
demo_1484,150,0.0,0.05670585290620669,0.00038057619400138715,47.14725187955166,0.316424509258736,59.207173386788114,1.0348603184552876,0.006945371264800588
demo_1485,150,0.0,0.047588585242941,0.00031938647814054366,52.73860316388559,0.3539503568046013,95.47765968874042,1.551542294985163,0.010413035536813175
demo_1486,150,0.0,0.05339759843699456,0.0003583731438724467,41.68549550865236,0.27976842623256615,75.45089186594537,1.160592118432221,0.0077892088485383955
demo_1487,150,0.0,0.11337690296105238,0.0007609188118191435,71.1944269910178,0.4778149462484417,83.23805403315698,1.3048168271646245,0.008757159913856541
demo_1488,150,0.0,0.014694499710421942,9.862080342565061e-05,49.60426161308119,0.33291450747034357,93.05347129762988,1.2734188764242849,0.008546435412243522
demo_1489,150,0.0,0.00861024672810003,5.778689079261765e-05,48.10655597376201,0.3228627917702149,70.92157699369876,1.2743535800419596,0.008552708590885635
demo_149,150,0.0,0.027760433601309725,0.00018631163490811896,52.4894848879332,0.35227842206666576,180.6926117486635,2.1226848759742434,0.014246207221303648
demo_1490,150,0.0,0.03350032290658831,0.00022483438192341147,22.1966630596501,0.1489708930177859,27.79286917453104,0.5800076783093963,0.003892668981942257
demo_1491,150,0.0,0.0611596665425172,0.00041046756068803487,49.56256503716143,0.33263466467893577,122.1722448568276,2.068307462729178,0.013881258139121999
demo_1492,150,0.0,0.050149196323151096,0.00033657178740369864,57.218690708413725,0.38401805844572967,84.69057176074473,1.3939002243035834,0.009355035062440157
demo_1493,150,0.0,0.007156772884680064,4.803203278308768e-05,52.58372855867299,0.35291092992397977,101.14259029217479,1.4569320782999045,0.009778067639596674
demo_1494,150,0.0,0.26059330151405236,0.0017489483323090763,48.8933028877889,0.3281429724012678,74.0077076576191,1.0705035853711335,0.007184587821282775
demo_1495,150,0.0,0.01783591466310558,0.00011970412525574214,54.34638659717948,0.36474084964549985,78.21885611116626,1.2547638545966997,0.008421233923467783
demo_1496,150,0.0,0.04493746856309823,0.0003015937487456257,52.02968070405149,0.3491924879466543,76.76749640284025,1.0647868906131495,0.007146220742370131
demo_1497,150,0.0,0.004837753354550874,3.2468143319133384e-05,48.75026986264542,0.32718301921238535,47.470358469594444,0.8626063558215973,0.00578930440148723
demo_1498,150,0.0,0.004462100014655147,2.9946979964128502e-05,46.721438903991114,0.31356670405363163,106.35712900469514,1.3659564373739639,0.009167492868281637
demo_1499,150,0.0,0.05393328418641806,0.00036196835024441653,40.71004723888319,0.2732217935495516,92.05497783459624,1.097719477895806,0.007367244818092657
demo_15,150,0.0,0.016213642090985435,0.00010881638987238547,49.00827322132726,0.3289145853780353,139.43487450347718,1.8592498440393523,0.012478186872747331
demo_150,150,0.0,0.09963737300807339,0.0006687072013964657,52.45813280774562,0.35206800542111155,173.51757475666423,2.406311952504902,0.016149744647683907
demo_1500,150,0.0,0.02340518239822719,0.00015708176106192745,46.1999143127215,0.31006653901155373,72.85887485534381,1.1281774839925547,0.007571660966392985
demo_1501,150,0.0,0.09989228161397905,0.0006704179974092553,51.24646501899475,0.3439360068388909,94.13339062032344,1.2278417541830944,0.00824054868579258
demo_1502,150,0.0,0.032893973064438,0.00022076491989555703,49.10868745121482,0.32958850638399206,93.19004383814429,1.2360204968215935,0.008295439575983849
demo_1503,150,0.0,0.3180403045127217,0.0021344986880048435,51.32345229670963,0.344452699977917,152.69168727954644,2.55965834638164,0.017178915076386844
demo_1504,150,0.0,0.02405031436330354,0.0001614115057939835,59.776960734715644,0.4011876559376889,92.67533145718001,1.6339654784878301,0.010966211265018995
demo_1505,150,0.0,0.1871133442255844,0.0012557942565475464,49.83600258509039,0.33446981600731807,89.80710079744983,1.2603735873148314,0.00845888313634115
demo_1506,150,0.0,0.09726409249284508,0.0006527791442472824,57.54659382192474,0.38621875048271637,100.69438182036384,1.3273231569632076,0.008908209107135622
demo_1507,150,0.0,0.005555229101546362,3.7283416788901754e-05,35.26204695411934,0.2366580332491231,52.01429249041531,0.8596464104754806,0.0057694389964797355
demo_1508,150,0.0,0.011721081252553202,7.866497484935035e-05,41.19211667772712,0.27645715891092026,71.96330383631059,1.1049832658334966,0.0074159950727080304
demo_1509,150,0.0,0.1220686482805846,0.0008192526730240577,46.10479203161256,0.3094281344403528,78.84783941212773,1.2300552464490775,0.008255404338584413
demo_151,150,0.0,0.009714073742846843,6.519512579091841e-05,62.562785845894666,0.4198844687643937,140.50987671744122,1.8302048181112456,0.012283253812827152
demo_1510,150,0.0,0.021163622119763498,0.00014203773234740602,68.49066584453234,0.459668898285452,117.41423814890472,1.784357674735861,0.011975554863999066
demo_1511,150,0.0,0.02972207747781331,0.0001994770300524383,45.698846119457,0.30670366523125503,139.9793899352862,1.746210599623426,0.011719534225660577
demo_1512,150,0.0,0.22819521757266994,0.0015315115273333553,44.719337830197816,0.30012978409528734,157.01545984251993,2.232272182860118,0.014981692502416901
demo_1513,150,0.0,0.056627139593203105,0.00038004791673290676,22.10631052228868,0.14836450014958846,23.89428200173846,0.5261813934126629,0.0035314187477359926
demo_1514,150,0.0,0.034355248140252606,0.00023057213516948058,41.44983186912124,0.27818679106792776,29.8262996431034,0.555002615632604,0.0037248497693463355
demo_1515,150,0.0,0.06361188690329728,0.000426925415458371,53.98884292585872,0.36234122769032695,60.752662639194924,0.9700825399739103,0.006510621073650405
demo_1516,150,0.0,0.023363321474978972,0.00015680081526831525,42.96845792141895,0.2883789122242883,126.26580262459525,1.6154946326443955,0.010842245856673795
demo_1517,150,0.0,0.01521166457609466,0.00010209170856439369,40.47795372155697,0.27166411893662396,53.82463176572248,0.8899384933505927,0.00597274156611136
demo_1518,150,0.0,0.010043407456042907,6.74054191680732e-05,45.3111714539485,0.3041018218385806,90.66236083201882,1.585373441650645,0.010640090212420437
demo_1519,150,0.0,0.1363467665822421,0.000915078970350618,40.90862899296783,0.2745545569997841,89.69121283050006,1.1910307259650283,0.007993494805134418
demo_152,150,0.0,0.04166129790989992,0.00027960602624093906,56.14695824025646,0.37682522308896954,180.36430724669503,2.153067414448974,0.01445011687549647
demo_1520,150,0.0,0.025352911790011323,0.00017015377040276056,58.95424409924061,0.39566606778013835,102.81907728505291,2.218910342980513,0.01489201572470143
demo_1521,150,0.0,0.02641363235936471,0.00017727270039842087,39.727256639562626,0.2666258834869975,65.41880150714654,0.7558684788169394,0.0050729428108519424
demo_1522,150,0.0,0.014578624882259824,9.78431200151666e-05,59.75031303189076,0.40100881229456886,133.05309848759106,1.9892788380814972,0.013350864685110719
demo_1523,150,0.0,0.19179834431231046,0.0012872372101497347,53.45824897011855,0.3587801944303258,162.9688070431296,2.3051609889498588,0.01547087912046885
demo_1524,150,0.0,0.022410621688023633,0.00015040685696660156,48.0167211170208,0.32225987326859595,80.64024530864324,1.2051938563851379,0.008088549371712335
demo_1525,150,0.0,0.030430892504888857,0.00020423417788516013,55.549435310371116,0.37281500208302765,95.63096382610053,1.4610208521636887,0.009805509074924085
demo_1526,150,0.0,0.008601332094953017,5.772706103995314e-05,54.95328431284212,0.36881398867679277,77.19468303553491,1.297113311914606,0.008705458469225545
demo_1527,150,0.0,0.1984042371123238,0.0013315720611565356,43.02407469745168,0.28875217917752805,108.11077757646359,1.617467833350028,0.010855488814429718
demo_1528,150,0.0,0.12436237656326427,0.0008346468225722434,41.963179928355444,0.2816320800560768,114.65884949779225,1.5464353882785677,0.010378760995158174
demo_1529,150,0.0,0.0022249185145317755,1.4932339023703191e-05,42.53369653495717,0.28546105057018234,46.65982110622484,0.8711746592576805,0.005846809793675707
demo_153,150,0.0,0.11798315335154513,0.0007918332439701015,43.25419932522528,0.29029663976661263,165.28506194967935,1.9962865375433005,0.013397896225122823
demo_1530,150,0.0,0.017601473723940744,0.0001181306961338305,43.59758924049024,0.29260127007040426,89.58806416825098,1.1510275770028902,0.00772501729532141
demo_1531,150,0.0,0.00871726059189754,5.850510464360765e-05,49.06171163802047,0.32927323246993606,90.42462404335717,1.756066288397549,0.011785679787903014
demo_1532,150,0.0,0.07769302114115259,0.0005214296720882724,53.28933648890257,0.35764655361679576,87.46610885177893,1.5214653180033968,0.010211176630895281
demo_1533,150,0.0,0.1559120412842635,0.0010463895388205604,47.86134800558771,0.32121710070864234,78.90672696622595,0.941854747170728,0.006321172799803544
demo_1534,150,0.0,0.08389627995295108,0.00056306228156343,33.841336970155595,0.22712306691379594,36.32190107979437,0.7010374886081189,0.0047049495879739524
demo_1535,150,0.0,0.025429735510079605,0.00017066936583946045,66.55989279571749,0.4467106899041442,118.62085456642725,1.9517758099119646,0.013099166509476273
demo_1536,150,0.0,0.011113490286422079,7.458718313034952e-05,35.81177228697823,0.24034746501327672,27.521843615297826,0.7207031647059783,0.00483693399131529
demo_1537,150,0.0,0.08480590913913524,0.0005691671754304378,54.619049781559276,0.3665708039030824,83.84460526527631,1.7325423564169267,0.01162780104977803
demo_1538,150,0.0,0.01988224591938795,0.0001334378920764292,53.94441841472527,0.36204307660889445,99.92380289206568,1.354097993554004,0.009087905997006738
demo_1539,150,0.0,0.048654503359135494,0.00032654029100090935,48.71261082593543,0.32693027399956665,75.73795390005571,1.2068195375606636,0.008099459983628614
demo_154,150,0.0,0.015232507029464054,0.00010223159080177217,54.26076156191906,0.36416618497932257,189.43343817894086,2.487697190683721,0.016695954299890747
demo_1540,150,0.0,0.1502942879486761,0.0010086864962998397,59.19032818795389,0.39725052475136835,68.39947915564635,2.8674387071701757,0.01924455508167903
demo_1541,150,0.0,0.03400342416114594,0.00022821090041037545,58.95695701584428,0.3956842752741227,109.03568407688356,1.4025695136811904,0.009413218212625439
demo_1542,150,0.0,0.10620165698169731,0.0007127627985348813,48.46539232611649,0.32527108943702343,81.31704381261673,1.1814661333801018,0.007929302908591286
demo_1543,150,0.0,0.26756370416310665,0.0017957295581416553,46.362835195878624,0.31115996775757465,104.95898362826948,1.5043266154319754,0.010096151781422653
demo_1544,150,0.0,0.018321519793942677,0.000122963220093575,40.638396064094636,0.2727409131818432,72.24656363519424,1.3469534704075525,0.009039956177231896
demo_1545,150,0.0,0.06667338418036609,0.00044747237704943684,46.64486573758175,0.31305279018511245,99.4341744001451,1.4542886230465706,0.009760326329171615
demo_1546,150,0.0,0.014991348801418124,0.00010061307920414848,46.58835319285306,0.31267351136142996,84.4634950318749,1.669572266452851,0.011205182996327858
demo_1547,150,0.0,0.04532049957800353,0.00030416442669801026,53.623518375822165,0.35988938507263196,86.22824756926528,1.4809817748316194,0.00993947499886993
demo_1548,150,0.0,0.010619855620870283,7.127419879778713e-05,47.208432850820024,0.31683511980416124,69.47727742842373,1.1057987195755428,0.007421467916614381
demo_1549,150,0.0,0.05766463618342896,0.00038701098109683867,46.99073706896647,0.31537407428836556,97.41765720172329,1.7574918576986698,0.011795247367105166
demo_155,150,0.0,0.024192375076661117,0.00016236493340041018,62.52692221061111,0.41964377322557794,164.09788905758597,1.9852526335799032,0.013323843178388613
demo_1550,150,0.0,0.06028557453997069,0.00040460117140919926,39.524032281328445,0.265261961619654,86.09926187921339,2.5306908972188555,0.01698450266589836
demo_1551,150,0.0,0.09736891721581001,0.0006534826658779195,21.238143442654014,0.14253787545405378,38.80938311756862,0.6061633417883757,0.004068210347572991
demo_1552,150,0.0,0.029127843681859337,0.00019548888377086802,65.9904023216708,0.4428886061857101,100.01040538859104,1.8549665653534237,0.01244944003592902
demo_1553,150,0.0,0.09302286378699995,0.0006243145220604023,54.584838261555355,0.36634119638627755,89.98727104188242,2.8269777769903164,0.01897300521470011
demo_1554,150,0.0,0.1312509197667694,0.0008808786561528147,49.633519202343244,0.3331108671298204,85.14911192066127,1.474109978663821,0.009893355561502155
demo_1555,150,0.0,0.04042590046688072,0.0002713147682340988,57.78194867683337,0.3877983132673381,168.7270435890292,2.5426400756528214,0.01706469849431424
demo_1556,150,0.0,0.004551302751525796,3.05456560505087e-05,35.62836078034996,0.23911651530436212,29.300207416968913,0.5732337094826249,0.003847206103910234
demo_1557,150,0.0,0.026035342412665887,0.0001747338416957442,52.32093450566998,0.35114721144744954,106.82109606222261,2.327084081052737,0.015618013966796893
demo_1558,150,0.0,0.04153254845719503,0.00027874193595432906,65.40034910121207,0.43892851745779915,129.8608462909685,2.1079594133239183,0.014147378612912204
demo_1559,150,0.0,0.012152050666464149,8.155738702324932e-05,35.843966420329686,0.24056353302234687,47.5552356812183,0.8459592683569843,0.00567757898226164
demo_156,150,0.0,0.041084377969503476,0.00027573408033223807,49.79366136714202,0.3341856467593424,159.11229775860784,1.9812777000749233,0.013297165772314922
demo_1560,150,0.0,0.005024454094990853,3.37211684227574e-05,32.43448606879431,0.2176811145556665,22.792712324449816,0.6816975514849646,0.004575151352248084
demo_1561,150,0.0,0.019281586792601446,0.00012940662276913722,57.256130116672686,0.3842693296420986,92.39383868985155,1.3251654981060061,0.008893728175208095
demo_1562,150,0.0,0.03639582769445812,0.00024426729996280616,54.48525426765194,0.36567284743390566,85.84719596649161,1.2745599637279734,0.008554093716295124
demo_1563,150,0.0,0.009645771028368659,6.473671831119905e-05,48.88353791765077,0.32807743568893133,66.45842838401819,1.2431250939728662,0.008343121436059505
demo_1564,150,0.0,0.05197159606105008,0.0003488026581278529,54.26410926939762,0.36418865281474916,131.46986224736466,1.8409005791014368,0.012355037443633804
demo_1565,150,0.0,0.040441645096590303,0.0002714204368898678,58.80732338923319,0.39468002274653147,138.7868945524926,2.035689514303228,0.013662345733578713
demo_1566,150,0.0,0.04627911981911983,0.00031059811959140827,29.290510975090235,0.1965806105710754,40.311370563402654,0.79078141162573,0.005307257796145839
demo_1567,150,0.0,0.02940432190249507,0.00019734444229862463,54.23647975888566,0.364003219858293,128.48331917000593,1.91577052253256,0.012857520285453424
demo_1568,150,0.0,0.004269665422572593,2.8655472634715388e-05,54.780732407412394,0.3676559221973986,65.50193327610636,1.488908284691026,0.009992673051617624
demo_1569,150,0.0,0.08160521959888441,0.0005476860375764054,45.00193067076629,0.3020263803407134,88.43512409858978,1.2634395229961246,0.00847945988588003
demo_157,150,0.0,0.15519806500477346,0.001041597751709889,61.48550121561796,0.4126543705746172,159.2090252890579,2.0525448263692416,0.013775468633350616
demo_1570,150,0.0,0.03742565740921623,0.0002511789087866861,26.066023083477276,0.1749397522381025,33.54759044916666,0.553018152059417,0.0037115312218752817
demo_1571,150,0.0,0.023133377708813373,0.00015525756851552598,39.7608394053848,0.2668512711770792,60.70715157575629,0.8018647668637954,0.0053816427306294995
demo_1572,150,0.0,0.023782017271418685,0.0001596108541705952,44.942392404677655,0.30162679466226616,111.72036196868287,1.6490676505901356,0.011067568124766012
demo_1573,150,0.0,0.008756672102464717,5.87696114259377e-05,56.85769025948608,0.38159523664084616,59.51168920843265,0.9412756264702806,0.006317286083693158
demo_1574,150,0.0,0.4548438118700842,0.0030526430326851288,47.99515888102374,0.3221151602753271,229.69499131485972,3.153002081288653,0.021161087793883575
demo_1575,150,0.0,0.06664123741128898,0.0004472566269214026,51.25120872130101,0.34396784376712086,64.06596770537706,2.704354898160484,0.018150032873560297
demo_1576,150,0.0,0.0727452323907113,0.0004882230361792705,37.65379049292746,0.252710003308238,102.63379469840346,1.2867589347312514,0.008635966004907727
demo_1577,150,0.0,0.015190425085273355,0.0001019491616461299,54.11138063849912,0.36316362844630284,85.34184118520326,0.9038174258552405,0.006065888764129131
demo_1578,150,0.0,0.02473416385779005,0.00016600109971671176,67.64765420290182,0.45401110203289813,114.47825815202852,1.7348614464119365,0.011643365412160647
demo_1579,150,0.0,0.09880101246037712,0.0006630940433582357,43.356683143299925,0.290984450626174,48.4476801942431,0.8085826045831772,0.005426728889819981
demo_158,150,0.0,0.0490723893201106,0.00032934489476584293,49.93948746218107,0.33516434538376555,179.68749007381624,2.4590372386286026,0.016503605628379884
demo_1580,150,0.0,0.021109134145237202,0.0001416720412432027,42.51480862147933,0.28533428605019684,122.41448317622466,1.5603906844521054,0.010472420701020842
demo_1581,150,0.0,0.007573251577334121,5.082719179418873e-05,41.580825852890975,0.27906594532141593,106.07041717194325,3.4429311273108625,0.023106920317522567
demo_1582,150,0.0,0.018728044686943744,0.00012569157508015937,49.589641903466976,0.3328163886138723,121.59905609147461,1.8449352314534586,0.012382115647338649
demo_1583,150,0.0,0.010850536834269767,7.282239486087092e-05,46.8325393252966,0.31431234446507783,117.9891846616555,2.412439744859528,0.016190870770869316
demo_1584,150,0.0,0.1249867262392392,0.0008388370888539544,53.39388612317247,0.35834822901458036,100.07080582755357,1.7350676250332349,0.011644749161296878
demo_1585,150,0.0,0.005972930181437359,4.0086779741190325e-05,28.971151109634036,0.19443725576935594,27.865965371071454,0.5955939583354087,0.0039972748881571055
demo_1586,150,0.0,0.2821622367371748,0.0018937062868266763,56.016233305304745,0.3759478745322466,100.15917884668696,1.2516749720344111,0.008400503168016183
demo_1587,150,0.0,0.08138602021423148,0.0005462149007666542,57.02272800600051,0.3827028725234934,103.5752693840561,1.6254246073497267,0.01090888998221293
demo_1588,150,0.0,0.019054706504103496,0.000127883936269151,44.560505185943605,0.29906379319425236,84.4988229392166,0.8923151994599869,0.005988692613825415
demo_1589,150,0.0,0.04191931453441106,0.00028133768143900044,44.25092888469823,0.29698609989730357,92.07477555294565,2.1110787239847597,0.014168313583790334
demo_159,150,0.0,0.04232024867430793,0.00028402851459267064,51.042132809811925,0.3425646497302814,187.5231997320537,2.294984354871055,0.015402579562892987
demo_1590,150,0.0,0.009729848738200722,6.530099824295786e-05,40.11202279099111,0.2692082066509471,62.41523719785914,0.8321295524356087,0.00558476209688328
demo_1591,150,0.0,0.0243848653881348,0.00016365681468546845,65.49463975510223,0.43956134063826996,120.69073534802143,1.8239847550748154,0.01224150842332091
demo_1592,150,0.0,0.08896099204613815,0.0005970536378935447,69.79970638288859,0.46845440525428583,139.31844235729318,1.9530507790612797,0.01310772334940456
demo_1593,150,0.0,0.015037098066737085,0.00010092012125326902,38.29280092974632,0.256998663958029,87.78767531607545,1.1223784224260833,0.007532741090107942
demo_1594,150,0.0,0.05797655299391352,0.00038910438250948674,55.59612550867086,0.3731283591185964,90.56617391908914,1.798804296621412,0.012072512057861825
demo_1595,150,0.0,0.10160771716593697,0.0006819309876908521,65.94534226973892,0.44258618972979136,210.5196501292772,2.468446096029652,0.016566752322346657
demo_1596,150,0.0,0.04389816386294662,0.00029461854941574913,56.4778152122212,0.3790457396793369,114.03024568057259,1.6702605254980774,0.011209802184550855
demo_1597,150,0.0,0.04417164289501788,0.0002964539791611939,46.87982233281585,0.3146296800860124,112.52106920601463,2.230488225186506,0.014969719632124203
demo_1598,150,0.0,0.014742968973818327,9.894610049542501e-05,60.15864725344003,0.403749310425772,129.23961990154555,1.497807839202304,0.01005240160538459
demo_1599,150,0.0,0.012146062093505324,8.151719525842499e-05,52.466480889161396,0.35212403281316373,113.07485945515467,1.8947016212681238,0.012716118263544456
demo_16,150,0.0,0.14642576085302383,0.0009827232272015022,52.1355998845593,0.3499033549299282,164.83460505047677,2.116653155347224,0.014205725874813583
demo_160,150,0.0,0.1251620356299546,0.000840013661946004,46.24829481282565,0.3103912403545345,171.95757251343082,2.112808549362546,0.0141799231500842
demo_1600,150,0.0,0.035893249545327466,0.00024089429225051991,48.45843919889375,0.3252244241536493,105.57525003303851,1.9317942955068639,0.012965062385952106
demo_1601,150,0.0,0.18840547485926104,0.0012644662742232284,54.64679374483805,0.36675700499891306,101.94264058803726,1.6582118745035572,0.011128938755057431
demo_1602,150,0.0,0.011022227474426874,7.397468103642197e-05,54.910363458920685,0.3685259292545012,86.56238070737754,1.269210479287456,0.008518191136157422
demo_1603,150,0.0,0.025421816302009244,0.00017061621679200834,56.56412676458651,0.3796250118428625,138.72535891815804,1.7075644265853445,0.011460163936814392
demo_1604,150,0.0,0.008822547053467645,5.921172519105802e-05,51.82395028663354,0.347811746890158,119.78114759586369,1.4216533684751922,0.00954129777500129
demo_1605,150,0.0,0.008278845549192455,5.5562721806660775e-05,44.369115050462156,0.2977792956406856,72.77927504789564,1.043728597035938,0.0070048899129928725
demo_1606,150,0.0,0.014165269584785348,9.506892338782113e-05,46.43688578464636,0.3116569515748078,80.17892542686785,1.2386560759905096,0.008313128026781944
demo_1607,150,0.0,0.031001537590970917,0.00020806401067765716,19.382498845881322,0.13008388487168673,34.14582814962559,0.5538967286466185,0.0037174277090377085
demo_1608,150,0.0,0.02297630379039816,0.00015420338114361182,44.869884271959315,0.3011401628990558,147.8155089103872,2.2033040002424142,0.014787275169412176
demo_1609,150,0.0,0.3193193874567434,0.0021430831372935798,60.00557927802921,0.4027220085773772,110.82618080910522,1.7488848461972035,0.011737482189242976
demo_161,150,0.0,0.030615485184572425,0.00020547305493001628,54.37750182778783,0.36494967669656264,184.48952684815967,2.2547698428406973,0.015132683508997968
demo_1610,150,0.0,0.16054920859034874,0.0010775114670493204,57.464538548901906,0.38566804395236176,78.39771269866489,1.192236774185152,0.008001589088490954
demo_1611,150,0.0,0.08011880397947115,0.000537710093821954,48.13376603768164,0.3230454096488701,115.46356618503819,1.500437382275266,0.010070049545471584
demo_1612,150,0.0,0.024360497306132857,0.00016349327051095878,46.97130784710124,0.3152436768261828,111.0373589552753,1.462721222406474,0.009816920955748149
demo_1613,150,0.0,0.02170833810024837,0.00014569354429696892,56.68066885178276,0.38040717350189773,110.8464091506129,1.7722263120685262,0.011894136322607558
demo_1614,150,0.0,0.07796453485795296,0.000523251911798342,41.800446898332225,0.2805399120693438,75.90420163821629,1.3181158764272833,0.008846415278035459
demo_1615,150,0.0,0.08076563327231348,0.0005420512300155267,54.492344332002354,0.3657204317584051,110.42162729428898,1.3710339752340976,0.009201570303584547
demo_1616,150,0.0,0.028471026118281357,0.00019108071220323057,49.6720411649528,0.33336940379162955,179.1575769294798,2.235927435359792,0.015006224398387866
demo_1617,150,0.0,0.04029598859490344,0.000270442876475862,49.81407512202483,0.33432265182567,118.76252162021831,1.4660423565619545,0.009839210446724526
demo_1618,150,0.0,0.01824758183978266,0.00012246699221330645,38.2356466917521,0.2566150784681349,112.29657879347019,1.9871647530676473,0.013336676195084881
demo_1619,150,0.0,0.06866917486903808,0.00046086694542978577,53.658807858414235,0.36012622723767945,84.88096175403174,1.2130928818077016,0.008141562965152359
demo_162,150,0.0,0.039031381076703855,0.000261955577695999,52.628539167356706,0.35321167226413897,193.0757817795443,2.324182962228481,0.015598543370660946
demo_1620,150,0.0,0.03814415144463213,0.00025600101640692704,55.048711447996595,0.3694544392482993,158.6071383882098,2.5964208435862317,0.01742564324554518
demo_1621,150,0.0,0.018437291844376893,0.00012374021372065029,40.77130656531659,0.27363292996856775,107.23757452244647,1.9291950746612199,0.012947617950746441
demo_1622,150,0.0,0.12968252510766218,0.0008703525175010884,58.54072157224221,0.3928907488069947,219.15730111603503,2.8745721045950274,0.01929243023218139
demo_1623,150,0.0,0.008625694865084825,5.7890569564327684e-05,44.15971458125439,0.29637392336412344,47.48790179101019,0.7674012570204102,0.00515034400684839
demo_1624,150,0.0,0.11259796505796546,0.0007556910406574863,42.7717926628373,0.2870590111599819,84.85478637009811,1.3357922940488307,0.008965048953347857
demo_1625,150,0.0,0.0963874448964435,0.0006468956033318356,58.1754642178968,0.39043935716709266,110.31697039995814,1.6103094549482428,0.010807446006364047
demo_1626,150,0.0,0.0662817878388148,0.00044484421368332083,47.551605917292974,0.3191382947469327,97.61032377164125,1.541711548276787,0.010347057370985147
demo_1627,150,0.0,0.05887290347156733,0.0003951201575272975,50.66097096890414,0.34000651656982644,128.36882314508128,1.774953442485244,0.011912439211310362
demo_1628,150,0.0,0.024164505917677374,0.00016217789206494882,58.29877661151465,0.39126695712425935,87.71384714837198,1.1770346170297266,0.00789956118811897
demo_1629,150,0.0,0.06254190735893769,0.000419744344690857,39.59319048030894,0.2657261106061003,79.49107956527453,1.094845992466586,0.007347959680983799
demo_163,150,0.0,0.09646780177228388,0.0006474349112233818,44.947781058970044,0.30166296012731575,161.47359691701584,2.2271591887038475,0.01494737710539495
demo_1630,150,0.0,0.13501204871851002,0.0009061211323389935,50.94365553816459,0.34190372844405764,80.44425469137887,1.2567856082070747,0.008434802739644797
demo_1631,150,0.0,0.06744510397537333,0.0004526517045327069,41.3160944389628,0.27728922442256915,58.44767160771024,1.1138221672898454,0.007475316558992251
demo_1632,150,0.0,0.08915739038299733,0.0005983717475368948,46.813756254553354,0.3141862835876064,96.66345884321781,1.917448152611486,0.012868779547728094
demo_1633,150,0.0,0.05681060501929666,0.00038127922831742724,45.95838285845998,0.30844552253999985,99.46619385214295,1.3774263083528835,0.009244471868140158
demo_1634,150,0.0,0.034499738955270864,0.00023154187218302593,61.260717185113,0.4111457529202215,132.9320951009613,2.1089610142870345,0.014154100767027077
demo_1635,150,0.0,0.02635074100052713,0.00017685061074179282,50.40441531369338,0.3382846665348549,93.4891516357975,2.3406873956683616,0.015709311380324574
demo_1636,150,0.0,0.08486326760410524,0.0005695521315711761,46.37208913620544,0.3112220747396338,101.47084075446638,1.38412515350825,0.009289430560458053
demo_1637,150,0.0,0.05822826942790285,0.00039079375454968354,49.63575987312616,0.33312590518876617,117.27703180048064,1.5103145424163822,0.010136339210848203
demo_1638,150,0.0,0.035494603482556626,0.000238218815319172,63.789056335173754,0.428114472048146,78.30214826354455,1.5762469265174448,0.010578838433002986
demo_1639,150,0.0,0.03144623605231833,0.000211048564109519,41.288206078423336,0.2771020542176063,74.44723522830573,1.0513647011807206,0.007056138934098796
demo_164,150,0.0,0.013850939751678091,9.295932719247041e-05,55.859110723407056,0.3748933605597789,163.59592691251268,2.032737455173887,0.013642533256200583
demo_1640,150,0.0,0.026204202116447924,0.00017586712829830822,47.086906833296766,0.31601950894830044,82.22023838137497,1.3005398632877732,0.008728455458307202
demo_1641,150,0.0,0.014484660793174937,9.721248854479823e-05,39.37671683412434,0.26427326734311635,78.2421931124975,1.187566289370568,0.007970243552822604
demo_1642,150,0.0,0.10436118609218828,0.0007004106449140153,54.94695338361075,0.3687714992188641,87.51906214122451,2.1186053403142013,0.014218827787343633
demo_1643,150,0.0,0.07697359660623031,0.0005166013195049014,59.51949827862621,0.39945971999077995,175.1956755060839,2.3650676206017174,0.01587293705101824
demo_1644,150,0.0,0.012534004996941963,8.412083890565076e-05,44.58664230310576,0.2992392100879581,87.79004403502283,1.0573545382990184,0.007096339183214889
demo_1645,150,0.0,0.026808577336138447,0.00017992333782643254,36.0176782866965,0.24172938447447317,40.12959969597282,0.6651446096349127,0.004464057782784649
demo_1646,150,0.0,0.16804958953305765,0.001127849594181595,44.8558123464567,0.30104572044601813,88.23613721722823,1.2635814253377584,0.008480412250588983
demo_1647,150,0.0,0.017263396918529007,0.00011586172428542957,48.03621555096767,0.3223907083957562,88.90557206858873,1.269189123111752,0.008518047806119141
demo_1648,150,0.0,0.07536243562135801,0.0005057881585326041,46.97933050908904,0.31529752019522844,103.96912836280147,1.3456723791299585,0.009031358249194352
demo_1649,150,0.0,0.01609458274573669,0.00010801733386400463,61.104247518764744,0.410095620931307,99.60283618806493,1.6177790169746573,0.010857577295131928
demo_165,150,0.0,0.012933118319277558,8.679945180723193e-05,44.474149512540706,0.29848422491638055,151.31546198593549,1.9774408919356183,0.013271415382118243
demo_1650,150,0.0,0.10766392033025757,0.0007225766465117958,53.30648409104766,0.3577616381949507,104.78134774614438,1.4923952525000843,0.010016075520134794
demo_1651,150,0.0,0.04229314928418748,0.00028384663949119115,41.54108887869455,0.27879925421942653,88.60140834150914,1.3318637711897339,0.008938683028119019
demo_1652,150,0.0,0.16088623591682397,0.0010797733954149259,49.37303844351878,0.3313626741175757,81.27192939225186,1.1984764212724328,0.008043465914580087
demo_1653,150,0.0,0.013961022045927815,9.369813453642829e-05,47.96181571631931,0.3218913806464383,107.09833268614786,1.6546857194690965,0.011105273285027494
demo_1654,150,0.0,0.26163081118304804,0.0017559114844499868,51.34804053974243,0.3446177217432378,172.8942604747579,2.5259199743413365,0.016952483049270713
demo_1655,150,0.0,0.0478207908399093,0.0003209449049658342,34.98273934339652,0.2347834855261511,38.870676198068054,0.693693851762796,0.0046556634346496375
demo_1656,150,0.0,0.00734815350503391,4.931646647673765e-05,36.125248113092184,0.24245132961806834,117.759032946799,1.2918780565637298,0.008670322527273355
demo_1657,150,0.0,0.04846534964540987,0.000325270802989328,38.42340379769005,0.25787519327308756,70.45226463765984,1.186446778560966,0.007962730057456149
demo_1658,150,0.0,0.06243930791830158,0.0004190557578409502,42.02740103714347,0.2820630942090166,80.1970885058427,1.3051293258012153,0.008759257220142385
demo_1659,150,0.0,0.03568422479734537,0.00023949144159292194,38.55871816351876,0.2587833433793206,77.40370058111041,1.141234027069111,0.007659288772275913
demo_166,150,0.0,0.011709617978801566,7.858804012618501e-05,45.94883645118964,0.3083814526925479,173.7813683675919,1.8225600046218275,0.012231946339743808
demo_1660,150,0.0,0.021337075778180954,0.00014320185086027487,51.49566636308117,0.34560849908108165,100.1277400667147,1.394486338532457,0.009358968714982933
demo_1661,150,0.0,0.012925900391244808,8.675100933721348e-05,55.33570678267279,0.37138058243404554,120.76396718330493,2.0760584054688938,0.013933277889052978
demo_1662,150,0.0,0.03492014467298307,0.0002343633870670005,60.9445838601477,0.4090240527526691,113.85548558751506,1.7611094958615316,0.011819526817862629
demo_1663,150,0.0,0.016171652199714483,0.0001085345785215737,60.23910319600212,0.4042892831946451,132.92171788265966,1.6290264522038385,0.010933063437609655
demo_1664,150,0.0,0.185238327962814,0.0012432102547839867,44.588814447414535,0.29925378823768145,67.7162928719537,1.0413064613656797,0.00698863396889718
demo_1665,150,0.0,0.10826889113472192,0.0007266368532531672,48.103728285903,0.322843813999349,104.51240887097231,3.6441956387224863,0.024457688850486485
demo_1666,150,0.0,0.07152993919340214,0.00048006670599598755,48.66489675508992,0.32661004533617394,161.82159843967224,1.9444454422037039,0.013049969410763113
demo_1667,150,0.0,0.007644464056501297,5.1305127895981855e-05,37.46475282132678,0.2514412941028643,55.299948053502064,0.8356228339989715,0.0056082069395904125
demo_1668,150,0.0,0.01387392522000116,9.31135920805447e-05,46.34091262029617,0.3110128363778267,88.69963144052846,1.444832760539855,0.009696864164697014
demo_1669,150,0.0,0.08497750531307416,0.0005703188276045245,45.32934352344381,0.30422378203653566,60.661729197869704,2.8994291281542086,0.019459255893652407
demo_167,150,0.0,0.0181938163814287,0.00012210615021093088,57.85147750446715,0.3882649496944104,164.21414391205874,2.068475081257288,0.013882383095686495
demo_1670,150,0.0,0.264741786831234,0.0017767905156458657,55.11188617980329,0.3698784307369348,120.2777535683612,2.059867443260337,0.013824613713156624
demo_1671,150,0.0,0.05685310987071956,0.00038156449577664135,35.03238185309421,0.23511665673217588,68.63159857239317,0.9441034526782924,0.0063362647830757885
demo_1672,150,0.0,0.015610214340781416,0.00010476653919987528,51.508702090704006,0.3456959871859329,128.15571012253147,1.570511438381934,0.010540345224039826
demo_1673,150,0.0,0.01000729469484639,6.716305164326437e-05,58.88173775146318,0.39517944799639715,88.90569086073843,1.7557516087642406,0.011783567844055307
demo_1674,150,0.0,0.27467221282692944,0.0018434376699793921,57.046980482859524,0.3828656408245606,179.74917065007543,2.218238633645468,0.014887507608358845
demo_1675,150,0.0,0.05891797658184677,0.0003954226616231327,62.5180920958686,0.41958451071052755,125.7068265468946,1.8740943605445288,0.01257781450029885
demo_1676,150,0.0,0.06907718418174688,0.0004636052629647442,47.26391845144458,0.3172075063855341,79.63883183178909,1.3295923150267772,0.008923438355884411
demo_1677,150,0.0,0.027765159475019018,0.0001863433521813357,52.640130210719796,0.35328946450147514,104.46468742132873,1.3048967647723884,0.008757696407868379
demo_1678,150,0.0,0.010394552352383906,6.97620963247242e-05,31.481784095024935,0.21128714157734857,39.60357916796801,0.8689056608854857,0.005831581616681112
demo_1679,150,0.0,0.009602698179058579,6.444763878562805e-05,48.32644067264954,0.3243385280043593,66.5694055708715,0.9565925298817322,0.0064200840931659875
demo_168,150,0.0,0.11917864678431048,0.0007998566898275871,49.31427170882211,0.3309682665021618,195.39667652877569,2.596037706973403,0.017423071858881898
demo_1680,150,0.0,0.018141233492135853,0.00012175324491366344,51.92293353905052,0.34847606402047326,109.83108758306541,1.8802278615325057,0.01261897893645977
demo_1681,150,0.0,0.11905924537759281,0.0007990553381046498,47.67446203065722,0.31996283242051826,130.45018666025692,1.973855781384013,0.013247354237476597
demo_1682,150,0.0,0.10924519576515555,0.0007331892333231916,48.34156340685675,0.3244400228648104,168.18524988925367,2.0433649128818328,0.013713858475716998
demo_1683,150,0.0,0.07242308981373016,0.00048606100546127627,50.16748407408646,0.33669452398715743,85.48750952499162,2.30170311820926,0.015447671934290336
demo_1684,150,0.0,0.017976253613831063,0.00012064599740826216,52.5363498023609,0.3525929516936973,89.30341467322658,1.4330223421468187,0.009617599611723615
demo_1685,150,0.0,0.05981238197076678,0.00040142538235413947,42.17978079595534,0.2830857771540627,95.40704136823081,1.7211579738826694,0.011551395797870265
demo_1686,150,0.0,0.0319126182283317,0.00021417864582772952,30.225275914915468,0.20285420077124475,40.5282097654728,0.5778741415903593,0.0038783499435594585
demo_1687,150,0.0,0.16837648472585476,0.0011300435216500318,50.0027288271331,0.33558878407471876,156.07000217228958,2.1242918314375796,0.014256992157299192
demo_1688,150,0.0,0.04218215169369823,0.0002831016892194512,49.43224966069821,0.33176006483690074,101.90806351141138,3.8401129023570677,0.025772569814476964
demo_1689,150,0.0,0.1355364916520829,0.0009096408835710261,59.15332417536821,0.3970021756736122,168.80897712139623,2.5321032627784152,0.016993981629385337
demo_169,150,0.0,0.014247247889186668,9.56191133502461e-05,55.92978871782007,0.3753677095155709,152.12661451225793,2.030809391159202,0.013629593229256389
demo_1690,150,0.0,0.019963516557694773,0.00013398333260197833,39.86935012439171,0.267579531036186,83.75983508305724,0.9288308011803587,0.0062337637663111315
demo_1691,150,0.0,0.0073283910592536914,4.918383261244088e-05,44.167407895393545,0.2964255563449231,47.716343237144564,0.9041745125108251,0.0060682853188645984
demo_1692,150,0.0,0.013738032322052951,9.220155920840906e-05,57.18646326461693,0.3838017668766237,110.23637909789923,1.6715674048050655,0.011218573186611177
demo_1693,150,0.0,0.011701759158282136,7.853529636430965e-05,36.78317014315268,0.2468669137124341,91.59328976027528,1.4580531744671434,0.009785591774947271
demo_1694,150,0.0,0.052223372280994836,0.0003504924314160727,47.03184315331408,0.3156499540490878,79.32425111326853,2.752989657430846,0.018476440653898297
demo_1695,150,0.0,0.035069358839358744,0.00023536482442522647,45.18319401160912,0.30324291282959137,93.25965009103466,3.1765973744561067,0.021319445466148366
demo_1696,150,0.0,0.02969021338120463,0.00019926317705506463,51.91557485981726,0.34842667691152523,74.51878400373357,1.578347181445766,0.010592934103662858
demo_1697,150,0.0,0.02815550581858982,0.00018896312629926052,51.07048722257726,0.34275494780253196,183.7121214474552,2.513759147309634,0.016870866760467344
demo_1698,150,0.0,0.22048835015042761,0.0014797875849021987,56.95228906541896,0.38223012795583194,161.20415727570227,2.4379154832292422,0.01636184888073317
demo_1699,150,0.0,0.004457014532199701,2.9912849209393965e-05,24.520139743689267,0.1645646962663709,26.79805230638946,0.4513832756652466,0.0030294179574848765
demo_17,150,0.0,0.07527308474044812,0.000505188488190927,51.895947851625245,0.3482949520243305,162.2688741623046,2.2686714185521577,0.015225982674846697
demo_170,150,0.0,0.021761570812318633,0.00014605081082093042,44.70627562893046,0.3000421183149696,159.51413041840186,1.9560388842728176,0.013127777746797433
demo_1700,150,0.0,0.026306464961332213,0.00017655345611632359,52.65178616763866,0.35336769240025945,114.35879658475277,1.3748901106001667,0.009227450406712528
demo_1701,150,0.0,0.0033928811471983797,2.277101441072738e-05,18.67189422790655,0.12531472636178892,17.63590632573205,0.42782012924047097,0.0028712760351709463
demo_1702,150,0.0,0.019582251673859963,0.00013142450787825477,39.20880470700756,0.26314634031548695,68.15043922896959,1.1445452819478736,0.007681511959381702
demo_1703,150,0.0,0.02905867836493426,0.00019502468701298163,50.07708751029515,0.3360878356395648,92.0868753647377,1.238525812033155,0.008312253772034598
demo_1704,150,0.0,0.028201424232311673,0.00018927130357256156,52.49590032608192,0.3523214786985364,106.48525567196234,3.189876808547482,0.021408569184882428
demo_1705,150,0.0,0.03328279811634948,0.0002233744840023455,48.84500045321468,0.32781879498801797,113.93818015359878,1.530177417894012,0.010269647099959811
demo_1706,150,0.0,0.12224584785910543,0.0008204419319403049,57.201858608811435,0.38390509133430495,120.26702421203362,1.6712588380565,0.011216502268835572
demo_1707,150,0.0,0.022003882463839462,0.00014767706351570108,48.59108015513907,0.326114631913685,73.58332790999332,2.266860991560922,0.015213832158126994
demo_1708,150,0.0,0.11459842687792961,0.0007691169589122793,57.34394466765404,0.38485868904465803,99.03588858450328,1.315249655458515,0.008827178895694732
demo_1709,150,0.0,0.00274083759193948,1.839488316737906e-05,18.752401029476008,0.12585504046628193,19.109955677487477,0.38531789740355465,0.0025860261570708368
demo_171,150,0.0,0.05215565346275696,0.00035003794270306685,54.34197000733288,0.36471120810290525,170.36308397836558,2.0652126119743928,0.0138604873286872
demo_1710,150,0.0,0.1705548067303835,0.0011446631324186812,51.01616425367216,0.3423903641186051,114.4387013886344,2.2391934910638396,0.015028144235327782
demo_1711,150,0.0,0.01209184920419772,8.115335036374308e-05,30.615000101247283,0.20546979933723009,27.774518916650717,0.6073245394221645,0.004076003620282983
demo_1712,150,0.0,0.0545350260028376,0.00036600688592508453,35.808108534775606,0.2403228760723195,43.74104294256124,0.6170951393105657,0.0041415781161782935
demo_1713,150,0.0,0.1947009762158327,0.0013067179611800854,48.598232291044724,0.3261626328258035,145.01234690057453,1.5751381245051057,0.010571396808759098
demo_1714,150,0.0,0.022902952956510247,0.000153711093667854,47.72308331361516,0.32028914975580647,85.8469073822732,1.1275659214192102,0.007567556519592015
demo_1715,150,0.0,0.07146191186565495,0.0004796101467493621,55.03699622970577,0.3693758136221864,92.3847683203587,1.5343660705780617,0.010297758862940012
demo_1716,150,0.0,0.05752568416393497,0.00038607841720761723,46.01265885319302,0.30880979096102695,163.48314964503155,2.0856261524461726,0.013997490956014581
demo_1717,150,0.0,0.027114395036243896,0.00018197580561237514,44.082948315447084,0.2958587135264905,132.5004712596223,1.555081412595398,0.01043678800399596
demo_1718,150,0.0,0.0009863456126324131,6.6197692122980745e-06,21.101576055368426,0.1416213158078418,20.76132881959274,0.378817221285719,0.002542397458293416
demo_1719,150,0.0,0.07318488661994485,0.0004911737357043279,38.2385593117174,0.25663462625313693,82.01229972392422,1.0777873916737324,0.007233472427340485
demo_172,150,0.0,0.017999461179859556,0.00012080175288496346,50.55774530814471,0.3393137269003001,188.13885512396016,2.2773109134697664,0.015283965862213197
demo_1720,150,0.0,0.03514193960330673,0.00023585194364635388,52.64108072466453,0.35329584378969486,140.27602519148766,2.1263161656126535,0.014270578292702372
demo_1721,150,0.0,0.1165321858655562,0.000782095207151384,56.9799805217063,0.382415976655747,86.1204765884489,1.887812034137582,0.012669879423742161
demo_1722,150,0.0,0.04111703101604465,0.00027595322829560167,61.68185334447664,0.4139721700971587,102.29722642870871,1.4279334412205427,0.00958344591423183
demo_1723,150,0.0,0.019140750201386017,0.00012846141074755716,48.194067969564614,0.3234501206011048,120.6412439236557,1.8025102097112207,0.012097383957793428
demo_1724,150,0.0,0.012728628151556327,8.542703457420353e-05,52.603063125587006,0.35304069211803357,102.53006364885609,1.4394670498408009,0.009660852683495308
demo_1725,150,0.0,0.029432096162223496,0.00019753084672633218,46.98213677173959,0.31531635417274895,83.59184929560539,1.5178451890834426,0.010186880463647265
demo_1726,150,0.0,0.015060589352024244,0.00010107778088606875,43.6881638256637,0.29320915319237384,113.30486811449526,1.7014381219773775,0.01141904779850589
demo_1727,150,0.0,0.06089085487729319,0.0004086634555523033,41.62018645990653,0.27933011046917133,114.49881501075839,1.3746840170318146,0.009226067228401441
demo_1728,150,0.0,0.03339860010626502,0.00022415167856553703,54.672921122746445,0.36693235652849965,74.623416756055,1.694854604237472,0.011374863115687731
demo_1729,150,0.0,0.10146052613101803,0.0006809431283960941,52.50307123802083,0.35236960562430086,63.16082343819788,1.0876556364514314,0.007299702258063298
demo_173,150,0.0,0.024766079389918396,0.00016621529791891542,56.371137778803444,0.3783297837503587,149.81152151047834,1.952765379966775,0.013105807919240101
demo_1730,150,0.0,0.05074994008794335,0.00034060362475129766,54.2344734407944,0.36398975463620403,173.0344379336603,2.4281533500700174,0.016296331208523605
demo_1731,150,0.0,0.01391195002772344,9.336879213237207e-05,30.963133927193468,0.2078062679677414,45.92260892470408,0.6823511595364252,0.004579537983465941
demo_1732,150,0.0,0.017970167579930852,0.00012060515154316008,68.13349186100375,0.457271757456401,101.83964161222701,1.9121725077356246,0.01283337253513842
demo_1733,150,0.0,0.03561622770574751,0.00023903508527347322,53.55939929029043,0.35945905563953306,95.81231436676394,1.6337093983531736,0.010964492606397138
demo_1734,150,0.0,0.07413250709750611,0.0004975336046812491,51.94170529160548,0.3486020489369495,117.18287589191578,2.0617340669393376,0.013837141388854614
demo_1735,150,0.0,0.016139573570067005,0.00010831928570514768,39.129563690845295,0.2626145214150691,96.62642422387101,1.3550544109646976,0.00909432490580334
demo_1736,150,0.0,0.014107780927047174,9.468309347011526e-05,49.54300249024044,0.3325033724177211,99.66517919950307,1.5944617801996877,0.010701085773152267
demo_1737,150,0.0,0.0820142119269472,0.000550430952529847,49.504032220620296,0.3322418269840288,91.15037813088026,1.3522660368646178,0.009075610985668576
demo_1738,150,0.0,0.03487490984498145,0.00023405979761732516,45.320546917033035,0.30416474440961766,79.28842819566927,1.139251098822427,0.007645980529009577
demo_1739,150,0.0,0.031202309158621145,0.00020941147086322916,52.442447284739806,0.3519627334546296,167.00277008013776,2.7109228506617375,0.018194113091689515
demo_174,150,0.0,0.019670597946734064,0.00013201743588412123,50.144253786451,0.3365386160164497,179.36190594840406,2.1254209096733163,0.014264569863579305
demo_1740,150,0.0,0.00786674960921622,5.279697724306188e-05,35.7906922987379,0.24020598858213357,82.01265936336902,1.5347024982470585,0.010300016766758782
demo_1741,150,0.0,0.07147428831057352,0.00047969321013807735,56.20227244762775,0.37719645938005203,120.29022655941235,1.5216805865838838,0.01021262138646902
demo_1742,150,0.0,0.24002176392534058,0.001610884321646581,54.73541589099371,0.36735178450331346,201.52180845136638,2.9310391394148825,0.01967140362023411
demo_1743,150,0.0,0.08212325341177458,0.0005511627745756684,53.45856451828891,0.3587823122032813,100.88880462016375,1.7143929405474765,0.01150599288958038
demo_1744,150,0.0,0.026559589207241326,0.00017825227655866662,58.649464797333536,0.39362056910962107,96.7084687624845,1.2489337097192204,0.008382105434357183
demo_1745,150,0.0,0.0421823219636496,0.00028310283197080266,42.665449842480946,0.28634530095624794,75.65690010439458,1.1556117373701595,0.00775578347228295
demo_1746,150,0.0,0.012875958181659139,8.641582672254455e-05,51.23674777618525,0.3438707904441963,145.05701979356988,1.819590549483748,0.012212017110629182
demo_1747,150,0.0,0.0697948225129846,0.00046842162760392354,62.767935213843856,0.4212613101600259,112.25053803048749,1.5828403568096956,0.01062308964301809
demo_1748,150,0.0,0.028678861862319424,0.00019247558296858674,58.63854870067979,0.39354730671597177,71.4380156582022,1.2080528370565997,0.00810773716145369
demo_1749,150,0.0,0.031183453582279533,0.00020928492337100358,49.19482193600694,0.3301665901745432,101.1999621016184,2.0769155006699225,0.013939030205838405
demo_175,150,0.0,0.07986097600472003,0.0005359797047296646,47.44947380577054,0.3184528443340304,186.40110604012077,2.18897173768294,0.014691085487804966
demo_1750,150,0.0,0.01865085255202145,0.00012517350706054664,55.608441688281516,0.37321101804215784,97.85577710555322,1.3055689090619393,0.008762207443368721
demo_1751,150,0.0,0.0848681217610306,0.0005695847098055745,44.73587039623948,0.30024074091435893,114.38109116950507,1.5960106968324963,0.010711481186795277
demo_1752,150,0.0,0.028016671341367053,0.00018803135128434264,50.92248812148425,0.34176166524486074,153.3251120395968,1.9009147979796794,0.012757817436105231
demo_1753,150,0.0,0.06892581417472714,0.00046258935687736334,53.7133573712169,0.360492331350449,105.70051454952605,1.2080353312193317,0.008107619672612965
demo_1754,150,0.0,0.025241823217105348,0.00016940820951077414,57.465109455889156,0.38567187554288024,73.0617035969946,1.422523039808691,0.009547134495360342
demo_1755,150,0.0,0.07808030340128957,0.0005240288818878495,56.356434454218984,0.3782311037195905,68.88058025108162,1.1643559820786784,0.007814469678380393
demo_1756,150,0.0,0.02235288824765084,0.00015001938421242174,55.15238351340443,0.37015022492217736,128.1737897062125,2.0149167276294477,0.013522931057915757
demo_1757,150,0.0,0.23560816764425732,0.0015812628700956866,51.5393772620489,0.34590186081912017,73.02302464989617,1.0246765655663213,0.006877023929975311
demo_1758,150,0.0,0.06450981953349781,0.0004329518089496497,47.465480680891446,0.3185602730261171,90.77927512914736,2.5730046330913003,0.01726848747041141
demo_1759,150,0.0,0.009365154632548693,6.285338679562881e-05,45.33950989862101,0.3042920127424229,67.270381081273,0.8252489519941826,0.005538583570430755
demo_176,150,0.0,0.04784726799783619,0.0003211226040123234,54.717959486462156,0.3672346274259205,171.8727376092199,2.5359033073496633,0.01701948528422593
demo_1760,150,0.0,0.03525453215083248,0.00023660759832773475,50.19718890645098,0.3368938852781945,107.93795477588192,1.7672495166152773,0.011860735010840787
demo_1761,150,0.0,0.05295666633735492,0.0003554138680359391,57.444637460847616,0.38553447960300413,83.69937818012554,1.4038821779212238,0.009422028039739757
demo_1762,150,0.0,0.019531988663822233,0.00013108717224041768,31.12933726995628,0.20892172664400188,41.54909598961074,0.6463070980071286,0.0043376315302491855
demo_1763,150,0.0,0.24132762454016604,0.001619648486846752,28.031549303985905,0.18813120338245573,27.21406850019255,0.5721891427646225,0.003840195589024312
demo_1764,150,0.0,0.01390640479669,9.33315758167114e-05,54.40777049897387,0.3651528221407642,88.89053134344974,1.3121778628118186,0.008806562837663212
demo_1765,150,0.0,0.009016033467344978,6.0510291727147507e-05,49.1797898064578,0.3300657033990456,91.94921167543175,1.4556747841951279,0.009769629424128375
demo_1766,150,0.0,0.021046180434675158,0.00014124953311862523,62.817537265414025,0.42159420983499346,103.75912939464395,2.3822236921343296,0.0159880784707002
demo_1767,150,0.0,0.01460704759225096,9.803387645806013e-05,32.722402475235654,0.21961343943111178,35.50433919163081,0.5692882331486327,0.00382072639697069
demo_1768,150,0.0,0.019444851877226235,0.00013050236159212238,43.54718033586499,0.29226295527426166,58.00735947539637,0.6924000849576456,0.004646980435957353
demo_1769,150,0.0,0.011745793507649652,7.883082891040035e-05,54.70238255705097,0.36713008427550986,75.4301791618502,1.3117212675796248,0.00880349844013171
demo_177,150,0.0,0.06981608827309697,0.0004685643508261542,57.56434800541075,0.3863379060765822,165.61261799976182,2.110354513414608,0.014163453110165153
demo_1770,150,0.0,0.027174790982169673,0.00018238114753134008,49.606166680459445,0.33292729315744596,134.94365056902967,1.9944174081863533,0.013385351732794317
demo_1771,150,0.0,0.12211076379732508,0.000819535327498826,60.077361566959475,0.4032037689057683,192.34803033166017,2.3739753261836043,0.015932720309957075
demo_1772,150,0.0,0.08999060703439107,0.0006039638055999401,52.99348073993534,0.3556609445633245,118.54723129141388,1.923733498666471,0.012910963078298462
demo_1773,150,0.0,0.05971188814140519,0.00040075092712352477,56.37725394108392,0.37837083181935516,89.21048418465122,1.325947147035722,0.008898974141179343
demo_1774,150,0.0,0.026946082627480508,0.00018084619213074168,52.2972841959989,0.35098848453690534,110.55962301010777,2.7494927044931528,0.018452971171094984
demo_1775,150,0.0,0.015001299947249316,0.00010067986541778065,50.78054025146596,0.3408089949762816,121.36271141110463,1.90920450108603,0.01281345302742302
demo_1776,150,0.0,0.045557537035880696,0.00030575528212000466,53.0811620748253,0.3562494098981564,113.67394171392492,1.7382069019606852,0.01166581813396433
demo_1777,150,0.0,0.027883569167444895,0.000187138048103657,49.66420961319266,0.3333168430415615,98.09520522079623,1.1900827806327516,0.007987132755924508
demo_1778,150,0.0,0.1288443100236221,0.0008647269129102154,50.781394753940084,0.34081472989221534,203.5877909924793,2.432068073066473,0.01632260451722465
demo_1779,150,0.0,0.027977872048528585,0.00018777095334582942,50.81113733306343,0.3410143445172042,109.5057106975101,1.83417274901201,0.012309884221557115
demo_178,150,0.0,0.025854462054971463,0.00017351987956356685,40.777075501129225,0.2736716476585854,173.8727726850304,2.254283429979674,0.015129418993152175
demo_1780,150,0.0,0.05977416696061274,0.0004011689057759244,37.7122266615101,0.2531021923591282,103.01469347205561,1.360784897848842,0.009132784549321087
demo_1781,150,0.0,0.021198983225595155,0.00014227505520533662,44.84667204481098,0.300984376139671,86.67848077100894,1.0587899870375104,0.007105973067365841
demo_1782,150,0.0,0.09729676468544173,0.0006529984207076626,51.046857756250056,0.3425963607802017,128.70491268327868,2.184217404567198,0.014659177211860388
demo_1783,150,0.0,0.08782512563517396,0.0005894303733904293,47.128962398759164,0.31630176106549773,82.73993369239342,3.175834380825026,0.021314324703523662
demo_1784,150,0.0,0.028409639762079344,0.00019066872323543184,49.54420617166756,0.3325114508165608,100.41221980821803,1.4947469035768697,0.010031858413267581
demo_1785,150,0.0,0.030819619772873157,0.00020684308572398093,49.501276283190634,0.3322233307596687,86.97719138841394,1.3351635559523714,0.008960829234579673
demo_1786,150,0.0,0.028928928969882597,0.00019415388570391006,55.96949466047161,0.37563419235215845,80.47945257266652,1.5596087911338876,0.010467173094858307
demo_1787,150,0.0,0.036542976047400345,0.0002452548728013446,55.2934203346846,0.37109678076969527,120.24866981007497,1.5855134481345838,0.010641029853252241
demo_1788,150,0.0,0.010678494623011119,7.166774914772563e-05,50.08093065532598,0.33611362855923477,117.7631040872147,1.5377350818951885,0.010320369677148916
demo_1789,150,0.0,0.03525249576350818,0.00023659393129871263,57.63465355609167,0.3868097554100112,112.79081931280108,1.8041262135593539,0.012108229621203717
demo_179,150,0.0,0.02691826906469195,0.00018065952392410707,54.19262900885282,0.3637089195225021,185.02863158796262,2.443700640495736,0.0164006754395687
demo_1790,150,0.0,0.03171942127140778,0.00021288202195575694,29.685997632086636,0.19923488343682305,32.62369478571722,0.7132864687428381,0.004787157508341195
demo_1791,150,0.0,0.06884131268604915,0.00046202223279227615,50.584769549891504,0.3394950976502786,80.95773386407119,1.556045935807072,0.010443261314141422
demo_1792,150,0.0,0.013972354174629999,9.37741890914765e-05,53.151012031612204,0.35671820155444434,93.47697812921419,1.601665491225949,0.010749432827019791
demo_1793,150,0.0,0.02529969822257892,0.00016979663236630147,49.2956110992683,0.3308430275118678,63.56841585036007,1.3234332642903603,0.008882102444901747
demo_1794,150,0.0,0.08694292669701124,0.0005835095751477265,49.46643331837657,0.33198948535823203,141.62828075633666,2.465630513467218,0.016547855795082
demo_1795,150,0.0,0.025364000611129346,0.0001702281920210023,54.35146764452355,0.36477495063438625,106.60180334700247,1.6262708259263596,0.010914569301519192
demo_1796,150,0.0,0.019486778698375336,0.00013078374965352574,49.59233948390553,0.33283449318057406,67.884725441429,1.2283413654935649,0.008243901781836005
demo_1797,150,0.0,0.05165536209661155,0.0003466802825275943,48.71262290558549,0.32693035507104357,68.49523349192245,2.7899545499647243,0.018724527180971305
demo_1798,150,0.0,0.06098871007590395,0.00040932020185170437,48.860443288471025,0.32792243817765787,121.32704808129208,1.662995671479702,0.011161044775031558
demo_1799,150,0.0,0.15059910292214262,0.001010732234376796,44.20647287542804,0.29668773741898014,66.27097059918314,1.8693330780471304,0.012545859584208929
demo_18,150,0.0,0.08285792957121273,0.000556093487055119,62.518206118011456,0.41958527595980843,177.94516892006365,2.5266269127091374,0.01695722760207475
demo_180,150,0.0,0.02805474654906737,0.00018828688959105617,57.03240536160496,0.38276782121882524,192.66859399269174,2.3532022687568572,0.015793303817160115
demo_1800,150,0.0,0.00915449864747093,6.143958823805993e-05,39.441125556936804,0.26470554065058255,48.08679265519896,0.9313730838612937,0.006250826066183179
demo_1801,150,0.0,0.07535000553296631,0.0005057047351205793,52.59458822691013,0.35298381360342374,112.3867524275639,1.6671504091634328,0.011188928920559952
demo_1802,150,0.0,0.019253719077832004,0.0001292195911263893,53.31987722473947,0.3578515249982515,98.71273486454623,1.4564369613155925,0.009774744706816057
demo_1803,150,0.0,0.01754173675290755,0.00011772977686515135,47.80154237615145,0.3208157206453118,135.05125138446402,1.5206858583747038,0.010205945358219488
demo_1804,150,0.0,0.08068802946698643,0.0005415303991072915,46.26292749508887,0.3104894462757642,117.43484515284467,4.0517552267489965,0.027192988098986553
demo_1805,150,0.0,0.10273016870721928,0.0006894642195115388,45.99249813357071,0.30867448411792425,150.7300619519016,1.660318403506224,0.011143076533598818
demo_1806,150,0.0,0.0372003445447196,0.00024966674191086977,44.415384412348715,0.2980898282707967,69.43617898114259,1.009831353166542,0.006777391631990214
demo_1807,150,0.0,0.08630753167722129,0.0005792451790417536,44.49806907744754,0.2986447589090439,104.97711581463955,1.5478980073355775,0.010388577230440118
demo_1808,150,0.0,0.011224099661375829,7.532952792869684e-05,58.594841560155075,0.39325397020238306,169.80502477249976,1.9750027575128573,0.01325505206384468
demo_1809,150,0.0,0.047009662553776095,0.0003155010909649402,48.02213200451029,0.32229618794973347,139.85816349378396,2.5753521801637635,0.017284242819891032
demo_181,150,0.0,0.09763177831355603,0.000655246834319168,57.00702808317268,0.38259750391391056,151.4217333585443,2.0267293506065394,0.013602210406755298
demo_1810,150,0.0,0.01622563126926891,0.00010889685415616718,51.82383140998361,0.3478109490602927,112.43190817355722,1.4262258337446039,0.00957198546137318
demo_1811,150,0.0,0.01623996325541178,0.0001089930419826294,58.05256634338008,0.389614539217316,98.38791954089294,1.872347797975323,0.012566092603861228
demo_1812,150,0.0,0.09294497597998896,0.0006237917851005971,49.27324041903097,0.33069288871832864,75.78345128332114,1.128174256715583,0.007571639306815993
demo_1813,150,0.0,0.1880029940067441,0.001261765060447947,41.19626059018765,0.27648497040394393,87.12893182079283,1.247110778454618,0.008369870996339719
demo_1814,150,0.0,0.03646405952012814,0.00024472523167871235,55.70339096673731,0.3738482615217269,106.32887898485767,3.3457669429114905,0.022454811697392555
demo_1815,150,0.0,0.06381730106214566,0.00042830403397413195,62.77407913794778,0.4213025445499851,123.1917384347812,2.0401212397735558,0.013692088857540642
demo_1816,150,0.0,0.015362432277943793,0.00010310357233519324,64.69540352655252,0.43419733910437935,105.94096458420165,1.259953762322413,0.00845606551894237
demo_1817,150,0.0,0.10420774288894773,0.0006993808247580384,47.06892460380872,0.31589882284435383,94.05159464298059,3.253986291145767,0.021838834168763536
demo_1818,150,0.0,0.056807942648969476,0.00038126136006019784,50.44642749890048,0.3385666275093992,92.10326765819667,1.6907280083307952,0.011347167841146276
demo_1819,150,0.0,0.076720085116678,0.0005148999001119329,35.21839766090229,0.23636508497249858,51.48721873205423,1.7964699254721124,0.012056845137396728
demo_182,150,0.0,0.01248485212771793,8.379095387730154e-05,49.348638577905874,0.33119891663024076,185.96882074909053,2.3370083981534924,0.01568462012183552
demo_1820,150,0.0,0.11475006218131109,0.000770134645512155,51.898476692367325,0.3483119241098478,54.59089435059164,0.9001593984548425,0.006041338244663372
demo_1821,150,0.0,0.144925546646679,0.0009726546754810671,37.983641775866296,0.2549237703078275,63.57736774790705,1.0272437973303261,0.006894253673357893
demo_1822,150,0.0,0.06207754396372067,0.0004166278118370515,63.521632659172596,0.42631968227632616,135.87961682075027,1.9988209720144896,0.013414905852446238
demo_1823,150,0.0,0.03350426612457205,0.00022486084647363794,46.17336804352565,0.30988837613104464,112.25065523398277,1.4413835695467736,0.009673715231857541
demo_1824,150,0.0,0.08129067698202577,0.0005455750133021864,51.91950732347685,0.3484530692850795,90.72394937381887,1.4761567634740314,0.009907092372308935
demo_1825,150,0.0,0.08890916674793901,0.0005967058171002618,44.00129278473815,0.2953106898304574,83.1211139369505,1.1003804872042315,0.007385103940967997
demo_1826,150,0.0,0.10877010427680317,0.0007300006998443166,56.20085787514329,0.37718696560498854,130.9279794537113,2.1390122262155398,0.014355786753124428
demo_1827,150,0.0,0.02624156203914764,0.00017611786603454792,45.28492764619945,0.30392568890066746,107.09747211322917,3.320345851080364,0.022284200342821234
demo_1828,150,0.0,0.02742962214282187,0.00018409142377732798,50.891019730829235,0.3415504679921425,91.65283988124652,1.4157432635944893,0.009501632641573754
demo_1829,150,0.0,0.08793576146856115,0.0005901728957621553,35.81183103874345,0.24034785932042582,71.3730079660213,1.0876841067367802,0.007299893333803893
demo_183,150,0.0,0.04551576113921739,0.00030547490697461333,59.40135492459524,0.3986668115744647,188.93313087355838,2.1566259420473477,0.014473999611056025
demo_1830,150,0.0,0.022164656154692538,0.0001487560815751177,36.07261037092537,0.24209805618070718,68.01623295904034,0.9531944335508702,0.006397278077522619
demo_1831,150,0.0,0.014695428386867335,9.862703615347205e-05,35.82385931546211,0.24042858600981282,54.86996417669633,0.7619607043214093,0.005113830230345028
demo_1832,150,1.0,0.14345133078527633,0.0009627606092971566,46.37792973323005,0.31126127337738285,71.6409277956927,2.0927105910808828,0.01404503752403277
demo_1833,150,0.0,0.049295427600955836,0.0003308417959795694,49.23176302771068,0.3304145169645012,121.43132472662363,1.9105523785692164,0.012822499185028298
demo_1834,150,0.0,0.18136840185759873,0.001217237596359723,42.83940277877308,0.2875127703273361,62.75316681967187,0.9671452710249352,0.006490907859227753
demo_1835,150,0.0,0.019436364684634326,0.0001304454005680156,46.05861921031826,0.30911824973367963,94.30643514810899,1.375572954354392,0.009232033250700617
demo_1836,150,0.0,0.11433201981938672,0.000767328992076421,47.73439901287334,0.3203650940461298,89.31704427679348,1.2649755492764772,0.00848976878709045
demo_1837,150,0.0,0.04082979662298703,0.00027402548069118814,40.81809880819726,0.2739469718670957,67.87680912317371,2.252412396823118,0.015116861723645087
demo_1838,150,0.0,0.006717261980130564,4.5082295168661505e-05,60.25936242606084,0.4044252511816164,100.08650288087965,1.6134126409655507,0.010828272758158059
demo_1839,150,0.0,0.027921557077140387,0.0001873930005177207,46.38492606178054,0.31130822860255397,151.93052066205956,2.1842114651549673,0.014659137350033338
demo_184,150,0.0,0.1345363265547391,0.0009029283661391886,51.842104562342044,0.3479335876667251,183.5408131737835,2.0916149938358157,0.014037684522388025
demo_1840,150,0.0,0.025292525365340972,0.00016974849238483874,56.130035480198686,0.376711647518112,110.85060553444366,1.7668286247690936,0.011857910233349622
demo_1841,150,0.0,0.2531698761140607,0.0016991266853292667,61.123468059095636,0.41022461784627945,145.66647601095295,1.8160601765255335,0.012188323332386132
demo_1842,150,0.0,0.07584507270907735,0.0005090273336179688,52.589024941713376,0.3529464761188817,140.69377847555995,2.580507613241737,0.017318843041890852
demo_1843,150,0.0,0.028997981646495183,0.00019461732648654484,55.84937031736161,0.3748279887071249,135.96724654040702,1.9107133589468406,0.012823579590247252
demo_1844,150,0.0,0.04175493661772491,0.0002802344739444625,55.09590427842945,0.36977116965388895,50.87146817965561,0.797233843501093,0.005350562708061027
demo_1845,150,0.0,0.018019035235651463,0.00012093312238692257,45.17207703522823,0.30316830224985386,104.85024995342853,1.9242403509505905,0.012914364771480473
demo_1846,150,0.0,0.06552984928596993,0.00043979764621456327,54.48959839889811,0.3657020026771685,73.23823934423065,1.9948416675065146,0.013388199110781977
demo_1847,150,0.0,0.10542526696509849,0.0007075521272825402,52.44248272092069,0.3519629712813469,63.250648414650655,1.4936880384959947,0.01002475193621473
demo_1848,150,0.0,0.09914757710972846,0.0006654199806022045,50.55966708491902,0.3393266247310001,122.33814587367759,1.810458152120754,0.012150725853159423
demo_1849,150,0.0,0.15591180779432565,0.0010463879717739976,55.11272020385613,0.3698840282137995,142.3668714744685,2.12342734431724,0.014251190230317047
demo_185,150,0.0,0.09942606716772127,0.0006672890413941025,51.04225908257072,0.34256549719846124,182.37716009110918,2.1925172288175716,0.014714880730319272
demo_1850,150,0.0,0.0351603998664425,0.00023597583802981547,63.96764753580413,0.42931307071009484,155.9352542296106,2.570879006758668,0.017254221521870255
demo_1851,150,0.0,0.06913777876959423,0.000464011938050968,52.5957625151126,0.3529916947322993,135.35743435931263,1.9957799204409228,0.013394496110341764
demo_1852,150,0.0,0.03492791974437939,0.0002344155687542241,47.60548894549416,0.31949992580868564,79.96822677271652,2.1084820311876165,0.014150886115353131
demo_1853,150,0.0,0.07543096283826256,0.0005062480727400172,58.58867891085633,0.3932126101399754,118.31321634125564,1.511661970228563,0.010145382350527268
demo_1854,150,0.0,0.060378909747948954,0.0004052275822009997,44.84987518784708,0.30100587374394017,95.6344254378206,1.9001307394165865,0.012752555298097896
demo_1855,150,0.0,0.0706411796873875,0.00047410187709656047,40.29167444347268,0.270413922439414,63.8055944324167,1.4026504352190143,0.009413761310194727
demo_1856,150,0.0,0.0338051983572593,0.0002268805258876463,55.17422897779711,0.3702968387771618,163.03742234417635,3.204440344118101,0.021506311034349673
demo_1857,150,0.0,0.01248014043628536,8.375933178715006e-05,32.86074543870303,0.22054191569599346,66.32612047276517,1.0508401133914274,0.00705261821068072
demo_1858,150,0.0,0.0404747619180478,0.00027164269743656244,43.795544734403094,0.29392983043223553,89.44642500609149,1.4359816720303116,0.009637460886109474
demo_1859,150,0.0,0.08485619820283197,0.0005695046859250468,54.293105908901126,0.3643832611335646,117.69910304856514,2.3314863389356573,0.01564755932171582
demo_186,150,0.0,0.010227866391173812,6.864339859848197e-05,62.884448649308744,0.42204327952556203,151.5274473026321,2.0581496804248447,0.013813085103522447
demo_1860,150,0.0,0.17641277054563573,0.0011839783258096358,44.16513745103947,0.29641031846335214,73.57579091513817,1.124795081927319,0.007548960281391402
demo_1861,150,0.0,0.04612337058194943,0.0003095528226976472,48.61949587646781,0.3263053414528041,97.7536291037917,1.5993931181129373,0.010734182000757968
demo_1862,150,0.0,0.037168705814710996,0.0002494544014410134,59.874761440906745,0.40184403651615264,122.69494614119715,1.7128659937785862,0.011495744924688498
demo_1863,150,0.0,0.06402525477947978,0.0004296996965065757,61.49728511085799,0.41273345711985227,136.5778257862252,1.576499822797887,0.010580535723475752
demo_1864,150,0.0,0.2700912494592624,0.0018126929493910227,35.18099879517759,0.23611408587367508,86.29130203597833,0.985669411054905,0.006615230946677215
demo_1865,150,0.0,0.03783660061278219,0.00025393691686431,37.46080988405387,0.25141483143660315,75.32970122761716,0.9318097770794618,0.0062537568931507505
demo_1866,150,0.0,0.03247118924132972,0.00021792744457268268,48.65977316240905,0.32657565880811446,90.07646851756617,2.62219563602156,0.017598628429674898
demo_1867,150,0.0,0.04056170217736068,0.0002722261891098032,51.61419272365002,0.346403978011074,118.66380064720688,1.4397978168420744,0.009663072596255533
demo_1868,150,0.0,0.13964868029653632,0.000937239465077425,53.52889358634218,0.359254319371424,117.95283132640719,1.4645639446763328,0.009829288219304247
demo_1869,150,0.0,0.07709866728514546,0.0005174407200345333,46.64450394607864,0.3130503620542191,79.22829520774447,1.1819814329121003,0.007932761294712083
demo_187,150,0.0,0.060177028319070354,0.00040387267328235136,58.53146371167369,0.39282861551458853,164.62975057309234,1.958523328183498,0.013144451867003342
demo_1870,150,0.0,0.023143218713703596,0.00015532361552821205,62.877831695092894,0.42199887043686507,74.94241824055963,1.1695813926209346,0.007849539547791507
demo_1871,150,0.0,0.05209823113884678,0.0003496525579788375,44.443541817864954,0.2982788041467447,94.77607707377847,1.5970296911430477,0.010718320074785554
demo_1872,150,0.0,0.08450838624048125,0.0005671703774528943,53.53952210012061,0.3593256516786618,58.81092697990911,1.0995876017050552,0.007379782561778894
demo_1873,150,0.0,0.05325924240279925,0.0003574445798845587,45.0606998671334,0.3024208044774054,81.56292065180429,1.3776456626780949,0.009245944044819428
demo_1874,150,0.0,0.05018347059245622,0.0003368018160567531,54.91555693461475,0.3685607847960721,134.28730587942707,2.3507810115862884,0.015777053769035494
demo_1875,150,0.0,0.056227934459840465,0.000377368687649936,46.31240206648313,0.3108214903790814,107.27395652225128,4.238242808977631,0.028444582610588128
demo_1876,150,0.0,0.03994585173781818,0.0002680929646833435,42.801310106334135,0.2872571148076116,66.51656265357683,0.7192815685028578,0.004827393077200389
demo_1877,150,0.0,0.06919707431514366,0.0004644098947325078,52.54098372507258,0.35262405184612466,74.3453626222341,2.692214645264733,0.01806855466620626
demo_1878,150,0.0,0.04356808250936423,0.00029240323831788073,41.71081057820777,0.2799383260282401,85.19819440061181,1.1566655158744248,0.0077628558112377505
demo_1879,150,0.0,0.03168961512971912,0.00021268198073636996,55.76671999058974,0.37427328852744796,96.35914092785927,1.6409922985159562,0.011013371130979572
demo_188,150,0.0,0.010148689949652012,6.811201308491283e-05,52.929614348871986,0.35523231106625497,148.5019500645091,1.8895163586723829,0.012681317843438811
demo_1880,150,0.0,0.056722861553336494,0.0003806903459955469,54.89855407784281,0.3684466716633746,142.06979824907592,1.4241773573349767,0.00955823729755018
demo_1881,150,0.0,0.09828029596322058,0.0006595993017665811,48.50951837867092,0.3255672374407444,52.665770463896116,2.279442197277034,0.015298269780382777
demo_1882,150,0.0,0.06253147308095558,0.00041967431597956763,59.52651292447778,0.39950679815085754,126.71110418120999,1.7309121921328525,0.011616860349884916
demo_1883,150,0.0,0.20856725199401113,0.001399780214724907,53.94901758010393,0.3620739434906304,80.74005512515609,1.1284376957908684,0.00757340735430113
demo_1884,150,0.0,0.04154874262222164,0.0002788506216256486,50.21714439057216,0.3370278147018266,131.16086777989457,1.9260207900641897,0.012926314027276441
demo_1885,150,0.0,0.02972015422654813,0.00019946412232582636,36.48140241459687,0.24484162694360317,62.679447374559196,0.8589088847340074,0.00576448915928864
demo_1886,150,0.0,0.030173215526938447,0.00020250480219421776,52.24621655025374,0.3506457486594211,110.31515805477407,2.1443173068896675,0.014391391321407165
demo_1887,150,0.0,0.14164891822895861,0.0009506638807312658,48.609991682178915,0.32624155491395246,78.31968915550996,1.246816305204356,0.008367894665801047
demo_1888,150,0.0,0.012881679469974481,8.645422463070122e-05,46.51274284511951,0.3121660593632182,123.35580610384308,1.6952665459295577,0.011377627825030589
demo_1889,150,0.0,0.016206872528724603,0.00010877095656862149,52.602737573220566,0.3530385072028226,97.53975781995965,1.8590080213684608,0.012476563901801751
demo_189,150,0.0,0.0306596195163188,0.0002057692584987839,43.58218787467531,0.2924979051991632,173.86468796742747,2.18560214759165,0.014668470789205704
demo_1890,150,0.0,0.07233073368277615,0.00048544116565621577,42.207119102689376,0.28326925572274747,105.66844247749722,1.4826497472266122,0.009950669444473908
demo_1891,150,0.0,0.2733252433107193,0.0018343976061122099,41.43438314998461,0.27808310838915845,103.70963298560429,1.3343456674871539,0.008955340050249354
demo_1892,150,0.0,0.024509156559226364,0.00016449098361896887,49.23529571764329,0.330438226292908,137.94406826195436,2.003337793998151,0.013445220093947321
demo_1893,150,0.0,0.12555951677343166,0.0008426813206270582,35.54123521166405,0.23853177994405403,46.08441621871863,1.0319690509764303,0.006925966785076713
demo_1894,150,0.0,0.04604454276016488,0.0003090237769138583,22.34133412194647,0.14994183974460717,32.86747126843936,0.5381557790577498,0.003611783752065435
demo_1895,150,0.0,0.20866767686878052,0.0014004542071730235,51.48332664333759,0.345525682170051,66.8841525458804,1.114971450101145,0.007483029866450637
demo_1896,150,0.0,0.052486643205599925,0.0003522593503731539,54.08323215947327,0.3629747124796864,54.647541475346074,2.4367201079487013,0.01635382622784363
demo_1897,150,1.0,0.07860532779256696,0.0005275525355205836,53.39913823085074,0.3583834780594009,123.75045209137006,3.124126122150122,0.020967289410403503
demo_1898,150,0.0,0.019285469808164868,0.00012943268327627428,57.9482084439756,0.3889141506307087,135.17194853522426,2.5620874917898915,0.01719521806570397
demo_1899,150,0.0,0.15045215248328747,0.0010097459898207213,47.30574104160679,0.31748819491011265,94.19828217806518,1.43163701991127,0.009608302147055504
demo_19,150,0.0,0.14042997427002998,0.0009424830487921476,54.56749779928083,0.36622481744483776,198.58040904404263,2.51243068955799,0.016861950936630805
demo_190,150,0.0,0.10523447717130507,0.0007062716588678193,48.29973648151869,0.3241593052450919,157.52225881506467,1.885096640775568,0.012651655307218578
demo_1900,150,0.0,0.04107830544507744,0.00027569332513474793,60.83335041098674,0.40827751953682373,101.5420100604018,1.5884800603379716,0.010660940002268266
demo_1901,150,0.0,0.05125495723492391,0.00034399300157667055,55.26195736578141,0.37088561990457325,103.03476386906787,1.2762767140236448,0.008565615530360032
demo_1902,150,0.0,0.06888810981785126,0.00046233630750235744,55.62657754571669,0.3733327352061523,77.52213673240793,1.2144516293681897,0.008150682076296576
demo_1903,150,0.0,0.05826250903522077,0.0003910235505719515,49.18049131250327,0.33007041149331057,78.30728342746265,1.0717590613496606,0.0071930138345614805
demo_1904,150,0.0,0.03508133352099169,0.00023544519141605158,49.24378558540975,0.3304952052712064,55.86145407533283,0.8715580431790148,0.005849382840127616
demo_1905,150,0.0,0.025228662807279163,0.00016931988461261184,49.706090653923034,0.33359792385183246,97.85544279643972,1.1278700933105301,0.00756959794168141
demo_1906,150,0.0,0.019693059503167774,0.00013216818458501863,42.04538199368568,0.28218377176970255,100.3655226886391,2.000826006706252,0.013428362461115785
demo_1907,150,0.0,0.035669741940513,0.00023939424121149664,53.58013080537385,0.3595981933246567,70.14523257332712,1.1282029369704323,0.007571831791747868
demo_1908,150,0.0,0.016601062440961167,0.0001114165264494038,38.97243505892391,0.2615599668384155,49.71306601049252,1.0321671713627032,0.006927296452098679
demo_1909,150,0.0,0.23011418490301164,0.0015443905027047761,57.18862233193952,0.38381625726133906,70.80282706992651,2.973440230438031,0.01995597470092638
demo_191,150,0.0,0.07349017602512137,0.0004932226578867206,52.15877837799745,0.35005891528857347,176.20705230736013,2.329356362880757,0.015633264180407766
demo_1910,150,0.0,0.04771343054805068,0.00032022436609429987,55.44100116292513,0.3720872561270143,80.16035224593398,3.1412199205184486,0.021082012889385562
demo_1911,150,0.0,0.017815371887168197,0.00011956625427629662,48.48844452158742,0.3254258021583048,128.64200407390675,2.1364257722675477,0.014338428001795623
demo_1912,150,1.0,0.08335386719435109,0.0005594219274788663,36.93208313334395,0.24786632975398626,90.40224993233254,2.489993115180265,0.016711363189129295
demo_1913,150,0.0,0.06786243693008977,0.00045545259684624004,46.645145105482754,0.31305466513746816,46.78585004013324,0.7942196320663496,0.00533033310111644
demo_1914,150,0.0,0.016701837222282214,0.00011209286726363902,51.219972017524505,0.343758201459896,105.97137177040162,1.31456815870256,0.00882260509196349
demo_1915,150,0.0,0.1433280445469135,0.0009619331848786141,42.382372713445,0.284445454452651,85.11608206072455,1.4027307459167409,0.009414300308166045
demo_1916,150,0.0,0.029779918346969924,0.00019986522380516727,49.97900622317695,0.33542957196763057,159.98211802483954,1.9309840414706494,0.012959624439400332
demo_1917,150,0.0,0.01745653885081649,0.00011715797886454021,36.00257427134327,0.24162801524391456,60.84208140596798,0.867755473341903,0.00582386223719398
demo_1918,150,0.0,0.06030989183196329,0.000404764374711163,33.279939166554385,0.2233552964198281,48.90568635909187,0.6930570354499008,0.004651389499663764
demo_1919,150,0.0,0.021970469266091287,0.00014745281386638448,35.928899351285345,0.24113355269319023,81.97160925340785,1.4820702191303692,0.009946779994163551
demo_192,150,0.0,0.06491705180692094,0.0004356849114558452,51.1739475606509,0.3434493124875899,177.93401060439942,2.299774995470477,0.015434731513224678
demo_1920,150,0.0,0.05120952794961526,0.00034368810704439774,45.94637790763262,0.30836495240021894,125.34455747893476,2.4005720320470747,0.016111221691591106
demo_1921,150,0.0,0.02412480963364427,0.00016191147405130382,35.29985227697832,0.23691176024817664,47.520874546722624,0.7474963975401719,0.005016754345907194
demo_1922,150,0.0,0.10935777921141768,0.0007339448269222663,28.618359331198103,0.19206952571273894,48.94370672092782,0.7751802043529851,0.005202551707067014
demo_1923,150,0.0,0.008468216789461995,5.683366972793285e-05,28.354768301017966,0.19030045839609372,35.80695428415499,0.6082245086230185,0.004082043682033681
demo_1924,150,0.0,0.02332805298669273,0.0001565641140046492,49.16050152634881,0.32993625185469,100.75193611530605,2.1327170304765377,0.0143135371172922
demo_1925,150,0.0,0.008561514948788387,5.7459831871063e-05,46.71640426935062,0.31353291455940013,78.85786430203969,1.2694661803500074,0.00851990725067119
demo_1926,150,0.0,0.020904262151824154,0.0001402970614216386,51.920891127742166,0.34846235656202795,98.61235698125648,1.7719049888637306,0.01189197979103175
demo_1927,150,0.0,0.10550204134888119,0.0007080673916032295,55.269389033484366,0.3709354968690226,69.93054560640068,0.9762714733743769,0.006552157539425348
demo_1928,150,0.0,0.08393122733972246,0.0005632968277833721,55.42120351744938,0.3719543860231502,92.31863684762749,2.5624267124764812,0.017197494714607256
demo_1929,150,0.0,0.2020038805322244,0.0013557307418270094,59.55471239035811,0.39969605631112826,78.56682594547287,1.648980507493849,0.0110669832717708
demo_193,150,0.0,0.11820657587116863,0.0007933327239675747,57.459276671992846,0.38563272934223386,180.54418750075882,2.4391532266970275,0.016370155883872667
demo_1930,150,0.0,0.153073851335125,0.0010273412841283556,53.06559076496536,0.35614490446285474,143.343214729929,2.3360726377209504,0.01567833985047618
demo_1931,150,0.0,0.20120929155187847,0.001350397929878379,43.76894275887818,0.2937512936837462,94.34813572363439,2.013419445561145,0.013512882184974128
demo_1932,150,0.0,0.3023375161817286,0.002029110846857239,54.07293905663366,0.36290563125257486,120.94966067439132,1.7344596416369007,0.011640668735818125
demo_1933,150,0.0,0.04157734088995198,0.0002790425563084025,44.14665754638501,0.2962862922576175,69.82185932372484,2.153553191208662,0.014453377122205784
demo_1934,150,0.0,0.03645116156484113,0.00024463866822041025,49.732768765447304,0.33377697158018327,92.8704273199806,1.35200878929803,0.009073884491933087
demo_1935,150,0.0,0.03201212090999523,0.00021484644906037066,21.362208708923312,0.14337052824780747,32.99553471649801,0.559675423772388,0.0037562108978012616
demo_1936,150,0.0,0.0590767904762368,0.000396488526686153,58.7888553794318,0.3945560763720255,56.21704179123407,1.1855648402087489,0.007956811008112408
demo_1937,150,0.0,0.028540360193101466,0.00019154604156443938,53.18802206441211,0.3569665910363229,113.54600769812689,1.973779132341001,0.013246839814369134
demo_1938,150,0.0,0.08931155913067904,0.0005994064371186512,37.42094222480349,0.25114726325371467,62.69731655787755,1.5364600097806695,0.01031181214617899
demo_1939,150,0.0,0.030380085017713155,0.00020389318803834333,46.3838183044407,0.3113007939895349,80.88140269987387,1.1651135825991217,0.00781955424563169
demo_194,150,0.0,0.011199830799038609,7.516664965797724e-05,48.28485365541676,0.3240594205061528,172.0324056802262,2.1937685043786184,0.014723278552876633
demo_1940,150,0.0,0.0815735968768627,0.0005474738045427027,46.97122695976397,0.31524313395814746,96.51788464675597,1.600163847023564,0.010739354678010496
demo_1941,150,0.0,0.08235867288619544,0.0005527427710482916,49.55394774426175,0.332576830498401,87.06377804170148,2.946468289999535,0.019774954966439832
demo_1942,150,0.0,0.043363376848781644,0.0002910293748240379,43.94228360659381,0.29491465507781084,148.37380394501864,2.0886400751880787,0.014017718625423347
demo_1943,150,0.0,0.025398199066008566,0.00017045771185240647,38.15513501073562,0.2560747316156753,66.17227695675994,2.453316011920859,0.01646520813369704
demo_1944,150,0.0,0.05960255456963582,0.0004000171447626565,51.390039849825044,0.3448995963075506,75.493544324078,1.261981587898613,0.008469675086567872
demo_1945,150,0.0,0.08325530359367318,0.0005587604268031758,47.48689720889833,0.3187040081134116,74.916111196715,3.127486866767403,0.02098984474340539
demo_1946,150,0.0,0.011098861717929063,7.448900481831586e-05,54.34163568256239,0.3647089643124993,104.8516565000144,1.4419880780801848,0.009677772336108623
demo_1947,150,0.0,0.15318788925079374,0.001028106639267072,51.68231424352155,0.34686116941960776,131.17780449730165,2.2639538945429796,0.015194321439885769
demo_1948,150,0.0,0.06855786275971809,0.00046011988429341,34.92697753650893,0.23440924521146933,64.43012946217631,0.9992758024403305,0.006706549009666648
demo_1949,150,0.0,0.014587334187167232,9.790157172595458e-05,42.615278213712884,0.2860085786155227,93.8508807902944,1.9219529596826805,0.012899013152232755
demo_195,150,0.0,0.011139005574239226,7.475842667274648e-05,47.52366956317384,0.3189508024374083,162.42353133034192,2.003882549507935,0.013448876171194194
demo_1950,150,0.0,0.016904583706790155,0.00011345358192476615,53.73386649470998,0.36062997647456363,129.47851954130635,1.9586646002190706,0.013145400001470273
demo_1951,150,0.0,0.05533173117466959,0.0003713539005011382,58.46321841424986,0.39237059338422725,122.84237240441703,1.6015334679201632,0.010748546764564854
demo_1952,150,0.0,0.022975321128578047,0.00015419678609783925,50.95460589060589,0.3419772207423214,114.72721987917993,1.696599015935715,0.011386570576749765
demo_1953,150,0.0,0.014369791517436328,9.64415538082975e-05,40.44479044475706,0.2714415466091078,72.93799564655572,1.4678010841103855,0.009851013987318023
demo_1954,150,0.0,0.05195728970711982,0.0003487066423296632,52.25414774308856,0.35069897814153395,83.9676929673903,1.2088409293852385,0.00811302637171301
demo_1955,150,0.0,0.08555782757095347,0.0005742136078587481,40.32772972470809,0.27065590419267177,82.06760671845716,1.1980406154588994,0.008040541043348318
demo_1956,150,0.0,0.04249264418200446,0.00028518553142284873,54.883810938188546,0.3683477244173728,129.6116462104594,2.520183933027438,0.016913986127700925
demo_1957,150,0.0,0.22768891431451235,0.0015281135188893447,48.57821053245407,0.3260282586070743,78.99613832923725,1.6430765129511073,0.011027359147322868
demo_1958,150,0.0,0.039260139174501676,0.00026349086694296426,54.01523774453941,0.3625183741244256,146.53215093146287,2.1439821611478456,0.01438914202112648
demo_1959,150,0.0,0.06247776304686659,0.0004193138459521248,46.92387770798194,0.3149253537448452,102.88950355262793,1.79176033994236,0.012025237180821208
demo_196,150,0.0,0.03755876898634865,0.0002520722750761654,52.37280704500772,0.3514953492953538,126.23718668520911,1.7106583106375064,0.011480928259312123
demo_1960,150,0.0,0.06738956444118191,0.00045227895598108663,62.52548124366328,0.419634102306465,95.83440384662711,3.500793296927382,0.02349525702635827
demo_1961,150,0.0,0.01379116126795355,9.255812931512449e-05,47.30352525779952,0.31747332387784916,112.493542022782,1.475838770922609,0.00990495819411147
demo_1962,150,0.0,0.0029324792280147477,1.968106864439428e-05,48.16198774544527,0.3232348170835253,85.35217323768475,1.2205569155479459,0.008191657151328496
demo_1963,150,0.0,0.0008359667094632646,5.610514828612514e-06,27.093449478994735,0.18183523140264923,30.191413409838187,0.4589508889492631,0.003080207308384316
demo_1964,150,0.0,0.07012182209320715,0.0004706162556591084,43.37892617044537,0.2911337326875528,60.824347620658116,1.9573058806487338,0.013136281078179421
demo_1965,150,0.0,0.08928874493337466,0.0005992533217005011,48.49698861233786,0.32548314504924736,81.3913139465118,1.1325648425321404,0.0076011063257190635
demo_1966,150,0.0,0.12198770051258541,0.0008187093994133249,54.96306107630247,0.36887960453894275,71.91951997078674,1.203711463202354,0.008078600424176872
demo_1967,150,0.0,0.021718036654575727,0.0001457586352656089,50.63710280302771,0.3398463275370987,118.46905945124452,1.6429268845578686,0.011026354929918582
demo_1968,150,0.0,0.020291985031442483,0.00013618781900296968,54.846255181125414,0.3680956723565464,110.43710415476453,1.4770544742020135,0.009913117276523581
demo_1969,150,0.0,0.02897506174164829,0.0001944635016218006,53.52743886136914,0.3592445561165714,81.8565541952753,2.5855869081892675,0.017352932269726628
demo_197,150,0.0,0.10827643831017941,0.0007266875054374458,69.88003249043135,0.46899350664719025,176.0082281817566,2.314929704374606,0.015536440968957087
demo_1970,150,0.0,0.06252302055881642,0.00041961758764306323,63.781261812098066,0.4280621598127387,144.14086820476916,2.7203561119431745,0.01825742357008842
demo_1971,150,0.0,0.22390657016587348,0.0015027286588313656,55.197119694536326,0.37045046774856594,65.95618214386393,1.7121141499734251,0.011490698993110235
demo_1972,150,0.0,0.06730117008883363,0.0004516857052941854,44.77238973866435,0.300485837172244,119.02527327213986,2.0235581233565885,0.013580927002393212
demo_1973,150,0.0,0.0502116335008406,0.000336990828864702,45.84604066896609,0.3076915481138664,71.9996158498925,0.9741154661847256,0.006537687692514936
demo_1974,150,0.0,0.023844045997716386,0.00016002715434708983,54.243129931628296,0.3640478518901228,76.86028643426872,1.564032739517757,0.010496864023609106
demo_1975,150,0.0,0.0340430977904255,0.0002284771663786946,37.519574671232604,0.25180922598142685,39.78721783604894,0.5782259809465968,0.003880711281520784
demo_1976,150,0.0,0.02690907529477072,0.00018059782077027329,57.48990463195168,0.3858382861204811,149.47887314062237,1.8965141384271287,0.012728282808235764
demo_1977,150,0.0,0.01028690001583949,6.903959742174154e-05,56.97570668187747,0.3823872931669629,134.38048157036394,1.8177211314373958,0.012199470680787892
demo_1978,150,0.0,0.17013401869302386,0.0011418390516310325,42.6832437294341,0.28646472301633624,95.99020678446708,3.0680283525333896,0.02059079431230463
demo_1979,150,0.0,0.019314570943936116,0.00012962799291232294,53.00823488196799,0.3557599656507919,134.3256942868614,2.2299374686166806,0.014966023279306582
demo_198,150,0.0,0.10500097497121226,0.000704704530008136,44.09850351975264,0.2959631108708231,173.335636852079,2.287700749709173,0.015353696306772973
demo_1980,150,0.0,0.023070737177017138,0.00015483716226186,54.78697173286902,0.36769779686489273,148.58373630796333,2.306127609950977,0.0154773665097381
demo_1981,150,0.0,0.053001211120034364,0.00035571282630895545,57.15008701297758,0.38355763095958106,80.96343443053105,1.7762706908832508,0.011921279804585577
demo_1982,150,0.0,0.13718553700678227,0.0009207083020589413,45.00717619913963,0.302061585229125,115.6175842479665,1.4924983942862495,0.01001676774688758
demo_1983,150,0.0,0.1496230145943335,0.0010041813060022383,50.56617084050083,0.339370274097321,122.29379110223503,1.9155553610248748,0.012856076248489093
demo_1984,150,0.0,0.13672792867732994,0.0009176371052169795,53.85344802770855,0.3614325370987151,80.64812251913344,1.208370938829646,0.008109872072682187
demo_1985,150,0.0,0.024849329598766144,0.00016677402415279292,43.90492728508068,0.2946639415106086,94.8706766813845,1.6535143117880322,0.011097411488510284
demo_1986,150,0.0,0.048845772594696635,0.000327823977145615,61.774418633834706,0.4145934136498974,80.97116558714693,1.2241349462911892,0.008215670780477781
demo_1987,150,0.0,0.047229215637359684,0.000316974601593018,60.263481558235945,0.4044528963639996,138.59754459071144,1.9435178768005383,0.01304374413960093
demo_1988,150,0.0,0.04751243173435586,0.00031887538076748903,48.05982551006835,0.322549164497103,83.98683973250472,3.168672930088076,0.021266261275758896
demo_1989,150,0.0,0.17369618846820709,0.0011657462313302488,54.16537942840684,0.36352603643226067,99.9937539755848,1.443230199081137,0.009686108718665348
demo_199,150,0.0,0.015331037028617477,0.00010289286596387568,62.401000752017055,0.41879866276521516,176.00089021404338,2.3147779086825713,0.015535422205923298
demo_1990,150,0.0,0.05971120804990539,0.00040074636275104286,53.189348787613405,0.3569754952188819,88.52688571600444,1.174220003608828,0.00788067116515992
demo_1991,150,0.0,0.02703930887500346,0.00018147187164431852,44.6906730227218,0.2999374028370591,65.16954179998302,1.1073194343298853,0.007431674055905271
demo_1992,150,0.0,0.09452302897874072,0.0006343827448237633,54.60287140498936,0.3664622241945594,130.57003762807824,2.341064262904366,0.01571184069063333
demo_1993,150,0.0,0.006926788279786969,4.648851194487899e-05,37.25333211634834,0.25002236319696874,41.72839556150472,0.850599338803481,0.005708720394654235
demo_1994,150,0.0,0.03450631869697513,0.00023158603152332303,41.570653799282454,0.27899767650525137,71.29380195322562,1.2133467072724677,0.008143266491761529
demo_1995,150,0.0,0.016375851987229663,0.00010990504689415882,50.86748960498857,0.34139254768448707,79.8784381371256,1.4953801065932513,0.010036108097941284
demo_1996,150,0.0,0.06504479730450238,0.0004365422637886066,44.99215509586461,0.3019607724554672,84.38359675900301,1.2278740919685815,0.008240765717909944
demo_1997,150,0.0,0.039212801096537235,0.0002631731617217264,57.12747001512035,0.38340583902765335,72.46073196226982,1.0241250627488823,0.006873322568784444
demo_1998,150,0.0,0.03041832296283897,0.0002041498185425434,56.67381810241383,0.38036119531821366,139.95029753171315,2.2689434627142244,0.015227808474592111
demo_1999,150,0.0,0.024544095357273876,0.00016472547219646897,56.544088146720796,0.3794905244746362,77.89092733174473,1.5866278999604115,0.01064850939570746
demo_2,150,0.0,0.013595806019898135,9.124702026777272e-05,61.91563804136705,0.4155411949085037,181.8299202391775,2.1264167426707656,0.014271253306515205
demo_20,150,0.0,0.01523553031639071,0.00010225188131805846,47.832304744889335,0.32102217949590156,156.2015688280826,1.8812273402069601,0.012625686847026578
demo_200,150,0.0,0.09014389080285871,0.000604992555723884,49.31438012684388,0.3309689941398918,186.98552942223114,2.031164060008713,0.013631973557105458
demo_2000,150,0.0,0.00953539775677866,6.399595809918564e-05,35.34012721229388,0.2371820618274757,45.880824133342436,0.9621493229544834,0.006457378006405929
demo_2001,150,0.0,0.011969898861015068,8.033489168466489e-05,41.998300102605135,0.2818677859235244,41.89783394694388,1.0981902198880782,0.007370404160322672
demo_2002,150,0.0,0.01473530225501478,9.88946460068106e-05,55.083485757163466,0.3696878238735803,133.0575990185214,2.2334816949888046,0.01498981003348191
demo_2003,150,0.0,0.01334475666904241,8.956212529558664e-05,25.160823318221404,0.16886458602833157,37.25088910656849,0.7244926001239802,0.004862366443785102
demo_2004,150,0.0,0.14241588921456347,0.0009558113370104931,51.18243331786209,0.34350626387826905,144.01040011821812,2.0807715008931673,0.013964909401967566
demo_2005,150,0.0,0.011236078722362628,7.540992431115857e-05,40.76788096679966,0.27360993937449435,52.332528356964445,0.817707707060291,0.005487971188324101
demo_2006,150,0.0,0.09410856806432143,0.0006316011279484659,41.613052537158936,0.279282231793013,84.10650385208257,1.2674248899109157,0.00850620731483836
demo_2007,150,0.0,0.04096492796514172,0.00027493240245061556,43.79882312542482,0.2939518330565424,98.10292697301459,1.3867072581938529,0.009306760122106395
demo_2008,150,0.0,0.08284309872288885,0.0005559939511603279,53.83889232950599,0.36133484784903347,120.48576152611493,1.7620210783269588,0.0118256448209863
demo_2009,150,0.0,0.24003807846134764,0.00161099381517683,50.77745546862387,0.34078829173573066,66.70955046490201,1.4578686221260635,0.009784353168631299
demo_201,150,0.0,0.09251206582759645,0.0006208863478362178,56.27480907815212,0.37768328240370547,180.30389552752897,2.402873940797611,0.016126670743608126
demo_2010,150,0.0,0.08949580814844874,0.0006006430077077097,56.51524213810008,0.37929692710134283,100.40492003956919,1.5744781469353195,0.010566967429096104
demo_2011,150,0.0,0.07787191076738484,0.0005226302736066096,37.82808581365299,0.25387977056142946,76.5606959307736,1.1898034778983482,0.007985258240928512
demo_2012,150,0.0,0.08110986169647015,0.0005443614878957729,51.27332283321233,0.34411626062558615,111.73131410942796,3.2500875787331642,0.021812668313645398
demo_2013,150,0.0,0.012600019290675306,8.456388785688125e-05,45.107216166946905,0.3027329944090396,106.59886419388236,1.7742591272517934,0.011907779377528814
demo_2014,150,0.0,0.05088059258042437,0.00034148048711694207,48.766917639221504,0.32729474925652013,95.35139716598603,1.4234765147887463,0.00955353365630031
demo_2015,150,0.0,0.21423912079895444,0.0014378464483151305,31.539144277680524,0.21167210924617802,34.001400458493265,0.5042031861536371,0.003383914001031122
demo_2016,150,0.0,0.0334033426343169,0.0002241835076128651,64.56927384967376,0.4333508312058642,115.38188086364353,1.9436081891074268,0.013044350262465951
demo_2017,150,0.0,0.051601856529116384,0.0003463211847591704,51.9666126699004,0.3487692125496671,108.1171503668598,1.857691533840267,0.012467728415035349
demo_2018,150,0.0,0.030860871211173927,0.0002071199410145901,59.87544327852792,0.40184861260756993,85.42978054290583,2.8200137781995243,0.018926266967782043
demo_2019,150,0.0,0.015218552470990831,0.00010213793604691834,34.400323806192254,0.23087465641739768,58.31213769698765,0.8675880936096828,0.005822738883286461
demo_202,150,0.0,0.014236865025540961,9.554942970161719e-05,50.553788585802515,0.3392871717167954,174.15534665433873,2.2637923023152178,0.015193236928290051
demo_2020,150,0.0,0.03807158998152378,0.0002555140267216361,56.95242895651348,0.3822310668222381,91.53320599028255,3.153318950718578,0.021163214434352873
demo_2021,150,0.0,0.03185172091714869,0.00021376993904126637,56.39727605265919,0.37850520840710866,155.53991362202734,1.7707293670348205,0.01188408971164309
demo_2022,150,0.0,0.11874135719966017,0.0007969218604004038,32.785761510909076,0.22003866785845017,41.5377131071593,0.6662996136379207,0.004471809487502823
demo_2023,150,0.0,0.06663233979422749,0.00044719691137065426,52.837594446824404,0.35461472783103626,109.85977478939826,1.9407040788294383,0.013024859589459318
demo_2024,150,0.0,0.14419236514339917,0.0009677339942510011,40.44045767474703,0.2714124676157519,58.84888977020601,1.6881522114014622,0.011329880613432632
demo_2025,150,0.0,0.029737600001792246,0.00019958120806571976,19.314875265459012,0.12963003533865108,18.651514972391986,0.39357647339096485,0.0026414528415501
demo_2026,150,0.0,0.06131388249339452,0.00041150256706976187,34.75647341978571,0.23326492228044102,52.57605887235286,1.0732998444232582,0.00720335466055878
demo_2027,150,0.0,0.10977296097821579,0.0007367312817329919,48.36959575852525,0.3246281594531896,101.96157788498255,2.535409482596431,0.01701617102413712
demo_2028,150,0.0,0.02081730875554351,0.00013971348158082892,47.36515544574043,0.31788694930027134,98.31241264676983,1.656635273548724,0.011118357540595463
demo_2029,150,0.0,0.04234633347301686,0.0002842035803558179,46.0749864284516,0.30922809683524566,121.18776684524967,1.5769475307412264,0.01058354047477333
demo_203,150,0.0,0.12441908686234542,0.0008350274286063451,56.42283533191711,0.37867674719407457,158.15672731105226,2.0500573830941384,0.013758774383182137
demo_2030,150,0.0,0.05773926218156021,0.0003875118267218806,51.714430974062495,0.3470767179467282,126.86711955936951,1.680204237170424,0.01127653850449949
demo_2031,150,0.0,0.08668405110321716,0.0005817721550551487,36.92087677271238,0.24779111927994887,58.953527043543836,1.5800308858062801,0.010604234132928055
demo_2032,150,0.0,0.2232399795794856,0.0014982548965066147,45.117307142294614,0.30280071907580275,61.972343126096945,1.3330316897403418,0.0089465214076533
demo_2033,150,0.0,0.0787748576478537,0.0005286903197842531,45.56244689655642,0.30578823420507667,117.26417580810705,2.0610028368327793,0.01383223380424684
demo_2034,150,0.0,0.027837565164920575,0.00018682929640886293,47.68411335991392,0.3200276064423753,139.44972911874623,1.848998089748213,0.01240938315267257
demo_2035,150,0.0,0.07406861166617393,0.0004971047762830465,39.8864739704717,0.2676944561776624,63.37496947137442,1.0027581950342404,0.006729920772041881
demo_2036,150,0.0,0.09754205979230668,0.0006546446965926623,50.41486209886137,0.3383547791869891,67.90904797188836,1.2559030265662745,0.008428879372928017
demo_2037,150,0.0,0.019827869533200718,0.00013307294988725314,66.66205593275924,0.4473963485420083,152.2910719668761,2.4170133936638356,0.016221566400428426
demo_2038,150,0.0,0.14730036171739042,0.0009885930316603383,55.18578610321374,0.3703744033772734,113.44031021299207,1.7738868250596602,0.01190528070509839
demo_2039,150,0.0,0.14179615160578637,0.0009516520241999086,43.374125921563504,0.29110151625210406,107.23148872285039,2.5940068831958882,0.017409442169099922
demo_204,150,0.0,0.07146569940705491,0.0004796355664903014,54.745885759837456,0.367422052079446,177.43546511203508,2.174847874642436,0.01459629446068749
demo_2040,150,0.0,0.010567281361814429,7.092135142157334e-05,58.202709067341644,0.3906222085056486,128.31574989149442,1.853987254034335,0.012442867476740503
demo_2041,150,0.0,0.009050785978152804,6.0743530054716805e-05,45.72456669426143,0.30687628653866733,75.20708030526853,1.2832156776369894,0.00861218575595295
demo_2042,150,0.0,0.035301221476189776,0.00023692094950462936,62.56529570681555,0.41990131346856074,76.17917100547427,1.2882492354321102,0.008645968023034297
demo_2043,150,0.0,0.07483008614540516,0.0005022153432577528,51.6504322606145,0.3466471963799631,99.15595100259654,3.0033622610268753,0.020156793698166947
demo_2044,150,0.0,0.13589730113220708,0.0009120624237060877,51.59152272532876,0.34625183037133395,130.1697580449111,1.5363614376490613,0.010311150588248734
demo_2045,150,0.0,0.019471435062622913,0.00013068077223236853,53.85617724814973,0.3614508540144277,76.17692087497635,2.065542328088671,0.01386270018851457
demo_2046,150,0.0,0.05411459519470924,0.00036318520264905533,54.536176615234005,0.3660146081559329,64.82241247699459,2.064973975313358,0.013858885740358106
demo_2047,150,0.0,0.035989214430363674,0.0002415383518816354,43.99200447930565,0.29524835221010504,82.19248683735003,1.3443734330603225,0.009022640490337736
demo_2048,150,0.0,0.1288774585135596,0.0008649493859970444,43.574452081982216,0.29244598712739744,115.816497352888,2.6224318068190837,0.017600213468584456
demo_2049,150,0.0,0.05294912680311867,0.00035536326713502464,54.02502399670456,0.36258405366915814,65.44569968740073,0.7598752170560299,0.005099833671516979
demo_205,150,0.0,0.023746143517525492,0.0001593700907216476,48.895363969420345,0.32815680516389495,197.97617899309648,2.3217341332514674,0.015582108276855485
demo_2050,150,0.0,0.02817231969817319,0.00018907597112867913,59.50929810740875,0.39939126246583057,68.43825318596204,0.8675893531234973,0.005822747336399311
demo_2051,150,0.0,0.04229430437301635,0.00028385439176521044,52.340017781114476,0.3512752871215737,126.19870393658172,1.7389253674372642,0.011670640049914525
demo_2052,150,0.0,0.08756540185654671,0.0005876872607821926,50.58997764560009,0.33953005131275227,144.88385971682467,1.9989153119813832,0.013415539006586465
demo_2053,150,0.0,0.006826135052728471,4.581298693106357e-05,31.81510154045052,0.2135241714124196,29.530314343657988,0.6614829657680442,0.0044394829917318405
demo_2054,150,0.0,0.014866908901544571,9.977791209090316e-05,40.480644355624634,0.2716821768833868,53.66706368619702,0.8544936710025441,0.005734856852366068
demo_2055,150,0.0,0.04080802590038663,0.0002738793684589707,41.312957114035456,0.2772681685505735,51.901894674264454,1.0877054102347867,0.007300036310300582
demo_2056,150,0.0,0.05347753399808845,0.0003589096241482447,49.300133936234666,0.3308733821223803,118.99456595768488,1.4583960495884731,0.009787892950258208
demo_2057,150,0.0,0.061569403725444664,0.00041321747466741384,48.86220271991943,0.3279342464424123,107.95634972180716,1.6814375721707835,0.011284815920609285
demo_2058,150,0.0,0.04643688867069136,0.00031165697094423734,44.63662577942679,0.29957466966058244,110.46065617072021,2.073553421373542,0.01391646591525867
demo_2059,150,0.0,0.10079497941728471,0.0006764763719280853,59.69633411936971,0.40064653771389064,122.93690679970237,2.2256742493501918,0.014937411069464375
demo_206,150,0.0,0.052484736133628335,0.00035224655123240495,47.03878962227953,0.31569657464617135,149.3615474691746,1.7319277270509001,0.01162367602047584
demo_2060,150,0.0,0.14403000927610948,0.0009666443575577818,50.53445226941205,0.33915739778128895,82.89577756372871,2.5768994516987753,0.01729462719260923
demo_2061,150,0.0,0.029080665146336913,0.0001951722493042746,44.94485614295549,0.3016433298184932,98.63014104064817,1.195152534585475,0.008021157950238087
demo_2062,150,0.0,0.04674408579337353,0.00031371869659982236,44.9951607550215,0.3019809446645738,111.30639248341767,2.7078997493999903,0.018173823821476445
demo_2063,150,0.0,0.05847046060607338,0.0003924191986984791,61.166039324327635,0.41051033103575596,86.92741553036159,1.8641219893050223,0.012510885834261895
demo_2064,150,0.0,0.028874781356395214,0.0001937904789019813,46.98773685645272,0.31535393863391087,98.33649922148662,1.6643852234908936,0.011170370627455661
demo_2065,150,0.0,0.03617876032835729,0.00024281047200239793,47.15141600428611,0.3164524564046048,80.25738828173404,1.6364647610584029,0.010982984973546328
demo_2066,150,0.0,0.07343097110648251,0.00049282530943948,58.29238990847304,0.39122409334545666,120.5489952885959,1.8373233363096708,0.012331029102749469
demo_2067,150,0.0,0.06600448651715549,0.0004429831309876207,40.42542161295693,0.2713115544493754,104.67237293541373,1.2713424698194369,0.008532499797445884
demo_2068,150,0.0,0.021048935751781114,0.00014126802517973902,29.625132567138728,0.19882639306804514,48.569197572866294,0.695741722206589,0.004669407531587846
demo_2069,150,0.0,0.045688508910794186,0.0003066342879919073,50.86773039855175,0.3413941637486695,79.42704997807786,1.1766949393889663,0.00789728147240917
demo_207,150,0.0,0.025008180902262495,0.0001678401402836409,79.6662759029337,0.534672992637139,171.13997808120402,1.78216799761812,0.011960859044416912
demo_2070,150,0.0,0.05175783306925727,0.0003473680071762233,36.211497464912036,0.2430301843282687,50.53597718049433,1.012860561760943,0.00679772189101304
demo_2071,150,0.0,0.06384475478684543,0.0004284882871600364,38.51471772602025,0.2584880384296661,68.97489067696448,1.168121006534594,0.007839738298889893
demo_2072,150,0.0,0.02485233356632245,0.00016679418500887552,46.30447614431825,0.31076829627059227,52.914865050263856,1.0967093055529336,0.0073604651379391515
demo_2073,150,0.0,0.1292686088049393,0.0008675745557378475,37.636193527259486,0.2525919028675133,56.663667104002705,0.8423398944319357,0.005653287882093528
demo_2074,150,0.0,0.021826577396363157,0.00014648709661988697,51.1745112585938,0.34345309569526045,110.39852398918761,1.2794553472380017,0.008586948639181219
demo_2075,150,0.0,0.02927405415405716,0.00019647016210776617,46.97812440532493,0.31528942553909345,116.21370807353131,1.3060275196774924,0.008765285366963036
demo_2076,150,0.0,0.03506680906765177,0.0002353477118634347,48.857069142614066,0.3278997929034501,113.35517980999079,1.3683620495668674,0.009183637916556157
demo_2077,150,0.0,0.09022980602738305,0.0006055691679690137,48.58683359981099,0.3260861315423556,121.422070885072,2.563923274091046,0.0172075387522889
demo_2078,150,0.0,0.007365165079200052,4.943063811543659e-05,60.22623929953065,0.4042029483189976,125.36691849302395,1.5516916504387561,0.010414037922407759
demo_2079,150,0.0,0.04130431254393286,0.0002772101513015628,44.7134066113692,0.3000899772575114,117.14563058056449,1.3029267645904548,0.00874447493013728
demo_208,150,0.0,0.027345736026249123,0.00018352842970636996,53.688432846542625,0.3603250526613599,186.99109537494542,2.200699556217611,0.014769795679312823
demo_2080,150,0.0,0.009144962817634529,6.137558938009752e-05,35.53308143599735,0.2384770566174319,37.614879968459654,0.7286972949105597,0.004890585871882951
demo_2081,150,0.0,0.03275540561651622,0.0002198349370235988,49.30986091308543,0.33093866384621096,52.31607604757492,0.9480413573079489,0.006362693673207711
demo_2082,150,0.0,0.00664380508149331,4.458929584894839e-05,30.34936059141319,0.20368698383498787,25.92911612723841,0.6313487422442039,0.0042372398808335834
demo_2083,150,0.0,0.09507406144010178,0.0006380809492624281,61.75370955864638,0.4144544265680965,175.91765653768675,2.5086054908946087,0.016836278462379926
demo_2084,150,0.0,0.01511843400066706,0.00010146600000447691,45.11524395908912,0.3027868722086518,98.28581329260871,1.3332757843052727,0.008948159626209883
demo_2085,150,0.0,0.02859497505874471,0.00019191258428687724,51.651360639041656,0.3466534271076621,117.18410989208704,1.8400654949689628,0.01234943285214069
demo_2086,150,0.0,0.014255168836229742,9.567227406865598e-05,46.191919006357196,0.3100128792372966,95.46075801590092,1.250082856272164,0.008389817827329959
demo_2087,150,0.0,0.008524254657130333,5.7209762799532436e-05,46.56215530015136,0.31249768657819704,96.6487040742998,1.4660585587200212,0.009839319186040411
demo_2088,150,0.0,0.22723176511440316,0.00152504540345237,47.69767869861103,0.32011864898396664,83.1789749469776,2.382596941254901,0.01599058349835504
demo_2089,150,0.0,0.05392243159298194,0.00036189551404685867,47.05794606106749,0.3158251413494462,94.13292812709666,1.6745140683093611,0.011238349451740678
demo_209,150,0.0,0.02487644488027555,0.0001669560059078896,50.09693663546458,0.33622105124472873,165.58345389020562,1.9565389277172787,0.013131133743068985
demo_2090,150,0.0,0.038657411371326125,0.0002594457139015176,48.54018665150356,0.3257730647751917,81.57321242015821,1.5968437771286195,0.010717072329722278
demo_2091,150,0.0,0.14803949619336243,0.0009935536657272646,35.34943399769386,0.23724452347445543,63.28486384363142,2.2112993502824017,0.014840935236794642
demo_2092,150,0.0,0.11150566794165187,0.0007483601875278649,49.276783721883206,0.3307166692743839,161.74372826268527,2.57418888906098,0.017276435497053558
demo_2093,150,0.0,0.06823440344866148,0.00045794901643396967,50.37270655380596,0.3380718560658118,68.24845862755743,1.8681449980090519,0.0125378858926782
demo_2094,150,0.0,0.1482304288493631,0.0009948350929487456,52.622342065362886,0.35317008097558983,68.42629443537507,1.2847052152498488,0.008622182652683549
demo_2095,150,0.0,0.006491597253318695,4.356776680079661e-05,33.50428867087522,0.22486099779110885,31.63535841010096,0.7051062052796719,0.004732256411272966
demo_2096,150,0.0,0.1395573578764497,0.0009366265629291927,44.47632995193062,0.2984988587377894,97.46306509237006,1.3960987328711636,0.009369790153497742
demo_2097,150,0.0,0.042452232032899904,0.00028491430894563697,56.69467605227759,0.38050118155891,84.85434755905028,2.516033248229978,0.016886129182751532
demo_2098,150,0.0,0.0345003191461578,0.000231545766081596,46.95759176392872,0.3151516225767028,64.3476849396896,0.9250655900448128,0.006208493892918207
demo_2099,150,0.0,0.04358902700610787,0.0002925438054101199,39.322477821987185,0.26390924712743075,73.76838847540547,2.8842991810857086,0.0193577126247363
demo_21,150,0.0,0.041822792394737934,0.00028068988184387877,47.93406656633344,0.3217051447404929,158.39271397234882,2.139060008760178,0.014356107441343477
demo_210,150,0.0,0.026309961290278815,0.0001765769214112672,55.20129904547852,0.37047851708374846,172.03134785983025,2.267139721920068,0.015215702831678309
demo_2100,150,0.0,0.1606019937611365,0.0010778657299405135,42.05274486766889,0.2822331870313348,83.56972662292698,1.1554951158328701,0.007755000777401813
demo_2101,150,0.0,0.03617028677469273,0.0002427536025147163,52.9698268052078,0.35550219332354227,149.16249217975718,2.42033366325467,0.01624385008895752
demo_2102,150,0.0,0.03247165032351278,0.00021793053908397838,58.6904515228086,0.3938956478040846,93.9191590405793,2.076827014618984,0.013938436339724724
demo_2103,150,1.0,0.09640473400507062,0.0006470116376179236,45.446411489089996,0.3050094730811409,86.70194234423198,2.5077269829927586,0.01683038243619301
demo_2104,150,0.0,0.1392153074993984,0.0009343309228147543,56.99879317229504,0.3825422360556714,206.1365177285959,2.7060375236508465,0.018161325662086218
demo_2105,150,0.0,0.023781337175555733,0.00015960628976883042,42.46524453318519,0.28500164116231674,53.25235256266056,1.1390967722937717,0.007644944780495112
demo_2106,150,0.0,0.004460856737489554,2.993863582207754e-05,47.85189594927942,0.3211536640891236,60.24551657552546,0.9172520108002122,0.006156053763759814
demo_2107,150,0.0,0.06383486997081679,0.0004284219461128644,47.48088468153349,0.31866365558076165,80.58679751510772,2.2785664504391168,0.015292392284826288
demo_2108,150,0.0,0.041702073460861896,0.00027987968765679123,56.80844067553598,0.3812647025203757,100.61118924124207,1.4629157214842068,0.009818226318685952
demo_2109,150,0.0,0.029022807964951294,0.00019478394607349862,55.536794845894185,0.3727301667509677,101.80652110335195,1.635424020276544,0.010976000136084189
demo_211,150,0.0,0.01254599324414252,8.420129694055383e-05,57.62324836093333,0.3867332104760626,178.32478663199902,1.965552790985347,0.013191629469700315
demo_2110,150,0.0,0.0119165867575354,7.997709233245235e-05,52.086250159854565,0.3495721487238561,149.53234148587578,1.858075379106059,0.012470304557758785
demo_2111,150,0.0,0.04981138221520822,0.00033430457862555855,52.11791492568213,0.3497846639307525,68.0043756591139,1.8285695802523922,0.012272279062096592
demo_2112,150,0.0,0.0499179173456548,0.00033501957950103894,63.102024077399555,0.4235035172979836,143.4909426223907,1.8324367250511282,0.012298233054034418
demo_2113,150,0.0,0.08618892323649173,0.0005784491492381996,46.51252085692173,0.3121645695095418,59.60892830749814,1.1277581812395903,0.007568846853956981
demo_2114,150,0.0,0.11042361183092671,0.0007410980659793739,46.48901358439571,0.312006802579837,113.35751621099766,1.9354389921187631,0.012989523437038679
demo_2115,150,0.0,0.18753535683059444,0.0012586265559100297,58.13923915878341,0.3901962359649893,97.94048169039367,2.898688879645561,0.019454287782856114
demo_2116,150,0.0,0.04525759985593795,0.00030374228091233524,48.570147802978475,0.3259741463287146,133.26268174108603,1.6327766696414407,0.01095823268215732
demo_2117,150,0.0,0.09817662526988102,0.0006589035253012149,44.63620330294781,0.2995718342479719,58.76853808426267,1.3351497994059136,0.00896073690876452
demo_2118,150,0.0,0.036246670554035056,0.00024326624532909434,55.66286820398296,0.3735762966710266,69.93272045581391,1.787856218588327,0.011999035024082732
demo_2119,150,0.0,0.153231810675089,0.001028401413926772,57.1913859811741,0.3838348052427792,101.25614667396705,2.1957093262198075,0.0147363042028175
demo_212,150,0.0,0.02733891245810666,0.00018348263394702457,53.14040313923359,0.3566470009344536,161.52428541631147,2.045995719043771,0.013731514892911216
demo_2120,150,0.0,0.08043008359303101,0.0005397992187451746,49.09547551509708,0.3294998356717925,89.55264710352186,1.6674854157713934,0.011191177287056332
demo_2121,150,0.0,0.04027726623415048,0.0002703172230479898,43.155037377514375,0.28963112333902263,126.76678466505535,2.0370942428417584,0.013671773441890996
demo_2122,150,0.0,0.021895664229055194,0.0001469507666379543,39.3649493980231,0.2641942912619,155.2102054150399,1.7827852279108054,0.01196500152960272
demo_2123,150,0.0,0.146303331953761,0.000981901556736651,61.42308970686422,0.41223550138835047,159.1089017126804,2.444762847635509,0.016407804346547043
demo_2124,150,0.0,0.11327741470417438,0.0007602511053971435,56.749302778300944,0.3808678038812144,64.4619558480109,2.2354810259081437,0.015003228361799622
demo_2125,150,0.0,0.17358085444338356,0.001164972177472373,40.05399515092761,0.26881875940219874,84.52293977816929,1.2709047162398588,0.008529561853958784
demo_2126,150,0.0,0.10461148147794283,0.0007020904797177372,62.952068103568976,0.42249710136623475,103.69515732965522,2.5403110253958348,0.017049067284535802
demo_2127,150,0.0,0.1489516476614843,0.0009996754876609685,48.92699491623205,0.3283690933975305,98.92453654465976,2.009828187053463,0.013488779778882303
demo_2128,150,0.0,0.2121568978464748,0.0014238717976273476,33.58117260862073,0.2253769973732935,87.02792045696144,2.0125200277776174,0.013506845824010854
demo_2129,150,0.0,0.029385654788806746,0.0001972191596564211,52.22614948684438,0.35051107038150586,86.49545351751074,1.5990302035749067,0.010731746332717495
demo_213,150,0.0,0.13650209017241743,0.0009161214105531372,59.75363386835523,0.40103109978761897,179.28041630103144,2.501876574370036,0.01679111794879219
demo_2130,150,1.0,0.040160787940070136,0.0002695354895306721,57.78558504411407,0.387822718416873,55.98029207601712,1.7267464138226778,0.011588902106192468
demo_2131,150,0.0,0.08984117268150077,0.000602960890479871,44.079067657066595,0.29583266883937315,59.60986907238066,0.9747099647110944,0.006541677615510701
demo_2132,150,0.0,0.051258061044409706,0.0003440138325128168,45.05976709242594,0.3024145442444694,72.07126511180479,1.9979401001415353,0.013408993960681445
demo_2133,150,0.0,0.04852512164589567,0.0003256719573550045,44.50074679523354,0.29866273016935263,120.22827809033568,1.6476344195578891,0.011057949124549592
demo_2134,150,0.0,0.027982499766921257,0.0001878020118585319,48.49148684127538,0.32544622041124416,169.2429306446288,2.569858992416661,0.01724737578803128
demo_2135,150,0.0,0.007404188449635715,4.969253993044104e-05,41.375879231789945,0.27769046464288555,104.3896385760979,1.6745562858713892,0.011238632791083149
demo_2136,150,0.0,0.10024969274082624,0.0006728167298042029,55.48511801269202,0.37238334236706055,132.8758913507456,1.8208883768981554,0.012220727361732587
demo_2137,150,0.0,0.028092879016871474,0.00018854281219376828,62.10536254874157,0.4168145137499434,190.16210106618448,2.2408827542854484,0.01503948157238556
demo_2138,150,0.0,0.010287490854089627,6.904356277912501e-05,60.88694803773544,0.4086372351525869,130.80734829349913,1.8315057846778,0.012291985132065772
demo_2139,150,0.0,0.06407284890814946,0.0004300191201889225,57.838186980398554,0.388175751546299,178.4877046689366,2.4832610136600906,0.01666618129973215
demo_214,150,0.0,0.010680418876720322,7.168066360214981e-05,55.08922617508334,0.36972635016834454,151.5409220309932,1.874554996491531,0.012580906016721684
demo_2140,150,0.0,0.07115303506271009,0.0004775371480718798,57.553162142156694,0.38626283316883686,171.98106936088774,1.862403238900384,0.012499350596646872
demo_2141,150,0.0,0.11374433979180906,0.0007633848308175105,41.88031995526542,0.28107597285413033,141.7139207093765,2.1767267379149025,0.01460890428130807
demo_2142,150,0.0,0.041012055882707274,0.0002752486971993777,44.3910029641447,0.2979261943902329,142.3687347730699,1.7212708701456623,0.011552153490910485
demo_2143,150,0.0,0.0952636278020153,0.000639353206724935,57.21138166990287,0.3839690044959924,128.14714160932655,2.3108441440045215,0.015509021100701487
demo_2144,150,0.0,0.1226099315799646,0.0008228854468454,48.97361009671826,0.3286819469578407,151.2253607428451,1.9519954873365264,0.01310064085460756
demo_2145,150,1.0,0.07382722701109838,0.0004954847450409287,57.814960749354704,0.3880198708010383,74.37040168590893,1.8640603452476419,0.012510472115755986
demo_2146,150,0.0,0.11994226726700227,0.0008049816595100824,45.95805420086702,0.3084433167843424,90.51032149477844,2.4809549763857004,0.016650704539501345
demo_2147,150,0.0,0.2037428082390597,0.0013674013975775818,58.9241628174961,0.3954641799831953,117.86472096711975,1.5481858137138738,0.010390508816871636
demo_2148,150,0.0,0.06962965036149958,0.0004673130896744938,49.08080702884324,0.32940138945532377,95.90692587550524,1.6792997579207127,0.011270468173964515
demo_2149,150,0.0,0.11310787714042296,0.0007591132693988118,47.93217202314872,0.3216924296855619,118.9102662180849,1.800062742550474,0.012080958003694457
demo_215,150,0.0,0.048257017563231634,0.0003238726010955143,64.07075279044084,0.4300050522848378,179.13762443767394,2.2280577476384367,0.014953407702271387
demo_2150,150,0.0,0.04774718058908193,0.0003204508764367915,44.12669586318104,0.29615232122940294,114.1488715402028,1.536716099691513,0.010313530870412839
demo_2151,150,0.0,0.06348286421704104,0.00042605949138953714,53.283910219216345,0.35761013569943856,99.0953492784548,1.895118688538732,0.01271891737274317
demo_2152,150,0.0,0.050975591636856644,0.00034211806467689023,45.14956575652639,0.303017219842459,182.10448575038413,2.4022443847567794,0.0161224455352804
demo_2153,150,0.0,0.126973857182145,0.0008521735381352012,40.218274464710916,0.269921305132288,99.80150860554187,2.3336514746299164,0.01566209043375783
demo_2154,150,0.0,0.11571983614384011,0.0007766431955962424,57.900843294542035,0.38859626372175865,139.62149063008596,1.6894516803802642,0.01133860188174674
demo_2155,150,0.0,0.05342735900755502,0.0003585728792453357,58.574574162776514,0.39311794740118466,132.20224522688534,1.908255180959359,0.012807081751405094
demo_2156,150,1.0,0.09131359276271743,0.000612842904447768,44.63807893084192,0.2995844223546438,100.44799168149467,2.2587827342752345,0.015159615666276742
demo_2157,150,0.0,0.05914226014796629,0.0003969279204561496,40.06800198507867,0.268912765000528,112.2329281247708,1.4055029103534875,0.00943290543861401
demo_2158,150,0.0,0.09909316246265194,0.0006650547816285365,40.42154299287478,0.2712855234421126,118.42119737966154,1.3395276538327803,0.008990118482099196
demo_2159,150,0.0,0.2784507651392999,0.0018687970814718115,45.726586699934096,0.30688984362371874,199.33608389485195,2.3866322568697296,0.016017666153488118
demo_216,150,0.0,0.06008432334170889,0.0004032504922262342,41.521943452153046,0.27867076142384595,181.09193174816068,1.987454512252697,0.013338620887601993
demo_2160,150,0.0,0.09200410284661639,0.0006174772003128617,41.679729631501836,0.2797297290704821,125.49686105602287,1.7054938790590317,0.011446267644691487
demo_2161,150,0.0,0.0353581607303046,0.0002373030921496953,55.3699524541418,0.3716104191553141,62.93626054437403,1.0241666906614117,0.00687360195074773
demo_2162,150,0.0,0.03347670730624074,0.00022467588796134727,49.01175441818051,0.32893794911530544,82.64808278147007,2.3326011865940797,0.015655041520765637
demo_2163,150,0.0,0.049383031567772545,0.0003314297420655875,46.81126686092333,0.3141695762478076,96.2117029417349,2.06593782952235,0.013865354560552684
demo_2164,150,1.0,0.05426934154820197,0.000364223768779879,49.401127071587986,0.33155118839991937,43.091540649033085,1.7288954004515873,0.011603324835245551
demo_2165,150,0.0,0.15283595102161812,0.0010257446377289806,62.22863787279314,0.4176418649180748,125.15405853052697,1.6868565370464683,0.011321184812392405
demo_2166,150,0.0,0.03247492341713531,0.00021795250615527052,42.55616716525152,0.2856118601694733,92.43827429745863,1.371273816177536,0.009203179974345879
demo_2167,150,0.0,0.03940754258562389,0.00026448015158136843,49.54973449136474,0.33254855363332037,89.00713705270272,1.3213133257234158,0.008867874669284669
demo_2168,150,0.0,0.13530124095005933,0.0009080620197990559,40.63512276648292,0.2727189447414961,107.50834354666551,1.181383818432713,0.007928750459279953
demo_2169,150,0.0,0.04470881469626758,0.00030005915903535285,46.414552720815855,0.31150706524037486,74.52772995662062,1.0346098539267765,0.00694369029481058
demo_217,150,0.0,0.009774595145404151,6.5601309700699e-05,43.953782841727524,0.2949918311525337,146.84915741656644,1.9182507577966632,0.01287416615970915
demo_2170,150,0.0,0.08630990706601586,0.0005792611212484286,47.48773570003013,0.318709635570672,102.76762427992277,1.5070879056321598,0.01011468393041718
demo_2171,150,0.0,0.1099029292239333,0.0007376035518384785,62.43559372711058,0.4190308303832925,104.08638383610568,1.637770975298797,0.010991751512072464
demo_2172,150,1.0,0.04986650141990871,0.000334674506173884,47.50127189250664,0.31880048250004456,101.40768083379199,2.579267367264153,0.017310519243383577
demo_2173,150,1.0,0.13724892475965142,0.000921133723219137,49.29517805429133,0.33084012116974043,77.70733407480589,2.290436860977528,0.01537205946964784
demo_2174,150,0.0,0.28570184220974637,0.0019174620282533313,53.50816861180223,0.3591152255825653,191.60831420062368,2.16138795996019,0.014505959462820068
demo_2175,150,1.0,0.10213982487039269,0.000685502180338206,51.67834103092637,0.34683450356326423,132.68418359637167,2.579330257661076,0.017310941326584405
demo_2176,150,0.0,0.06135827903022266,0.00041180053040417895,47.45782249546763,0.3185088758085076,120.81320352134945,1.8638754488219182,0.012509231200147103
demo_2177,150,0.0,0.10201042423645326,0.00068463371970774,45.56730552721271,0.30582084246451485,119.50956307704624,1.5235565744306663,0.010225211908930646
demo_2178,150,0.0,0.10292342869121296,0.0006907612663839796,51.310064051931164,0.3443628459861152,97.53076871323789,3.7759978196473485,0.02534226724595536
demo_2179,150,0.0,0.03471634047292042,0.00023299557364376124,53.18326432164666,0.3569346598768232,184.8594379251498,2.251826852847975,0.015112931898308556
demo_218,150,0.0,0.13933568351906775,0.0009351388155642131,51.04468552452944,0.3425817820438218,141.78044577985418,1.6177649354230543,0.010857482788074191
demo_2180,150,0.0,0.07656341246151908,0.0005138484057820073,56.47775385105249,0.3790453278594127,75.95240719332523,1.8770224463870417,0.012597466083134508
demo_2181,150,0.0,0.04641191359661147,0.0003114893529973924,49.18326042341207,0.33008899613028236,91.41210174983384,1.6973845896887512,0.011391842883817121
demo_2182,150,0.0,0.147471789884417,0.0009897435562712551,50.650740585866934,0.33993785628098616,145.92171047846412,1.8691086146454339,0.01254435311842573
demo_2183,150,1.0,0.06143643908363495,0.00041232509452103993,38.49141649943664,0.25833165435863514,60.49033867464897,1.7640235059237983,0.011839083932374485
demo_2184,150,0.0,0.08732331210823943,0.0005860624973707345,53.67490061592566,0.3602342323216487,96.57123811489141,2.2889947075310557,0.01536238058745675
demo_2185,150,0.0,0.01551118281054365,0.00010410189805733993,63.825862808643414,0.42836149536002294,107.09039874957044,1.4641450779960343,0.009826477033530432
demo_2186,150,0.0,0.0481021340455244,0.0003228331143994926,49.07119779734116,0.32933689796873267,85.09881362915515,2.0232583993406794,0.01357891543181664
demo_2187,150,1.0,0.20737193759412687,0.0013917579704303816,57.66130952348445,0.38698865452002984,160.65080553169656,2.5807314284681926,0.01732034515750465
demo_2188,150,0.0,0.029039650878393976,0.0001948969857610334,45.85644920858257,0.30776140408444674,74.86465073600529,1.1847996125061377,0.007951675251719045
demo_2189,150,0.0,0.059484465520938695,0.0003992246008116691,49.58917049546309,0.3328132248017657,156.49595691448997,2.3249568095961672,0.015603736977155485
demo_219,150,0.0,0.031037923175080806,0.00020830820922873025,54.77085652693373,0.3675896411203606,172.68367647549942,2.3122126949143986,0.015518206006136903
demo_2190,150,0.0,0.03646621363939955,0.00024473968885503053,38.9060281657858,0.261114282991851,44.43159768888234,0.8485529032661998,0.005694985927961072
demo_2191,150,0.0,0.03003127434539478,0.00020155217681473006,61.01929212728854,0.40952545051871503,90.73695927636601,1.5169358631545518,0.010180777605064105
demo_2192,150,0.0,0.08881957903763979,0.0005961045572995959,55.859048447077875,0.37489294259783806,110.02896869995922,1.9981003901875605,0.01341006973280242
demo_2193,150,0.0,0.04760769225362069,0.00031951471311154824,48.06915726857133,0.3226117937488009,138.04219348763527,1.9420094013594953,0.013033620143352317
demo_2194,150,0.0,0.13572900188666262,0.0009109328985682055,54.762606258507034,0.3675342701913224,163.95271558976415,2.0617676721546783,0.013837366927212606
demo_2195,150,0.0,0.05141809514556913,0.0003450878868830143,51.96689803733535,0.3487711277673513,185.0180815287891,2.60742858424962,0.017499520699661878
demo_2196,150,0.0,0.05339981445794195,0.00035838801649625473,55.103573587611095,0.36982264152759126,140.8379501627708,2.508538914725847,0.01683583164245535
demo_2197,150,0.0,0.053009876296387294,0.0003557709818549483,45.565200228834144,0.30580671294519557,118.47560404459134,1.5367755643706436,0.010313929962219085
demo_2198,150,0.0,0.1742567258564208,0.0011695082272243007,50.53474772789201,0.33915938072410745,94.26776338915536,2.065775671162741,0.013864266249414368
demo_2199,150,0.0,0.04393163875630095,0.00029484321312953657,53.48196078998608,0.3589393341609804,111.38798580295911,1.3972617722665441,0.009377595787023785
demo_22,150,0.0,0.013374015047060582,8.975849024872874e-05,58.507640078339854,0.3926687253579856,147.8100739513218,1.8255398217985528,0.012251945112741965
demo_220,150,0.0,0.014812987270655033,9.941602195070492e-05,54.67607264460859,0.36695350768193685,171.96530990425137,1.993690884155068,0.013380475732584348
demo_2200,150,0.0,0.14895976383944048,0.000999729958653963,50.87778302960628,0.34146163107118305,139.86096926231357,1.9466096135437378,0.013064494050629113
demo_2201,150,0.0,0.029594119755528857,0.00019861825339281112,44.13797885779943,0.29622804602549957,61.70170678739682,0.9276199923159254,0.006225637532321647
demo_2202,150,0.0,0.038033482159466524,0.000255258269526621,53.355916460585,0.35809339906432885,111.76211310732175,2.9714681554518565,0.019942739298334608
demo_2203,150,0.0,0.03683326015934877,0.00024720308831777696,60.216281202268604,0.40413611545146716,84.77626153586975,1.4859588531558119,0.009972878209099409
demo_2204,150,0.0,0.2537145919846466,0.0017027824965412522,48.857344365029526,0.3279016400337552,103.53867127705679,2.335630384310506,0.01567537170678192
demo_2205,150,0.0,0.08787405207240456,0.0005897587387409702,44.59028315981414,0.29926364536788014,106.8233492467963,2.2275982328891546,0.014950323710665467
demo_2206,150,0.0,0.027845073908179602,0.0001868796906589235,46.66851275648922,0.3132114950099948,185.4475363221661,2.367697835670406,0.015890589501143665
demo_2207,150,0.0,0.01675964781568668,0.00011248085782340054,35.51165258811781,0.23833323884642826,37.82951419035398,0.5020086955091898,0.0033691858759006027
demo_2208,150,0.0,0.10332904006458117,0.0006934834903663166,68.53318257509332,0.45995424547042496,145.92796164181695,1.8620234251064138,0.012496801510781301
demo_2209,150,1.0,0.062001503329991894,0.0004161174720133684,62.493555751471305,0.4194198372581967,112.88731111793642,2.397552229568057,0.016090954560859443
demo_221,150,0.0,0.0554354170250663,0.0003720497786917201,55.740235523021155,0.3740955404229608,172.6887715585212,2.157621232771033,0.01448067941457069
demo_2210,150,0.0,0.08390154820196058,0.0005630976389393328,60.23553855523492,0.4042653594311068,73.32510019217706,1.4930062770239187,0.010020176355865227
demo_2211,150,0.0,0.03534896656643543,0.00023724138635191562,60.32072414424168,0.40483707479356834,72.54441784166627,1.1000207996899791,0.007382689930805229
demo_2212,150,0.0,0.09428272063339302,0.0006327699371368659,69.49824841844865,0.4664311974392527,163.69397389739987,2.1031767815264293,0.014115280412929056
demo_2213,150,0.0,0.11463433350806412,0.0007693579430071418,60.2758220745061,0.4045357186208463,115.03007530569072,1.5785677151185897,0.010594414195426777
demo_2214,150,0.0,0.044344253284171235,0.0002976124381488002,52.309973003672866,0.35107364431995214,137.7741585577434,1.9776298324414703,0.013272683439204498
demo_2215,150,1.0,0.11262660661839759,0.0007558832658952858,48.68437001753028,0.3267407383726864,89.94039026395834,2.142388801439915,0.014378448331811509
demo_2216,150,0.0,0.1470318028507586,0.0009867906231594537,62.40194993120378,0.4188050330953274,80.39770813367765,2.1041024658928738,0.014121493059683717
demo_2217,150,0.0,0.053549121641506506,0.00035939007813091614,38.895277003419885,0.2610421275397308,62.63015646693042,0.9336886058691891,0.006266366482343551
demo_2218,150,0.0,0.0450971250621343,0.0003026652688733846,48.52585352019423,0.32567686926304856,147.1007306133191,1.783269799900264,0.011968253690605798
demo_2219,150,0.0,0.1771684421987717,0.001189049947642763,47.363353204449865,0.31787485372114005,102.94752505417587,1.62277376052077,0.010891099063897784
demo_222,150,0.0,0.14245849622725928,0.0009560972901158342,62.894362112399484,0.42210981283489585,189.47390824646533,2.39433462753749,0.016069359916358994
demo_2220,150,0.0,0.1494205439285821,0.0010028224424737052,50.128786091664736,0.33643480598432707,84.308768885505,1.6267267073963008,0.010917628908700005
demo_2221,150,0.0,0.15581593642713348,0.0010457445397794194,50.68330797437886,0.3401564293582474,143.39631864705106,2.153772072618474,0.0144548461249562
demo_2222,150,0.0,0.043306548749379746,0.0002906479781837567,55.80069863913165,0.37450133314853457,142.84781942936166,2.1884954153190774,0.014687888693416628
demo_2223,150,0.0,0.20133192962091062,0.0013512210041671854,47.40905254019342,0.3181815606724391,124.77456750246233,2.028590045555835,0.01361469829232104
demo_2224,150,0.0,0.25940588127747843,0.0017409790689763653,49.99064766127511,0.33550770242466516,75.9674623202548,1.175713889888506,0.007890697247573866
demo_2225,150,0.0,0.07184735276356928,0.00048219699841321663,51.31111125908177,0.3443698742220253,75.47450192980666,1.8909200414822553,0.012690738533437955
demo_2226,150,0.0,0.15415196926133345,0.0010345769749082782,50.88610702024126,0.3415174967801427,96.1418216023161,1.4354501596361022,0.009633893688832901
demo_2227,150,0.0,0.058446275041436305,0.00039225687947272686,54.65561570175093,0.3668162127634291,119.1312233202052,1.6254772319273507,0.010909243167297656
demo_2228,150,0.0,0.07096198716853816,0.0004762549474398534,56.70248848457374,0.3805536139904278,91.13390542893028,2.127530115259326,0.014278725605767288
demo_2229,150,0.0,0.059618802740150155,0.0004001261928869138,41.874856255390675,0.28103930372745417,109.03017779328641,1.4546747171115904,0.009762917564507317
demo_223,150,0.0,0.11992863033365617,0.000804890136467491,62.30839871886076,0.41817717260980375,188.63828179044987,2.56639672341796,0.017224139083342013
demo_2230,150,0.0,0.11539236413193363,0.000774445396858615,49.205508931671105,0.33023831497765843,136.07956930139574,2.109320777086874,0.01415651528246224
demo_2231,150,0.0,0.04338516629761567,0.00029117561273567564,54.859711101251385,0.3681859805453113,70.80240730709173,1.3009471744137309,0.00873118909002504
demo_2232,150,0.0,0.04952116886911043,0.00033235683804772097,34.65063508356045,0.23255459787624463,86.98546276576033,1.1523238702724048,0.007733717250150368
demo_2233,150,0.0,0.005954529867099184,3.9963287698652245e-05,42.827365693073816,0.2874319845172739,70.99868163001142,1.113073816821402,0.007470294072626859
demo_2234,150,0.0,0.0436177606899049,0.0002927366489255363,61.73916965223316,0.41435684330357825,124.00566722841191,2.115386929365303,0.014197227713861093
demo_2235,150,0.0,0.05415981731750375,0.00036348870682888424,39.29026427131876,0.2636930488007971,68.82358393522702,0.8610834476799619,0.005779083541476254
demo_2236,150,0.0,0.034941682993300624,0.0002345079395523532,61.28739620727824,0.4113248067602567,56.87101213355592,1.5209904987281475,0.010207989924349983
demo_2237,150,0.0,0.07273815568757601,0.00048817554152735576,50.21402682850988,0.33700689146650925,99.06629237611584,1.7688702833459198,0.011871612639905502
demo_2238,150,0.0,0.05462294067140831,0.0003665969172577739,46.20786244484481,0.3101198821801665,94.59776063508167,2.488467917753645,0.016701126964789564
demo_2239,150,0.0,0.040840473215894985,0.0002740971356771475,52.964911174302664,0.3554692025120984,119.7654139329508,1.4339393949612826,0.009623754328599212
demo_224,150,0.0,0.03183222008686103,0.00021363906098564446,54.68042719893938,0.36698273287878774,160.1735693087301,2.0604614418787883,0.013828600281065693
demo_2240,150,0.0,0.05314894274969372,0.0003567043137563337,51.10914505103098,0.3430143963156442,75.12652479460021,1.6710400203931028,0.011215033693913442
demo_2241,150,0.0,0.07941538447063952,0.0005329891575210706,49.28567785169329,0.33077636142076033,132.05185142830933,1.7359050790554287,0.011650369658090125
demo_2242,150,1.0,0.08199718337285526,0.0005503166669319146,47.88990589859904,0.3214087644201278,84.13249084656448,2.5812606140785466,0.01732389673878219
demo_2243,150,0.0,0.06723012317610712,0.0004512088803765578,50.83702660962127,0.34118809805114947,137.0609963815818,1.7997613363276246,0.01207893514313842
demo_2244,150,0.0,0.0941555605769051,0.0006319165139389605,51.80871478643879,0.3477094952109986,104.36480330944086,1.356645633359094,0.009105004250732174
demo_2245,150,0.0,0.03984228626036179,0.00026739789436484423,49.55961028567207,0.3326148341320273,86.32320589380991,1.8311544356560807,0.01228962708494014
demo_2246,150,0.0,0.020993275096161956,0.00014089446373263058,60.22834238840499,0.40421706300942944,56.66463730174221,1.01972071313483,0.006843763175401544
demo_2247,150,0.0,0.06525376196921098,0.00043794471120275826,56.56777703207763,0.3796495102824002,139.10906911004636,1.520705418687989,0.010206076635489858
demo_2248,150,0.0,0.03453106750576544,0.00023175213091117746,50.76627050338857,0.3407132248549568,75.78084820751957,1.4258731407055891,0.009569618393997243
demo_2249,150,0.0,0.025240351322616567,0.00016939833102427225,57.29819179901941,0.38455162281221084,163.67286482422114,2.34113397595462,0.015712308563453826
demo_225,150,0.0,0.01999773579812722,0.00013421299193373972,69.78001750336244,0.4683222651232379,153.1694737990023,1.8455931576567184,0.012386531259441063
demo_2250,150,0.0,0.08354423422270231,0.0005606995585416263,50.42987119230793,0.33845551135777135,137.59082261761662,2.5034575175383162,0.016801728305626283
demo_2251,150,0.0,0.03142361418818733,0.00021089673951803578,56.62590158148188,0.38003960792940855,103.44943316371652,1.9916023636948963,0.01336645881674427
demo_2252,150,0.0,0.02921613452830654,0.00019608143978729222,39.943456646807995,0.2680768902470335,37.71103234030692,0.7683807901095664,0.00515691805442662
demo_2253,150,0.0,0.022521821905276417,0.00015115316714950616,54.40510740082394,0.3651349489988184,74.88645060853808,1.96882980969743,0.013213622883875368
demo_2254,150,0.0,0.04110826627870815,0.00027589440455508827,44.39268275119431,0.2979374681288209,77.60433482168814,1.2917716188904316,0.008669608180472695
demo_2255,150,0.0,0.04756830506681284,0.0003192503695759251,49.118696591680376,0.32965568182335825,75.37083065360015,1.8397632716982564,0.01234740450804199
demo_2256,150,0.0,0.1170841214351539,0.0007857994727191536,50.70557150307534,0.34030584901392846,99.26482272654425,2.352496524964611,0.015788567281641682
demo_2257,150,0.0,0.11026943722746521,0.0007400633370970819,35.904345179597584,0.24096875959461467,53.0540642931392,0.8616055734348478,0.005782587741173475
demo_2258,150,0.0,0.2950961958109943,0.0019805113812818406,37.98060026958234,0.2549033575139754,52.10835924368239,1.2522496164572845,0.008404359841995198
demo_2259,150,0.0,0.10422119799060649,0.0006994711274537349,43.411708598146014,0.2913537489808457,250.5658045331623,2.7823464687612516,0.01867346623329699
demo_226,150,0.0,0.005685949164429191,3.816073264717578e-05,53.571863256717066,0.3595427064209199,148.39457834461672,1.7426543680316475,0.011695666899541258
demo_2260,150,0.0,0.08984803796117699,0.0006030069661823959,41.10984613883032,0.2759050076431565,116.59981540699634,1.4726954570179234,0.00988386212763707
demo_2261,150,0.0,0.3079588471317504,0.00206683790021309,64.49429367988452,0.432847608589829,146.4217306897976,2.1316019486444917,0.014306053346607327
demo_2262,150,0.0,0.028607133376248414,0.00019199418373321082,49.09625346914028,0.32950505683986764,154.52780242323047,1.9289170169997587,0.012945751791944689
demo_2263,150,0.0,0.14461154213767372,0.0009705472626689511,39.01600255185311,0.26185236611981955,62.42112674598018,1.1014846375239993,0.007392514345798653
demo_2264,150,0.0,0.22919180661979,0.0015382000444281207,52.6583363736746,0.35341165351459464,186.27241581952188,2.159470273535912,0.014493089084133636
demo_2265,150,0.0,0.06831806193467206,0.00045851048278303395,49.12917451360333,0.3297260034470022,118.54783381985557,1.7574962159233283,0.011795276616935088
demo_2266,150,1.0,0.1342532008057075,0.000901028193326896,49.40161639468193,0.3315544724475297,80.98498991004604,2.0515659956273384,0.013768899299512338
demo_2267,150,0.0,0.028148479835709977,0.00018891597205174482,39.944402094173334,0.26808323553136465,107.79899547329993,2.232590168322328,0.01498382663303576
demo_2268,150,0.0,0.0224640463195306,0.00015076541154047384,54.4568005184615,0.36548188267423826,212.65497837265153,2.0508801073664484,0.013764296022593613
demo_2269,150,0.0,0.05453301480684825,0.0003659933879654245,49.30902263763625,0.33093303783648487,98.96191338929438,1.4988475811675321,0.01005937973937941
demo_227,150,0.0,0.055842823132707345,0.0003747840478705191,65.80459635306087,0.4416415862621535,181.7222119447191,2.35499708152036,0.0158053495404051
demo_2270,150,0.0,0.27660904446971357,0.0018564365400651917,55.3242719331698,0.37130383847764964,140.0877677962829,2.001086909392088,0.013430113485852942
demo_2271,150,0.0,0.10447558045631726,0.0007011783923242769,45.447342146065644,0.3050157191011117,215.8327940791235,2.5045058502570665,0.01680876409568501
demo_2272,150,0.0,0.16537345395235326,0.0011098889527003575,41.60772104064465,0.2792464499372124,88.03976189340553,1.4995564924431095,0.010064137533175232
demo_2273,150,0.0,0.036464480601382604,0.0002447280577274,48.34014549381102,0.3244305066698726,101.61336097029375,1.4043949687216168,0.009425469588735684
demo_2274,150,0.0,0.05919588694896869,0.00039728783187227307,58.81433876651879,0.3947271058155623,122.29272293121953,1.8266425877489587,0.01225934622650308
demo_2275,150,0.0,0.02486226498727541,0.00016686083884077455,52.31010330841576,0.35107451884842794,79.8555792126716,2.3248110035345055,0.015602758412983258
demo_2276,150,0.0,0.20546774249124852,0.0013789781375251578,47.68098941708697,0.32000664038313403,160.14936368179315,1.9883428755232766,0.013344583057203199
demo_2277,150,0.0,0.19044218739057586,0.001278135485842791,47.19615024044379,0.3167526861774751,86.61218682700805,2.6462329786471055,0.01775995287682621
demo_2278,150,0.0,0.02224925870011707,0.00014932388389340314,43.785529729858965,0.29386261563663735,168.30024364995467,2.3283520827499777,0.015626524045301866
demo_2279,150,0.0,0.10142622027210303,0.0006807128877322351,54.051104732065866,0.36275909216151586,80.7729805352374,1.6211925105399343,0.010880486647919022
demo_228,150,0.0,0.05609591340655855,0.0003764826403124735,43.10562515491924,0.28929949768402174,182.96876550710556,2.3969644595989124,0.016087009795965855
demo_2280,150,0.0,0.204125821733566,0.001369971957943396,54.79505794575831,0.3677520667500558,159.65343022728354,2.0404350321834483,0.013694194846868782
demo_2281,150,0.0,0.08175466527960203,0.0005486890287221613,56.26779268876757,0.3776361925420642,119.94085148204549,1.7372187613405061,0.011659186317721518
demo_2282,150,0.0,0.060932107350510134,0.0004089403177886586,49.492309366696325,0.3321631501120559,149.59389171213186,1.970587689381491,0.013225420734103967
demo_2283,150,0.0,0.12239652354052125,0.0008214531781243037,39.95705094599994,0.268168127154362,132.11054843577082,1.9357158447940943,0.012991381508685196
demo_2284,150,0.0,0.18708801918460655,0.001255624289829574,50.24519198300001,0.33721605357718126,92.66038499858601,2.3170116813962576,0.0155504139691024
demo_2285,150,0.0,0.09309266164820147,0.000624782964081889,53.588267445049205,0.35965280164462554,87.94312265363527,1.9991961953052448,0.0134174241295654
demo_2286,150,0.0,0.051801367309578863,0.0003476601832857642,29.71850154780278,0.1994530305221663,38.23606642595277,0.6717147051823743,0.0045081523837743245
demo_2287,150,0.0,0.05095684952609194,0.00034199227869860364,58.93445108516084,0.3955332287594687,91.52147033880928,1.686787728933178,0.01132072301297435
demo_2288,150,0.0,0.017762975717771946,0.00011921460213269763,55.03548923956727,0.3693656995944112,62.927881746725305,1.0347047515701868,0.006944327191746221
demo_2289,150,0.0,0.1443908026145509,0.000969065789359402,53.05027445814637,0.3560421104573582,89.53326070909024,1.8960003347831154,0.012724834461631647
demo_229,150,0.0,0.08375070150255476,0.000562085244983589,58.26949407326468,0.3910704300219106,180.40169249347855,2.3184815242865593,0.015560278686486975
demo_2290,150,0.0,0.038717741466730855,0.0002598506138706769,65.03661408529955,0.43648734285435936,124.99706150575717,1.7751496366235706,0.011913755950493762
demo_2291,150,0.0,0.0029649027940548836,1.9898676470167004e-05,39.55723042060871,0.2654847679235484,43.670477601167825,0.6530092197886728,0.004382612213346797
demo_2292,150,0.0,0.06461119003354306,0.0004336321478761279,58.29135909704018,0.39121717514792065,123.3560744299375,1.9880005492189792,0.013342285565228049
demo_2293,150,0.0,0.01615678117870523,0.0001084347730114445,46.746893680477946,0.3137375414797178,108.48108472034477,1.401340866468047,0.00940497225817481
demo_2294,150,0.0,0.06397524094787527,0.00042936403320721655,36.217565389962196,0.24307090865746442,102.11069984958004,1.4094346524867434,0.009459292969709687
demo_2295,150,0.0,0.11108150183069446,0.0007455134351053319,37.746240446535055,0.2533304727955373,116.28605354857591,1.5498419176139753,0.010401623608147484
demo_2296,150,0.0,0.25311089773414314,0.0016987308572761284,59.62222469514725,0.40014915902783393,156.54541174393174,2.060915192422684,0.013831645586729424
demo_2297,150,0.0,0.027272562116766732,0.00018303732964272974,41.270895310629406,0.27698587456798257,106.99003160983737,1.6888444265088771,0.011334526352408572
demo_2298,150,0.0,0.057572132326126915,0.000386390149839778,43.52625506752697,0.2921225172317246,161.44248908466417,2.055996468669198,0.01379863401791408
demo_2299,150,0.0,0.027035293810023904,0.00018144492489948928,53.90336303637251,0.3617675371568625,54.61074479184191,0.8694539696460033,0.005835261541248344
demo_23,150,0.0,0.01378667558438679,9.252802405628719e-05,41.83834909373498,0.2807942892196979,156.3634212115939,2.111475021474518,0.014170973298486699
demo_230,150,0.0,0.0678881477205597,0.0004556251524869779,53.52548370301918,0.35923143424845083,176.8524936960817,2.5308521227680902,0.016985584716564365
demo_2300,150,0.0,0.037617280381091946,0.0002524649690006171,61.475324995186874,0.4125860737932005,128.98331068413032,2.0481255552563917,0.013745809095680482
demo_2301,150,0.0,0.04834071236813232,0.0003244343111955189,32.96560778310688,0.2212456898195093,55.616379521935436,0.7827178438094383,0.005253139891338512
demo_2302,150,0.0,0.11495861552936482,0.0007715343324118444,53.478113582131854,0.3589135139740393,131.97623485108514,2.0202027394193873,0.013558407647109982
demo_2303,150,0.0,0.061041339406587354,0.0004096734188361567,36.614532624621475,0.24573511828605016,45.50905756440649,0.9152288338674563,0.0061424753950836
demo_2304,150,0.0,0.03398029264439129,0.0002280556553314852,55.52339665691512,0.3726402460195645,89.62450934089843,1.3041945236166232,0.008752983379977337
demo_2305,150,0.0,0.2154117279813232,0.0014457162951766658,56.953829248981634,0.382240464758266,137.8085980840616,2.1575994763678628,0.014480533398442031
demo_2306,150,0.0,0.19417007565390296,0.0013031548701604226,51.79443888339966,0.3476136837812058,124.45817590931506,1.8630437653240275,0.012503649431704882
demo_2307,150,0.0,0.10148975925302342,0.0006811393238457948,47.165359123918066,0.31654603438871187,56.63756880649772,0.8965436688600579,0.006017071603087637
demo_2308,150,0.0,0.1690950329160346,0.0011348659927250644,49.95985353875655,0.3353010304614533,113.78370536256024,1.561205088334086,0.010477886498886483
demo_2309,150,0.0,0.028709685330591345,0.00019268245188316338,50.156940586019424,0.33662376232227803,132.93529135568218,1.393331543541603,0.009351218413030892
demo_231,150,0.0,0.08006959905960545,0.0005373798594604393,61.17268674080664,0.4105549445691721,145.82057349902112,2.057144545009421,0.013806339228251146
demo_2310,150,0.0,0.16900836417268916,0.0011342843233066388,42.08427914867042,0.2824448265011438,90.54823592378656,1.4739978131948903,0.00989260277312007
demo_2311,150,0.0,0.1386444958160699,0.0009304999719199323,44.033419330347215,0.29552630423051823,100.72124093578289,1.4271120912718451,0.00957793349846876
demo_2312,150,0.0,0.10115654548479394,0.0006789029898308318,53.29933322986435,0.3577136458380158,148.9207780686549,1.619468795217182,0.01086891808870592
demo_2313,150,0.0,0.06268629946556913,0.00042071341923200753,52.6352286522291,0.3532565681357658,100.98323188658202,1.2093992007795837,0.008116773159594522
demo_2314,150,0.0,0.3207585204359035,0.00215274174789197,55.963855484870074,0.37559634553604077,73.33379770295788,1.440472801730565,0.00966760269617829
demo_2315,150,0.0,0.055802263787713934,0.0003745118375014358,44.70069505529411,0.30000466480063165,63.84852170861051,0.9923996573088097,0.006660400384622884
demo_2316,150,0.0,0.15115447531739978,0.0010144595658885891,42.618358505483094,0.28602925171465166,78.6275546749667,1.9459409734403246,0.01306000653315654
demo_2317,150,0.0,0.03322812415696714,0.0002230075446776318,47.2725879281925,0.31726569079323824,96.99776753062599,1.052067459042334,0.007060855429814323
demo_2318,150,0.0,0.04418468904051096,0.0002965415371846373,50.7901815742447,0.3408737018405684,94.82900594859746,1.8331882786048035,0.01230327703761613
demo_2319,150,0.0,0.03245910339946818,0.00021784633154005488,66.89465016438663,0.44895738365360155,147.0818261906947,2.269720427924521,0.01523302300620484
demo_232,150,0.0,0.2163021359506589,0.0014516921875883148,59.3679577106732,0.398442669199149,159.20017571952556,2.1089663036658033,0.014154136266213445
demo_2320,150,0.0,0.2506202049242175,0.0016820147981491107,52.06062634475517,0.3494001768104374,146.406782374136,1.9367806773739966,0.01299852803606709
demo_2321,150,0.0,0.024378477548924894,0.00016361394328137514,55.84380568051494,0.37479064215110697,150.86376049457846,2.0164920807088427,0.013533503897374783
demo_2322,150,0.0,0.09584385596483977,0.0006432473554687233,32.30134624411213,0.21678755868531632,45.38637212209671,0.7312854007618113,0.004907955709810814
demo_2323,150,0.0,0.01036169986813943,6.954160985328477e-05,45.782216777820146,0.3072631998511419,104.9070165171655,1.408676612184792,0.009454205450904644
demo_2324,150,1.0,0.036271754827988965,0.00024343459616099977,52.98785061371781,0.3556231584813276,88.17604307182846,2.446153549187274,0.01641713791400855
demo_2325,150,1.0,0.06816588792348313,0.00045748918069451767,44.74849940164446,0.3003254993398957,58.15575870185827,1.833520064920226,0.012305503791410911
demo_2326,150,0.0,0.2185055218869376,0.0014664800126640107,48.85181841562804,0.3278645531250204,190.57027811619673,2.1291399517652256,0.014289529877618964
demo_2327,150,0.0,0.21715369858270553,0.001457407373038292,54.538296127082916,0.3660288330676706,118.11955097600304,2.0232939594501564,0.013579154090269507
demo_2328,150,0.0,0.04829460944564987,0.0003241248956083884,53.97803789789899,0.36226871072415434,76.7706938726996,1.3201916941926708,0.008860346940890409
demo_2329,150,0.0,0.0178485118541173,0.00011978867016186106,62.03145389254421,0.4163184825002967,76.72488831079906,2.106673013264597,0.014138745055467096
demo_233,150,0.0,0.09577848316530582,0.0006428086118476901,55.482280201103514,0.37236429665170145,164.06988906478068,1.967503594932432,0.013204722113640483
demo_2330,150,0.0,0.03689112426509318,0.0002475914380207596,50.693483890183224,0.34022472409518945,76.36651429373467,2.0615398371386946,0.013835837833145601
demo_2331,150,1.0,0.04219825903337062,0.0002832097921702726,49.32393444927148,0.3310331171092046,73.72501521345997,2.098125765654565,0.014081380977547417
demo_2332,150,0.0,0.04632707683234288,0.0003109199787405562,41.50708434434914,0.27857103586811505,40.219330965562484,0.7707769907291057,0.005172999937779233
demo_2333,150,1.0,0.05032973604686887,0.0003377834634018045,53.03188305194039,0.3559186782009422,52.13686608396938,1.9323934682871637,0.012969083679779623
demo_2334,150,0.0,0.044684602399366544,0.00029989666039843317,34.921728828231316,0.23437401898141824,74.4532638628214,0.8981604731787979,0.006027922638783878
demo_2335,150,0.0,0.12137059204665354,0.0008145677318567351,52.62627614269878,0.3531964841791864,76.4339574760824,1.7659117862713367,0.011851756954841187
demo_2336,150,0.0,0.06315879303452719,0.00042388451701024963,44.78688223405801,0.3005831022420001,61.438933929872746,1.1453134406842505,0.00768666738714262
demo_2337,150,0.0,0.03479181427015312,0.00023350210919565853,53.84108453598419,0.36134956064418916,130.68925812386428,2.313509982443076,0.015526912633846148
demo_2338,150,0.0,0.024877081560207865,0.00016696027892756956,54.86662739162707,0.36823239860152396,223.76254984860662,2.486660150421759,0.01668899429813261
demo_2339,150,0.0,0.008210586137480706,5.5104604949534944e-05,47.53403476744252,0.3190203675667283,62.329916203203155,1.1198977253953974,0.0075160921167476335
demo_234,150,0.0,0.017013769261301204,0.00011418637088121614,54.29122429382462,0.36437063284446053,151.38353793924162,2.090968634019209,0.01403334653704167
demo_2340,150,0.0,0.02972725744533805,0.0001995117949351547,52.74308394905339,0.3539804291882778,183.50885941716928,2.149324425894451,0.014424996146942624
demo_2341,150,0.0,0.1428935964158458,0.0009590174256097035,55.988115202221785,0.3757591624310187,90.52486207514944,1.4976625945498125,0.010051426809059145
demo_2342,150,0.0,0.02933886033950733,0.00019690510294971363,45.139366365203806,0.3029487675517034,87.77969346009252,1.6455223062865851,0.011043773867695202
demo_2343,150,0.0,0.05377799619506977,0.00036092614896019977,51.30876666922421,0.3443541387196256,68.43596120771029,2.089122363043341,0.014020955456666716
demo_2344,150,0.0,0.06179109432637263,0.0004147053310494807,63.11586858546046,0.4235964334594662,114.56852453887741,1.3222258442522157,0.008873998954712857
demo_2345,150,0.0,0.11420366348522368,0.0007664675401692864,59.71130064537886,0.4007469841971736,108.6169961554014,1.7449891193907359,0.011711336371749904
demo_2346,150,0.0,0.014589076367299001,9.791326421006041e-05,30.63823194464248,0.2056257177492784,28.182652806218314,0.7648557712170574,0.005133260209510452
demo_2347,150,0.0,0.04464700799631043,0.0002996443489685264,60.92702928519686,0.4089062368134017,106.39434526499313,1.8627621019882614,0.012501759073746722
demo_2348,150,0.0,0.05670842160642338,0.0003805934336001569,55.32754750946026,0.3713258222111427,103.44900343935943,2.26048400370884,0.015171033581938522
demo_2349,150,0.0,0.06419438328354143,0.000430834787137862,48.58994036207904,0.3261069822958325,96.37485725984023,1.5583240336088393,0.010458550561133149
demo_235,150,0.0,0.008379706068395104,5.623963804292016e-05,50.29675646413967,0.33756212392040047,144.98007698737638,1.736579650620829,0.01165489698403241
demo_2350,150,0.0,0.0959967472696111,0.0006442734716081282,49.97403265124641,0.33539619229024437,117.1385539954665,1.9401371091899127,0.013021054424093374
demo_2351,150,0.0,0.041288105714769714,0.00027710138063603834,49.21424783493081,0.3302969653351061,90.96577830751268,2.0027095884901134,0.013441003949598077
demo_2352,150,0.0,0.019919623958687335,0.00013368875140058615,54.19133770017313,0.36370025302129616,120.23224322847881,1.9219819972973236,0.012899208035552508
demo_2353,150,0.0,0.043540410770512156,0.000292217521949746,56.72822827001858,0.38072636422831263,81.67116865446877,1.83959402481109,0.012346268622893222
demo_2354,150,0.0,0.10191825817007401,0.0006840151555038524,42.57869722752189,0.2857630686410865,91.9495648673178,1.3608455202196363,0.009133191410870042
demo_2355,150,0.0,0.03612671049443219,0.00024246114425793415,54.014402850236934,0.36251277080695926,162.347005551537,2.503058512320939,0.016799050418261335
demo_2356,150,0.0,0.08397504632673507,0.0005635909149445306,47.91050981568766,0.3215470457428702,89.30123440340351,1.3139808283753172,0.008818663277686692
demo_2357,150,1.0,0.04946310882541549,0.0003319671733249362,37.35505140609462,0.2507050429939236,40.885581731645935,1.5087760101861545,0.010126013491182246
demo_2358,150,0.0,0.09839259266609492,0.0006603529709133887,56.333361174319315,0.3780762494920759,158.7801545428474,2.419166098144442,0.016236014081506323
demo_2359,150,0.0,0.019312122727308513,0.00012961156192824505,56.71801316499251,0.3806578064764598,103.39246805725648,1.3200441320356688,0.008859356590843415
demo_236,150,0.0,0.13407870600310648,0.000899857087269171,62.23532171609194,0.41768672292679154,148.7553458907271,1.9147786768655957,0.012850863603124802
demo_2360,150,1.0,0.07817129794623473,0.0005246395835317767,57.46713079498747,0.3856854415770971,77.41744658929599,2.8360752612965356,0.019034062156352588
demo_2361,150,1.0,0.05249248556430723,0.0003522985608342767,57.991748039690016,0.3892063626824833,95.70933978853807,1.814417887704703,0.012177301259763108
demo_2362,150,0.0,0.06625925778088579,0.00044469300524084424,44.49344569750135,0.2986137295134319,91.58477894896549,1.4100887902529755,0.009463683156060238
demo_2363,150,0.0,0.009586127019230952,6.433642294785873e-05,46.90600964540958,0.31480543386180926,67.01704968490685,1.7779147407723594,0.011932313696458788
demo_2364,150,0.0,0.0661371065303863,0.00044387319819051214,53.46651874516735,0.3588356962762909,124.00776909803564,2.302160751007691,0.01545074329535363
demo_2365,150,0.0,0.01953268519729288,0.00013109184696169718,50.07460790356657,0.33607119398366825,118.56516190491158,2.006511269972502,0.013466518590419476
demo_2366,150,0.0,0.01367232455974668,9.176056751507838e-05,43.569096314474066,0.2924100423790206,58.42983648985788,1.834670178434256,0.012313222674055409
demo_2367,150,0.0,0.057811432655160866,0.0003879961923165159,47.88350335529291,0.3213657943308249,71.95225753630305,2.3584988996124694,0.01582885167525147
demo_2368,150,0.0,0.07734046648439365,0.0005190635334523064,49.73084927087107,0.33376408906624877,147.92420361568236,1.727550166707681,0.01159429642085692
demo_2369,150,0.0,0.022388321685696995,0.00015025719252145635,54.79867826207618,0.3677763641750079,173.5665566032717,1.9505068888706387,0.01309065026087677
demo_237,150,0.0,0.015536818391915855,0.00010427394893903259,49.02258748045639,0.3290106542312509,169.01872312439843,2.0923936389762985,0.01404291032869999
demo_2370,150,0.0,0.17009541913569629,0.001141579994199304,65.10909709944997,0.436973806036577,169.02150412716927,1.8342621932317478,0.012310484518333878
demo_2371,150,1.0,0.059524309965232385,0.00039949201318947907,45.60665102870776,0.306084906232938,54.90221095090043,1.8079895780746207,0.012134158242111549
demo_2372,150,0.0,0.03329622088245717,0.00022346456968092061,39.111762740355324,0.26249505194869344,103.52400055817094,1.429290044807534,0.009592550636292175
demo_2373,150,0.0,0.11872424424459967,0.0007968070083530179,63.759511716653755,0.42791618601781045,133.3470425350793,1.8214007709791915,0.012224166248182494
demo_2374,150,0.0,0.058103204307046116,0.00038995439132245716,54.502430704304246,0.36578812553224327,136.9927806292721,1.8026242742103633,0.012098149491344721
demo_2375,150,0.0,0.19667819434041708,0.0013199878814793094,41.4195776521061,0.27798374263158454,111.51945958815837,2.7791012107578092,0.01865168597824033
demo_2376,150,0.0,0.05644103514604993,0.00037879889359765053,51.415209048354434,0.3450685171030499,138.987612153561,2.1279064058569848,0.014281251046020032
demo_2377,150,0.0,0.06673833027608997,0.00044790825688650985,50.12526265023632,0.33641115872641825,80.91322874177982,2.4029194176218636,0.016126975957193715
demo_2378,150,0.0,0.0476828115476781,0.00032001886944750405,53.50715972202279,0.35910845451022005,103.43420035693008,2.0521763384558636,0.013772995560106466
demo_2379,150,0.0,0.021633311978092647,0.00014519001327578958,56.74237975458384,0.38082134063479084,124.19559263654394,1.932529785995778,0.012969998563730054
demo_238,150,0.0,0.08792915236894026,0.0005901285393888608,41.187098139756195,0.27642347744802814,187.77595444539642,2.125539067454118,0.014265362868819584
demo_2380,150,0.0,0.0791675435667808,0.0005313257957502066,56.47116918343678,0.37900113545930725,136.89468469390496,1.7335123496709655,0.011634311071617217
demo_2381,150,0.0,0.06256870888146213,0.0004199242206809539,53.303063301717025,0.35773867987729546,100.15607727976908,1.6444783461967694,0.011036767424139391
demo_2382,150,0.0,0.2070890844590198,0.0013898596272417436,60.53932438280205,0.4063041904886044,192.78191868233313,2.693970323712087,0.018080337743034143
demo_2383,150,0.0,0.18119015196831734,0.0012160412883779688,50.887620451657966,0.3415276540379729,113.17168692167859,1.5957871716821916,0.010709981018001287
demo_2384,150,0.0,0.03501995157385685,0.00023503323203930771,48.91288961443552,0.3282744269425203,87.51997069253866,2.23677575752997,0.015011917835771611
demo_2385,150,0.0,0.04566151964473752,0.00030645315197810413,43.54829693202151,0.29227044920819806,79.64192290068245,2.0670601736163685,0.013872887071250796
demo_2386,150,0.0,0.061623405227253174,0.00041357990085404817,58.01047358367713,0.3893320374743432,57.04326523778109,1.9977062670898214,0.013407424611341083
demo_2387,150,1.0,0.061415476041622064,0.00041218440296390645,62.613836591528994,0.4202270912183154,63.174910153626044,1.9846797945337609,0.013319998621031953
demo_2388,150,0.0,0.044124852469601815,0.00029613994946041486,52.30583287351759,0.35104585821152745,71.16650840630432,1.0053291858605955,0.006747175744030842
demo_2389,150,0.0,0.031353735293369024,0.00021042775364677198,55.250185213826754,0.37080661217333394,142.0747070747414,1.8351334789366212,0.012316332073400141
demo_239,150,0.0,0.012269303783608146,8.234432069535669e-05,44.632028910166596,0.2995438181890376,171.13664264387407,1.9110128389992749,0.012825589523485066
demo_2390,150,0.0,0.12836065985692466,0.0008614809386370782,52.655020157409574,0.35338939702959443,94.09182656832968,1.7392046976057016,0.011672514749031554
demo_2391,150,0.0,0.013867793450028375,9.307243926193541e-05,57.04830939379279,0.3828745596898845,171.73581485728923,2.389598641966445,0.016037574778298286
demo_2392,150,0.0,0.21410308162564112,0.0014369334337291351,35.344194332863104,0.23720935793867856,97.30784698556492,2.4207848132853456,0.016246877941512385
demo_2393,150,0.0,0.031751990868261935,0.00021310060985410694,58.64776699310796,0.39360917445038895,176.05397244869962,1.9936405155412793,0.013380137688196505
demo_2394,150,0.0,0.07766308917388086,0.000521228786401885,38.83583723201199,0.26064320289940934,61.435328885060294,0.9349737076115617,0.006274991326252092
demo_2395,150,0.0,0.12189056723297421,0.0008180574982078806,50.44799984899177,0.33857718019457567,119.57835738982934,2.589515807926567,0.017379300724339377
demo_2396,150,1.0,0.20559351668046807,0.001379822259600457,54.726309592892356,0.3672906684086735,132.98530375559722,2.345284345302034,0.01574016339128882
demo_2397,150,0.0,0.029632089369853728,0.00019887308301915252,58.694608299999096,0.3939235456375778,161.34372615604178,2.238752781534864,0.01502518645325412
demo_2398,150,0.0,0.06591691721177609,0.00044239541752869857,52.281416413617166,0.35088198935313536,67.7643096561623,1.9327973609954014,0.012971794369096654
demo_2399,150,0.0,0.08801000592796504,0.0005906711807245976,53.4020226492231,0.3584028365719671,150.95467985365883,2.3047721315825767,0.015468269339480381
demo_24,150,0.0,0.0745920917042938,0.0005006180651294886,58.98183865431535,0.3958512661363446,178.92701867162884,2.358736462077016,0.015830446054208164
demo_240,150,0.0,0.022294632510301053,0.00014962840610940303,57.030837624562,0.3827572994937047,179.0832979973609,2.277045590637064,0.015282185172060831
demo_2400,150,0.0,0.20019190568021816,0.0013435698367799877,53.2321497810434,0.35726275020834497,128.29521931520193,1.7769446667351392,0.011925803132450598
demo_2401,150,0.0,0.09043181814981179,0.0006069249540255825,64.17370464906396,0.430696004356134,97.75063063466007,1.4648405374961488,0.009831144546954019
demo_2402,150,0.0,0.34993277046562343,0.0023485420836619024,59.28745574263676,0.3979023875344749,157.79644655618768,1.7850370570641503,0.011980114476940605
demo_2403,150,0.0,0.1444715119596302,0.0009696074628163101,45.679061541595544,0.3065708828295003,129.38681746835823,1.5729501632299456,0.010556712504898964
demo_2404,150,0.0,0.21000716911615974,0.0014094440880279178,64.78047167440914,0.4347682662712023,163.90018627794538,1.7848343012960335,0.01197875369997338
demo_2405,150,0.0,0.03766529575891889,0.000252787219858516,50.899544518347035,0.34160768133118813,99.41081350015901,1.8532243608228123,0.012437747388072566
demo_2406,150,0.0,0.0900736437488722,0.0006045210989857195,44.35781049400237,0.2977034261342441,98.6252493887827,2.444702023739533,0.016407396132480087
demo_2407,150,0.0,0.07367561103330482,0.0004944671881429854,60.833240281848084,0.4082767804150878,94.1624665495249,1.3287193254831744,0.008917579365658889
demo_2408,150,0.0,0.2029761316077804,0.001362255916830741,44.96137989222441,0.30175422746459335,120.31023996041401,1.8634353277836286,0.01250627736767536
demo_2409,150,0.0,0.05257657060100281,0.0003528628899396162,45.03845984926296,0.3022715426125031,58.1798170521569,1.8213616037680165,0.0122239033809934
demo_241,150,0.0,0.025570950043499276,0.0001716171143859012,52.059844926374,0.3493949323917718,147.3002656950816,1.7320493518078215,0.011624492294012224
demo_2410,150,0.0,0.05132569750117675,0.0003444677684642735,55.51742498245905,0.37260016766751036,101.29256327541852,2.3649561109780195,0.01587218866428201
demo_2411,150,0.0,0.05468130039712553,0.00036698859326929887,44.53170548209548,0.29887050659124487,124.0858008652882,1.8058611859075313,0.012119873730923028
demo_2412,150,1.0,0.156248937573501,0.0010486505877416175,43.736748330300216,0.29353522369329005,94.29162184196002,2.77455960703709,0.01862120541635631
demo_2413,150,0.0,0.12269328482653516,0.0008234448646076186,52.13650801985139,0.34990944979766037,184.03098673488208,2.378389724157893,0.015962347141999282
demo_2414,150,0.0,0.12798999511767187,0.0008589932558233011,59.73070123235289,0.40087718947887846,98.78831861295059,1.578654480208554,0.010594996511466805
demo_2415,150,0.0,0.01862938522660736,0.0001250294310510561,50.83600068444369,0.3411812126472731,51.72256845000426,0.9471378559791875,0.006356629905900587
demo_2416,150,0.0,0.06525856080972904,0.00043797691818610096,52.16309832176849,0.3500879081997885,69.17602310575104,1.5752684967556037,0.010572271790306065
demo_2417,150,0.0,0.035395446754881495,0.00023755333392537915,45.84581555548342,0.3076900372851236,92.32506735837346,1.299606964343696,0.00872219439156843
demo_2418,150,0.0,0.12385300213233474,0.0008312282022304345,49.622449041676596,0.3330365707495074,131.92303725315432,2.1734512930601384,0.014586921429933815
demo_2419,150,0.0,0.07136572378325037,0.0004789645891493314,54.371451202943845,0.3649090684761332,92.3027647667942,2.016382883596286,0.013532771030847558
demo_242,150,0.0,0.024883491442174308,0.00016700329826962624,61.02737515102169,0.40957969900014557,154.56768160062813,1.9320418197323894,0.01296672362236503
demo_2420,150,1.0,0.1384450157703925,0.0009291611796670637,57.50375800230731,0.3859312617604517,111.75186221744417,2.4697141086858654,0.016575262474401782
demo_2421,150,0.0,0.23901454449081974,0.0016041244596699312,47.685524114990635,0.32003707459725256,140.14974129322528,2.0552522658344694,0.013793639368016574
demo_2422,150,0.0,0.05708110367592271,0.0003830946555431054,57.26435071355057,0.38432450143322533,92.7976304205792,2.134690017438138,0.014326778640524417
demo_2423,150,0.0,0.05504955237014721,0.00036946008302112226,56.516113229633724,0.37930277335324647,118.59725428034483,1.6000665346351302,0.010738701574732418
demo_2424,150,0.0,0.10368381473838069,0.000695864528445508,56.39550016929036,0.3784932897267809,107.43574605612955,1.7784273999845817,0.01193575436231263
demo_2425,150,1.0,0.0410844038948863,0.000275734254328096,44.819824602248694,0.3008041919614006,90.05225201430694,1.9710681080317385,0.013228645020347238
demo_2426,150,1.0,0.044705039334095545,0.00030003382103419826,44.3750911976322,0.29781940401095436,61.36556996852047,1.697583634110711,0.011393178752420878
demo_2427,150,0.0,0.053936326963884576,0.0003619887715696951,46.49259220189475,0.31203082014694467,85.17651757366822,1.4035841741791346,0.009420028014625064
demo_2428,150,0.0,0.06415134304475768,0.0004305459264748838,52.02369932490123,0.3491523444624244,149.01580688512587,2.2532145467845774,0.015122245280433405
demo_2429,150,0.0,0.02393490718721817,0.00016063696098804142,49.54206862820177,0.3324971048872602,168.16924002955184,2.328211575512263,0.015625581043706465
demo_243,150,0.0,0.0796535247157413,0.000534587414199606,56.148676754867104,0.3768367567440745,162.71694167499575,2.2203830458284664,0.01490189963643266
demo_2430,150,0.0,0.03332149034787914,0.00022363416340858482,59.760764021788134,0.40107895316636333,105.57870497549398,1.9738543181949497,0.01324734441741577
demo_2431,150,0.0,0.16884447910619824,0.0011331844235315319,50.34661707024294,0.33789675886069087,103.96585841823213,2.5390782571125277,0.01704079367189616
demo_2432,150,1.0,0.0471216918413376,0.00031625296537810465,51.01017376963679,0.3423501595277637,57.726064924423724,1.6432338064879835,0.011028414808644185
demo_2433,150,0.0,0.059915184895655886,0.0004021153348701737,59.74286980523393,0.40095885775324785,174.95845029490872,2.2829822793026997,0.015322028720152347
demo_2434,150,0.0,0.09344288958680225,0.0006271334871597467,50.03996120713747,0.3358386658197146,117.04644763822894,1.8672189471316911,0.012531670786118733
demo_2435,150,0.0,0.05696098195174445,0.000382288469474795,54.12130482549617,0.3632302337281622,110.79523529666184,1.4381980404779724,0.009652335842134043
demo_2436,150,0.0,0.0622624724361384,0.0004178689425244188,51.49845196068307,0.34562719436700046,100.6396633808001,1.9798081506938987,0.013287303024791267
demo_2437,150,0.0,0.17128573596359167,0.001149568697742226,37.536744882582596,0.25192446229921206,86.08710924650947,2.2017215147237845,0.014776654461233453
demo_2438,150,0.0,0.11789692856652267,0.000791254554137736,56.766612953620495,0.3809839795545,196.73496259670682,2.358077106349442,0.015826020847982833
demo_2439,150,0.0,0.10401493400110881,0.0006980868053765693,52.251704665303556,0.3506825816463326,108.93959877867063,1.7012571649267132,0.011417833321655793
demo_244,150,0.0,0.015261413462321382,0.00010242559370685492,46.68087447194728,0.31329445954327034,158.0895739733096,2.0967662061513406,0.014072256417123091
demo_2440,150,0.0,0.0447132343124772,0.00030008882088910875,41.82210037424688,0.2806852374110529,125.1859058269419,1.7872759392208641,0.011995140531683652
demo_2441,150,0.0,0.033000167929067514,0.00022147763710783568,48.559613162188406,0.32590344404153293,135.43760843646717,1.8650199669874932,0.012516912530117405
demo_2442,150,0.0,0.0813444596488153,0.0005459359707974181,45.25746337344607,0.30374136492245685,110.03411673306817,1.7398535231438539,0.011676869282844657
demo_2443,150,1.0,0.11794967841881039,0.0007916085799920161,58.47172045400179,0.3924276540537033,95.7650394810513,2.0624688858460347,0.01384207305936936
demo_2444,150,0.0,0.12567941660551182,0.0008434860174866565,54.39314305931245,0.36505465140478155,139.4608677979211,2.181128259033555,0.014638444691500368
demo_2445,150,0.0,0.13784899125478814,0.0009251610151328063,49.93880223199659,0.33515974652346703,167.58444077816313,2.2478759230869922,0.015086415591187867
demo_2446,150,0.0,0.03612115920629721,0.0002424238872905853,64.64870304363184,0.433883913044509,103.66976223678685,2.0018039705178126,0.013434925976629614
demo_2447,150,0.0,0.0659461842039786,0.0004425918402951584,49.04824103315831,0.3291828257258947,92.15861051066193,1.355306569346713,0.009096017243937672
demo_2448,150,0.0,0.0616686122758705,0.0004138833038649027,64.10605576376909,0.4302419849917389,144.2954082366859,1.8165339630430168,0.012191503107671253
demo_2449,150,0.0,0.22571197127960851,0.0015148454448295874,42.41617042271772,0.2846722847162263,125.06186757855889,1.7226257650256662,0.0115612467451387
demo_245,150,0.0,0.043912748114493805,0.0002947164302986161,60.08649879188266,0.4032650925629709,178.65406989642517,2.142337496898419,0.014378104006029657
demo_2450,150,0.0,0.05859194216929316,0.0003932345112033098,42.38176887003629,0.2844414018123241,65.79850945597849,1.3658109170507702,0.00916651622181725
demo_2451,150,0.0,0.08864588006405492,0.0005949387923762076,49.92493074997977,0.3350666493287233,108.1224690165653,1.9980114794125639,0.013409473016191704
demo_2452,150,0.0,0.027999169249376222,0.00018791388757970619,51.051123249910184,0.3426249882544308,155.91185787079496,2.011176993331217,0.013497832170008169
demo_2453,150,0.0,0.08830902100626888,0.0005926779933306636,42.21977715952521,0.28335420912433024,83.6111074622918,1.8630237810331762,0.01250351530894749
demo_2454,150,0.0,0.03217388829308679,0.00021593213619521334,29.482460247797018,0.19786886072346993,57.6916880939421,0.7617901313005472,0.005112685444970115
demo_2455,150,0.0,0.07552041986076714,0.0005068484554413902,48.06560231135576,0.322587934975542,111.33389346410537,2.2555543713503896,0.015137948801009327
demo_2456,150,0.0,0.03719750692237973,0.0002496476974656358,44.94087594560853,0.301616617084621,68.93070288689232,1.0300002347630448,0.006912753253443254
demo_2457,150,0.0,0.04346720005226378,0.00029172617484740795,54.03281895677956,0.3626363688374467,116.56144907777654,1.4921581482374522,0.010014484216358739
demo_2458,150,0.0,0.10657243324461087,0.0007152512298296031,47.699270105103004,0.32012932956444967,150.4503755782612,2.4305652895504424,0.01631251872181505
demo_2459,150,0.0,0.02125591951012613,0.0001426571779203096,43.20533141360999,0.2899686672054362,107.48236167590156,1.4187914906322086,0.009522090541155761
demo_246,150,0.0,0.012809320761820646,8.596859571691708e-05,57.94280602355633,0.38887789277554585,149.89491924076137,1.9587429884505547,0.013145926096983588
demo_2460,150,0.0,0.3203654696205236,0.002150103822956534,60.926316397576215,0.4089014523327263,104.80470425305478,1.9859856837268368,0.013328762978032462
demo_2461,150,0.0,0.05154983717381417,0.00034597206156922265,55.28259693956101,0.3710241405339665,155.45240695090314,2.6987531447865303,0.018112437213332416
demo_2462,150,0.0,0.043032204832658794,0.0002888067438433476,47.617505074622684,0.31958057097062204,84.54400467734324,2.0912484629914245,0.014035224583835064
demo_2463,150,0.0,0.053030977312909115,0.00035591259941549744,50.481297461745164,0.3388006541056722,68.82132131901798,1.6394184535153018,0.011002808412854375
demo_2464,150,0.0,0.17344080733708894,0.0011640322640073084,57.00274002422253,0.3825687249947821,162.60606461612855,2.1006728364026497,0.01409847541209832
demo_2465,150,0.0,0.04008884221216176,0.00026905263229638765,51.22925183589068,0.34382048212007166,133.63673986899573,2.2693186610784286,0.015230326584418984
demo_2466,150,0.0,0.054776609836347204,0.0003676282539352161,48.121311184907135,0.3229618200329338,80.5061214683899,1.3611556114352084,0.009135272559967841
demo_2467,150,1.0,0.09220678453818006,0.0006188374801220138,53.268800696185046,0.3575087295045976,96.44719195996328,2.157275602080374,0.014478359745505865
demo_2468,150,0.0,0.11849927280232964,0.0007952971329015412,44.15869117609993,0.2963670548731539,85.01794911571707,1.6639624600431133,0.011167533288879955
demo_2469,150,0.0,0.027981818887666494,0.00018779744219910399,64.1064495947197,0.43024462815248127,147.2284746747914,1.909967163262138,0.012818571565517705
demo_247,150,0.0,0.05662857029705855,0.00038005751877220504,51.39059053532635,0.3449032921833983,160.00521026903832,1.867036607530874,0.01253044703040855
demo_2470,150,0.0,0.23659259256944334,0.0015878697487882103,54.66707023824807,0.3668930888473025,102.19764566968837,1.4117652376762837,0.009474934481048884
demo_2471,150,0.0,0.05076732700658844,0.00034072031548045933,48.471049374643655,0.32530905620566214,109.55971894166593,1.4307984372984346,0.00960267407582842
demo_2472,150,0.0,0.2095496457779288,0.0014063734615968376,50.78321432112524,0.34082694175251843,144.45171886802763,1.8327040470553135,0.012300027161445057
demo_2473,150,0.0,0.034659605721367996,0.00023261480349911408,49.397445189765556,0.33152647778366146,91.83468597089123,1.0126990613827531,0.006796637995857404
demo_2474,150,0.0,0.05365597849760743,0.00036010723823897605,44.79197392763249,0.30061727468209726,108.7836487582984,1.5309067105611327,0.01027454168161834
demo_2475,150,0.0,0.035114073922872656,0.00023566492565686346,44.466307639262524,0.29843159489437937,64.18351309722817,1.637960654532857,0.010993024527066155
demo_2476,150,0.0,0.14594791875324453,0.000979516233243252,58.908153280183065,0.3953567334240474,94.0448338305281,2.539440299767457,0.017043223488372193
demo_2477,150,1.0,0.03217135714744292,0.0002159151486405565,46.625546392778595,0.3129231301528765,130.70598284882792,2.1483684221241655,0.014418580014256143
demo_2478,150,0.0,0.05034625872596172,0.0003378943538655149,51.73444991390399,0.34721107324767775,112.47247148113533,1.6706638633892328,0.011212509150263308
demo_2479,150,0.0,0.2633082755106925,0.0017671696342999499,48.52059953496272,0.32564160761719946,170.60181002684217,1.9623603859870216,0.013170203932798802
demo_248,150,0.0,0.05074913492137623,0.0003405982209488337,62.90939693497304,0.4222107176843828,181.13192202597307,2.429737169959061,0.01630696087220846
demo_2480,150,0.0,0.10270958112733869,0.0006893260478344879,38.75703527592959,0.2601143307109368,76.44447221153875,1.801959750716915,0.012093689602126947
demo_2481,150,0.0,0.03459030091554882,0.00023214967057415316,55.917477328308536,0.37528508274032574,108.13549631170133,1.745823176603095,0.01171693407116171
demo_2482,150,0.0,0.13635419016899553,0.0009151287930805068,57.39779362278401,0.3852200914280806,117.49386171570099,2.09633703192122,0.01406937605316255
demo_2483,150,0.0,0.05753349007700958,0.0003861308058859703,56.46622950410706,0.3789679832490407,93.88361874132306,1.1697157335603254,0.0078504411648344
demo_2484,150,0.0,0.01758215184544934,0.00011800101909697544,58.794997948093396,0.39459730166505635,127.67892284019733,1.4157328788368344,0.009501562945213654
demo_2485,150,0.0,0.11149744853776875,0.0007483050237434144,46.095726987042276,0.30936729521504885,68.31936955785238,2.034861923384554,0.0136567914321111
demo_2486,150,0.0,0.03554795509838692,0.0002385768798549458,46.44727080860083,0.3117266497221532,101.22650972822423,2.1700323302359017,0.01456397537071075
demo_2487,150,0.0,0.043344150620460146,0.00029090033973463183,45.70917550398057,0.3067729899596011,67.6403319513745,1.0278538626240885,0.006898348071302607
demo_2488,150,0.0,0.01927743251950447,0.00012937874174164074,50.852209137895926,0.34128999421406664,45.03070854311378,0.8972400946633718,0.006021745601767596
demo_2489,150,0.0,0.04432790011108398,0.00029750268530928843,45.899792919197715,0.3080523014711256,77.45574060779907,1.1755536103622202,0.00788962154605517
demo_249,150,0.0,0.01993049242874966,0.00013376169415268228,52.72809491038076,0.3538798316132937,182.3941186158126,2.2827526385051007,0.015320487506745643
demo_2490,150,0.0,0.05795854678451683,0.00038898353546655594,52.98816559319977,0.35562527243758235,113.8208099019746,1.7462161855901757,0.011719571715370306
demo_2491,150,0.0,0.039803139864861455,0.0002671351668782648,58.5162160821276,0.3927262824303866,89.85011835519947,1.9530963491087694,0.013108029188649459
demo_2492,150,0.0,0.08417946719927553,0.0005649628671092318,45.26523945630788,0.3037935533980395,147.93783236758642,1.6968487987093521,0.011388246971203705
demo_2493,150,0.0,0.005769418374431944,3.872092868746271e-05,48.952072332382045,0.3285373982039063,138.0575768545915,1.657840850796902,0.011126448663066456
demo_2494,150,0.0,0.14160895799627668,0.0009503956912501791,52.76754699561341,0.3541446107088148,126.65399123547922,1.8506111736912771,0.012420209219404545
demo_2495,150,0.0,0.09249650973428636,0.0006207819445254118,53.865019610924165,0.3615101987310347,83.11674634676268,1.8721346373572085,0.012564661995685964
demo_2496,150,0.0,0.06936491031366693,0.0004655363108299794,50.27923943994362,0.33744455999962164,100.12063723131642,2.204499214472786,0.014795296741428094
demo_2497,150,0.0,0.04831729133915856,0.0003242771230816011,53.9126304440329,0.36182973452371076,106.51505851117732,1.950436726483686,0.013090179372373731
demo_2498,150,0.0,0.1851585831973835,0.0012426750550159965,56.3290415552293,0.37804725875992823,111.58956064367598,2.1194740419355864,0.014224657999567694
demo_2499,150,0.0,0.030270410800736846,0.00020315711946803253,31.94752659608805,0.21441293017508758,60.54370937809211,1.0645420667946568,0.007144577629494341
demo_25,150,0.0,0.03450613520506122,0.0002315848000339679,53.911407504922714,0.3618215268786759,177.5451022698222,2.114085515943284,0.014188493395592508
demo_250,150,0.0,0.042347370579367376,0.0002842105408011233,48.11172763026583,0.32289750087426733,169.8927900227879,2.346938036597018,0.015751261990584013
demo_2500,150,0.0,0.3112365251920554,0.002088835739543996,49.161670229976636,0.3299440955031989,161.81828928737482,2.053571134096015,0.013782356604671241
demo_2501,150,0.0,0.024707681601584444,0.00016582336645358688,46.439487105325036,0.3116744101028526,112.76073334511275,2.3724275248985225,0.01592233238186928
demo_2502,150,0.0,0.07250212144890279,0.00048659141912015295,60.51830505832388,0.4061631211968046,157.4097235526723,1.9461441831125734,0.013061370356460225
demo_2503,150,0.0,0.08900647517582912,0.0005973588937975108,46.28239318164751,0.31062008846743294,123.60646873258807,1.6202797042372175,0.010874360431122264
demo_2504,150,0.0,0.08278022416970905,0.0005555719742933494,57.92768444890436,0.3887764056973447,114.03964133650385,1.4188519693462798,0.009522496438565635
demo_2505,150,0.0,0.09155128873617187,0.0006144381794373951,36.57151166532296,0.24544638701559032,57.38935572818464,0.8596077195220124,0.0057691793256510904
demo_2506,150,1.0,0.07197935923305779,0.00048308294787287103,52.80048909513391,0.3543656986250598,100.68947635299277,2.183941395287553,0.014657324800587603
demo_2507,150,1.0,0.16362564266040902,0.001098158675573215,35.527320422258185,0.2384383920956925,66.87261286679669,1.3154894054436925,0.008828787955997936
demo_2508,150,0.0,0.06334607467874946,0.00042514144079697626,50.35556117109544,0.3379567863831909,136.4186477090191,2.0397087696148426,0.013689320601441896
demo_2509,150,0.0,0.3622229815357463,0.002431026721716418,50.065021450754564,0.3360068553741917,161.73306989773593,1.7421575084092615,0.011692332271203098
demo_251,150,0.0,0.19596558883456766,0.0013152052941917292,53.212538984883764,0.3571311341267367,197.63162676861842,2.733530482778357,0.018345842166297695
demo_2510,150,0.0,0.03818089652335641,0.00025624762767353297,57.68301479790702,0.3871343275027317,86.69596377303533,1.2794153383560454,0.008586680123194936
demo_2511,150,0.0,0.04838413989398408,0.0003247257711005643,44.44899654376643,0.29831541304541226,119.26752110711239,1.8220857019097503,0.012228763100065439
demo_2512,150,1.0,0.11586644389439621,0.000777627140230847,52.36045560007357,0.35141245369176893,108.5794863907956,1.9304353113840973,0.012955941687141592
demo_2513,150,0.0,0.041762821037058695,0.00028028738951046104,57.16437979985659,0.3836535557037355,159.87850503916158,2.1876624145399832,0.014682298084160961
demo_2514,150,1.0,0.03639713817876227,0.0002442760951594783,50.02260327396835,0.3357221696239487,119.54740028311359,1.5832770393418807,0.010626020398267655
demo_2515,150,0.0,0.09001325994605758,0.0006041158385641448,52.36422622288244,0.35143775988511705,99.57926255780674,1.3375169723414824,0.00897662397544619
demo_2516,150,0.0,0.09757765807559929,0.0006548836112456328,46.969089352430096,0.315228787600202,112.61486203494577,2.244616164351356,0.015064538015780912
demo_2517,150,1.0,0.10243420095440522,0.0006874778587543975,41.41949362793413,0.27798317871096734,54.35706386765217,1.1251709843523157,0.007551483116458494
demo_2518,150,0.0,0.0257357325692136,0.00017272303737727248,40.50625494015966,0.27185406000107154,48.24802576180443,0.7928549322487992,0.0053211740419382494
demo_2519,150,1.0,0.20214828196848555,0.0013566998789831246,49.388415212575104,0.3314658739099,70.9000147781014,1.679431898198353,0.011271355021465456
demo_252,150,0.0,0.013826807306412694,9.279736447256842e-05,61.1167257500648,0.41017936745009936,179.58676295646347,2.2123863402879755,0.01484823047173138
demo_2520,150,0.0,0.046596920732109144,0.0003127310116248936,43.00510778828461,0.2886248844851316,71.78372771745302,1.1085831599475426,0.007440155435889548
demo_2521,150,0.0,0.08356607732854843,0.0005608461565674391,56.33452476142754,0.3780840588015271,132.54284018590408,1.7679810668147797,0.011865644743723354
demo_2522,150,0.0,0.12528469183742988,0.000840836857969328,60.920170107997436,0.4088602020670969,122.32660849283438,2.2114236778083343,0.014841769649720364
demo_2523,150,0.0,0.18456425283074293,0.001238686260609013,47.186989177330744,0.3166912025324211,83.1399069668686,2.0970610843543533,0.014074235465465459
demo_2524,150,0.0,0.0578574870964938,0.000388305282526804,43.632699839868074,0.29283691167696696,49.36913914011083,0.7819466623904512,0.005247964177117122
demo_2525,150,0.0,0.019550832057450965,0.00013121363796946955,35.589417752678024,0.23885515270253707,59.05858036719587,0.8311348679134334,0.005578086361835123
demo_2526,150,0.0,0.027629806572578585,0.00018543494344012474,53.10000462285325,0.35637586995203524,84.23438476142817,1.3923323825909195,0.009344512634838386
demo_2527,150,0.0,0.08273360802900866,0.0005552591142886488,76.45374890178854,0.5131124087368358,102.42666024672478,1.2332039347639783,0.008276536474926028
demo_2528,150,0.0,0.07272363174397332,0.0004880780653957941,57.99722530825805,0.38924312287421514,85.30759433960925,1.6769294305119682,0.011254559936321934
demo_2529,150,0.0,0.23938007267284447,0.001606577668945265,43.33206367791789,0.29081921931488514,149.99811391495112,2.124311316608369,0.014257122930257509
demo_253,150,0.0,0.027244750136644378,0.00018285067205801595,62.50883450559535,0.41952237923218355,187.302872526513,2.445979979123213,0.01641597301424975
demo_2530,150,1.0,0.11615461332723527,0.0007795611632700354,68.46934957516011,0.45952583607490005,143.65883738872046,3.5039968275630735,0.023516757231966938
demo_2531,150,1.0,0.15123497888456716,0.0010149998582856857,40.64031497627145,0.2727537917870567,68.3839382132081,1.8173110054959527,0.012196718157690958
demo_2532,150,0.0,0.06022292196643586,0.0004041806843384957,52.15023792186449,0.3500015967910368,104.81492191961037,1.8557430586978207,0.012454651400656516
demo_2533,150,0.0,0.01472201247432963,9.880545284784988e-05,42.557593961367054,0.2856214359823292,92.59887596607216,1.8912324730097687,0.012692835389327306
demo_2534,150,0.0,0.05467228862595683,0.00036692811158360285,46.43345799930221,0.3116339463040417,69.49284113098457,1.4378235273593243,0.009649822331270633
demo_2535,150,0.0,0.21071273431656032,0.0014141794249433578,56.63872088181699,0.3801256435021274,84.8338286940921,2.239500166500673,0.01503020245973606
demo_2536,150,0.0,0.045822339369189766,0.0003075324789878508,45.261461715627526,0.3037681994337418,51.48113398425564,1.2560314550251168,0.008429741308893401
demo_2537,150,0.0,0.09668113247220235,0.0006488666608872641,59.061690146584795,0.39638718219184427,121.82951263564966,2.5312334725567087,0.01698814411111885
demo_2538,150,0.0,0.06786838734113321,0.00045549253249082687,51.15525200434254,0.3433238389553191,98.91779267538115,1.8688839917628135,0.012542845582300762
demo_2539,150,0.0,0.03553491688772692,0.00023848937508541557,56.616874823870255,0.37997902566355873,140.8368013094645,2.1575323489593976,0.014480082878922131
demo_254,150,0.0,0.01590568877885902,0.0001067495891198592,54.43924533677022,0.3653640626628874,161.41196181004804,2.251395911864764,0.015110039676944726
demo_2540,150,0.0,0.014786304746066202,9.923694460447115e-05,47.30553525124597,0.3174868137667515,147.73260796448187,2.2106412142608782,0.014836518216515961
demo_2541,150,0.0,0.13210227154735232,0.0008865924264922975,44.01186863026099,0.29538166865946974,74.64157197621127,1.8548701230169433,0.012448792771925794
demo_2542,150,0.0,0.08291961126833779,0.0005565074581767637,39.66653934737208,0.2662183848816918,93.30532452608514,2.1515369263866715,0.014439845143534708
demo_2543,150,1.0,0.03663595513617422,0.00024587889353137063,47.13626086474083,0.31635074405866326,83.38777999898076,2.0120701291203305,0.013503826369935103
demo_2544,150,0.0,0.017145351068329345,0.00011506947025724393,44.231628631158905,0.29685656799435506,88.96357416860491,1.2767233826200721,0.00856861330617498
demo_2545,150,1.0,0.17426612738612535,0.0011695713247390962,54.62731088675949,0.36662624756214424,88.8440705705258,2.78990903402918,0.018724221704893827
demo_2546,150,1.0,0.0802158742755755,0.0005383615723192986,47.58132922349982,0.3193377800234887,82.60531996208053,1.4642808888143497,0.009827388515532548
demo_2547,150,0.0,0.05743341776014429,0.00038545917959828383,48.8087735641599,0.32757566150442885,59.91086150165007,1.3487347140116424,0.009051910832292901
demo_2548,150,0.0,0.05380324610128248,0.0003610956114180032,47.65078256056502,0.31980390980244977,117.0456662954162,1.97831807866278,0.01327730254136094
demo_2549,150,0.0,0.13690408220509792,0.0009188193436583753,41.40518577390262,0.27788715284498405,98.89927481808382,1.813155489354307,0.012168828787612797
demo_255,150,0.0,0.14922419792264108,0.001001504684044571,56.865216571081746,0.3816457487992063,178.35176525345128,2.321313590483612,0.015579285842171895
demo_2550,150,0.0,0.0995433822975296,0.0006680763912585879,51.23174363367812,0.3438372055951552,123.20144572610023,2.1093175906279424,0.014156493896831828
demo_2551,150,0.0,0.12560116922716963,0.0008429608672964404,49.16375767071512,0.3299581051725847,102.29090934187569,1.7971112587758051,0.012061149387757082
demo_2552,150,0.0,0.103571733160017,0.0006951123030873624,51.68678554024061,0.34689117812242015,82.10414638829702,1.4061791795733045,0.009437444158210097
demo_2553,150,0.0,0.31444738148906315,0.0021103851106648534,52.435654451339815,0.3519171439687236,155.0916995555655,2.0519195778470367,0.013771272334543871
demo_2554,150,0.0,0.09185296651182859,0.0006164628624954939,50.241855944222,0.33719366405518125,124.92880063477057,1.7680310243548005,0.01186598002922685
demo_2555,150,0.0,0.07446069733596587,0.0004997362237313146,57.62270043467373,0.38672953311861563,140.4149075353157,1.7722960859632888,0.011894604603780461
demo_2556,150,0.0,0.14478687208197497,0.00097172397370453,58.24184824743898,0.3908848875667046,88.29114139993155,1.3690357895412437,0.009188159661350628
demo_2557,150,0.0,0.14057474687783567,0.0009434546770324541,47.16578544064053,0.3165488955747687,94.44569294667077,1.4530313059163937,0.009751887959170428
demo_2558,150,1.0,0.1852123515143047,0.0012430359162033872,37.267834820875045,0.2501196967843963,59.92200300700641,1.5090015910729306,0.010127527456865307
demo_2559,150,0.0,0.08676601708790892,0.0005823222623349592,38.05388306623668,0.25539518836400454,173.79635983414116,2.3766622173385095,0.015950753136500063
demo_256,150,0.0,0.08143260945977708,0.0005465275802669602,56.125961275912374,0.3766843038651837,187.54816663385716,2.5742624101725218,0.01727692892733236
demo_2560,150,0.0,0.025117531553818805,0.00016857403727395172,48.88689281071451,0.3280999517497618,110.66964976810735,1.6193004208866488,0.010867788059641939
demo_2561,150,0.0,0.2532570688715863,0.0016997118716213845,52.679454211069626,0.3535533839669102,93.9980205345779,2.359646361348843,0.01583655276073049
demo_2562,150,0.0,0.12794810079440885,0.0008587120858685158,53.48528531081793,0.3589616463813284,75.0524024371167,1.5166577018223073,0.010178910750485284
demo_2563,150,0.0,0.11915785500941802,0.0007997171477142149,49.71563846440876,0.33366200311683736,110.03836434182419,1.69023243154541,0.011343841822452416
demo_2564,150,0.0,0.04085565306256678,0.00027419901384273006,35.45596943872581,0.2379595264344014,53.104602030335,0.6784704107225835,0.004553492689413312
demo_2565,150,0.0,0.023421527749838092,0.00015719146140830934,53.44366746907663,0.3586823320072257,94.9713852825071,1.409442519863938,0.009459345770898913
demo_2566,150,0.0,0.11209593608751693,0.0007523217187081673,53.944286770335616,0.36204219308950075,140.0202901957394,2.491913447483441,0.01672425132539222
demo_2567,150,0.0,0.18984000022272582,0.0012740939612263479,53.02515302113465,0.35587351020895736,138.01559867235963,1.766593042785645,0.011856329146212383
demo_2568,150,0.0,0.09626537872274607,0.0006460763672667522,51.57119140961759,0.34611537858803754,90.95741688010114,1.6225383358475107,0.010889519032533629
demo_2569,150,0.0,0.0546188287380022,0.00036656932038927654,38.35114863511323,0.25739025929606196,69.36384464069911,1.198894769293613,0.008046273619420221
demo_257,150,0.0,0.021862662858526814,0.00014672928092971017,45.018212401404675,0.3021356537007025,199.67194861343552,2.600532300119993,0.017453236913557
demo_2570,150,0.0,0.12281633223112534,0.0008242706861149352,71.39428882398278,0.47915630083209915,184.2966074010822,2.3825821226639166,0.015990484044724272
demo_2571,150,0.0,0.03596207373182413,0.00024135619954244385,35.83699702760621,0.2405167585745383,42.32061528881262,0.5949041359441287,0.003992645207678717
demo_2572,150,0.0,0.08194566390871671,0.0005499708987162196,45.78179762529057,0.3072603867469166,114.67356730185202,1.584929927013876,0.010637113604119973
demo_2573,150,0.0,0.029675111301762702,0.00019916182081719934,55.79678421400442,0.37447506183895585,127.7521208480349,2.177250146323259,0.014612417089417847
demo_2574,150,0.0,0.025922936889859798,0.00017397944221382415,47.7704953716432,0.3206073514875383,117.49158893962014,2.1572137888719967,0.014477944891758366
demo_2575,150,0.0,0.044672049910208934,0.00029981241550475793,64.8460103949819,0.43520812345625437,108.22421378470986,2.045052705143884,0.013725185940562979
demo_2576,150,0.0,0.1268995012258328,0.000851674504871361,58.05961653593703,0.3896618559458861,76.13123717501978,1.113858852220727,0.00747556276658206
demo_2577,150,0.0,0.20637995762180467,0.0013851003867235213,59.78691400183181,0.40125445638813295,116.85549385738531,1.7796854291328712,0.011944197510958867
demo_2578,150,0.0,0.12928570253437632,0.0008676892787542035,55.47665224178829,0.37232652511267306,115.88037113689386,0.9287755897739017,0.006233393219959072
demo_2579,150,0.0,0.05662703500990544,0.0003800472148315801,51.06121011223216,0.34269268531699437,66.80113110147994,1.9004120970014582,0.012754443604036632
demo_258,150,0.0,0.016659248502440372,0.00011180703692913001,52.186276910548045,0.350243469198309,145.30886007621007,1.7033047993359087,0.011431575834469186
demo_2580,150,0.0,0.025666404028257896,0.00017225774515609326,51.97722302384104,0.3488404229787989,105.11167383185673,1.591890458994967,0.010683828583858839
demo_2581,150,0.0,0.07045699566869411,0.0004728657427429135,52.35082991671801,0.3513478517900538,143.93249346435775,1.7914001684946443,0.012022819922782847
demo_2582,150,1.0,0.04424508677656715,0.0002969468911179003,40.68780056256581,0.273072486997086,119.28808099872175,2.598770208412282,0.017441410794713303
demo_2583,150,0.0,0.052756552860061375,0.0003540708245641703,63.37915656769419,0.42536346689727644,132.47174718864994,2.3223097218852837,0.015585971287820697
demo_2584,150,0.0,0.027632373552459146,0.0001854521714930144,59.17755180487186,0.3971647772139051,134.2743812202654,2.06541191122054,0.013861824907520403
demo_2585,150,0.0,0.01901327873509829,0.00012760589755099523,50.73551308179296,0.34050679920666416,143.8349249023294,2.0943919105057773,0.01405632154701864
demo_2586,150,0.0,0.0664349911819985,0.00044587242404025835,32.32273586500458,0.21693111318795022,54.3157510835165,0.6941763568759661,0.0046589017239997725
demo_2587,150,0.0,0.055160270886784546,0.00037020316031399027,50.59818407132183,0.33958512799544854,82.81780621075869,1.3657630034716863,0.00916619465417239
demo_2588,150,0.0,0.06394120854738025,0.0004291356278347668,64.0794433894394,0.43006337845261344,130.85516008859588,2.049573261302646,0.013755525243641918
demo_2589,150,0.0,0.061040521796076004,0.0004096679315172886,43.46776505852978,0.29172996683577035,125.72803849855846,1.9985147266551633,0.013412850514464184
demo_259,150,0.0,0.029684048251381524,0.00019922180034484245,51.60727268519835,0.34635753479998893,173.71900042539397,2.2567197146415463,0.01514576989692313
demo_2590,150,0.0,0.1519725787479922,0.001019950192939545,48.61764523486937,0.3262929210393918,144.469400191665,2.067339715360198,0.013874763190336897
demo_2591,150,0.0,0.17310157285508865,0.0011617555225173735,51.024840807014385,0.34244859602023076,188.50539689257124,2.1633957462916773,0.014519434538870318
demo_2592,150,0.0,0.11336858844014265,0.000760863009665387,54.55662623324437,0.36615185391439176,85.93523195128245,2.3687025932038015,0.01589733284029397
demo_2593,150,0.0,0.0330458331659259,0.00022178411520755637,54.19458416985088,0.36372204140839515,149.49044006592857,2.4486384675098765,0.01643381521818709
demo_2594,150,0.0,0.18674846311748383,0.001253345390050227,51.316425216610725,0.34440553836651494,85.68989762977488,2.228931324126319,0.014959270631720261
demo_2595,150,0.0,0.08902270769377908,0.0005974678368710005,45.62534166355766,0.30621034673528635,121.1151921998519,1.6537635351677267,0.011099084128642462
demo_2596,150,0.0,0.007635910521571383,5.1247721621284455e-05,59.88366454389567,0.40190378888520584,112.27150330292156,1.5854378910040392,0.01064052275841637
demo_2597,150,0.0,0.24038192870281055,0.0016133015349181917,43.25430656882947,0.2902973595223454,77.29195946449853,1.5593835664926388,0.010465661520084824
demo_2598,150,0.0,0.050733518910262586,0.00034049341550511803,55.9934493219147,0.375794961892045,106.23528994142136,1.332347824212978,0.008941931706127369
demo_2599,150,0.0,0.1949683369848612,0.0013085123287574578,44.07183746677371,0.29578414407230674,64.31279021677223,1.2503827492852682,0.008391830532115894
demo_26,150,0.0,0.03168328969519217,0.00021263952815565214,61.37875807815151,0.4119379736788692,185.96398752772183,2.6184454455556807,0.01757345936614551
demo_260,150,0.0,0.16255083755969219,0.0010909452185214241,54.25881035833459,0.3641530896532523,181.75160737724073,2.1966159533112064,0.01474238894839736
demo_2600,150,0.0,0.012043855550456102,8.083124530507451e-05,47.94464442532584,0.3217761370827238,97.8006283650788,1.4729611633254969,0.009885645391446287
demo_2601,150,0.0,0.19551018174004103,0.0013121488707385305,57.15053164078901,0.3835606150388524,164.54404936349027,2.189835071851369,0.014696879676854825
demo_2602,150,0.0,0.09465920895303032,0.0006352967043827538,56.190593173402156,0.37711807498927624,162.35702890945072,2.0054408775408437,0.013459334748596266
demo_2603,150,0.0,0.10799356062421216,0.0007247889974779339,42.5996718179516,0.28590383770437316,98.95604253785041,1.8573274786642662,0.012465285091706484
demo_2604,150,0.0,0.022893036549998018,0.00015364454060401355,41.66640106164739,0.2796402755815261,76.3168388210281,1.095990297604425,0.007355639581237751
demo_2605,150,1.0,0.08861013463703271,0.0005946988901814275,40.3609789788404,0.27087905354926445,83.78244102142227,1.960275968492655,0.013156214553641979
demo_2606,150,0.0,0.022622278804603636,0.0001518273745275412,51.804714164239584,0.3476826453975811,95.78677178546886,1.6724059800070854,0.011224201208101244
demo_2607,150,0.0,0.14431058229298105,0.0009685273979394702,58.07165554176889,0.3897426546427442,105.49747525446345,2.18723948266043,0.01467945961517067
demo_2608,150,0.0,0.044238812993524716,0.00029690478519144107,45.262921148241034,0.3037779942834969,105.44086928149018,2.0429004110483993,0.013710741013747646
demo_2609,150,0.0,0.16332816246745407,0.0010961621642111012,44.06244110327141,0.29572108123000945,86.10921059781442,2.1175723148775756,0.014211894730721984
demo_261,150,0.0,0.014208874789870157,9.536157577094065e-05,46.49672408528323,0.31205855090794116,170.61275230264258,2.3559026408886945,0.01581142712005835
demo_2610,150,0.0,0.03874363997340831,0.0002600244293517336,60.22838357937694,0.40421733945890564,108.24770523064494,2.061476852958269,0.013835415120525297
demo_2611,150,0.0,0.047875296784094704,0.00032131071667177656,57.759369275218035,0.38764677365918143,176.4076239500502,2.276149250157819,0.015276169464146437
demo_2612,150,0.0,0.3312210281994044,0.002222959920801372,58.33168309099442,0.3914878059798283,153.51393553860552,1.9781877566137809,0.013276427896736784
demo_2613,150,0.0,0.03873907710692656,0.0002599938060867554,53.662809202782455,0.3601530818978688,130.84798576189354,1.7423311309157337,0.011693497522924387
demo_2614,150,0.0,0.07269271027509445,0.0004878705387590232,65.541427102775,0.4398753496830537,149.83226536693493,2.144263001080554,0.014391026852889623
demo_2615,150,0.0,0.06461204871682497,0.0004336379108511743,49.654209699892725,0.3332497295294814,54.37240238450287,1.5884633910998631,0.010660828128187002
demo_2616,150,0.0,0.02242126250990235,0.00015047827187853927,50.60045381526244,0.33960036117625797,68.9466132888361,1.1270877449176788,0.007564347281326703
demo_2617,150,0.0,0.057637450765085585,0.0003868285286247355,49.65028036954097,0.3332233581848387,100.78493683758693,1.6117121649217165,0.010816860167259842
demo_2618,150,0.0,0.08847121358763928,0.00059376653414523,49.3886813860912,0.3314676603093369,136.58475456456978,2.279897528589329,0.015301325695230395
demo_2619,150,0.0,0.03649653358376087,0.0002449431784145025,45.50063879268661,0.30537341471601753,102.52986431300967,1.8666977969686134,0.01252817313401754
demo_262,150,0.0,0.014691306615308302,9.85993732571027e-05,50.922942188005074,0.341764712671175,155.7250429083665,1.9646942294945156,0.013185867312043728
demo_2620,150,0.0,0.10465049349952313,0.000702352305365927,62.86375049972672,0.421904365769978,97.27189550388734,1.5158393699652941,0.010173418590371101
demo_2621,150,0.0,0.05077500701729129,0.00034077185917645163,48.73511386797987,0.32708130112738165,125.64374463168244,1.7896962763741513,0.012011384405195646
demo_2622,150,0.0,0.1033560844656422,0.0006936649964137061,50.78928036683329,0.3408676534686798,120.06132460549487,1.6883339108478088,0.011331100072804086
demo_2623,150,0.0,0.05303049419111453,0.00035590935698734584,49.325693096269404,0.3310449201091906,91.54918387901621,1.963281021088508,0.013176382691869182
demo_2624,150,0.0,0.03654372315200388,0.00024525988692620056,46.88050290386924,0.3146342476769748,103.22650447448005,1.5270576261197903,0.010248708900132821
demo_2625,150,0.0,0.2719673964568011,0.001825284539978531,56.290278383127585,0.377787103242467,132.18774072526313,1.930090218423358,0.012953625627002403
demo_2626,150,0.0,0.14123309732963965,0.0009478731364405346,45.530924487862386,0.3055766744151838,86.21015888026567,1.7839564047820253,0.011972861777060573
demo_2627,150,0.0,0.19914075637334994,0.0013365151434453016,67.18800956819061,0.45092623871268867,112.89236434798946,1.593860338220809,0.010697049249804087
demo_2628,150,0.0,0.004445977823208968,2.9838777336972942e-05,48.06559111560281,0.3225878598362604,53.708287800509495,0.8212870241308269,0.0055119934505424625
demo_2629,150,0.0,0.03772248400232135,0.0002531710335726265,52.42908493990229,0.35187305328793483,119.61369464779854,1.6024490883010718,0.010754691867792428
demo_263,150,0.0,0.048103570462914386,0.0003228427547846603,55.44165636233574,0.37209165343849493,155.55684762318506,1.9417754419453512,0.013032049945941955
demo_2630,150,0.0,0.12006305219696327,0.0008057922966239145,54.287760832175195,0.364347388135404,68.08073825503853,1.777589852170824,0.011930133236045798
demo_2631,150,0.0,0.10406864939974382,0.0006984473114076766,44.498026597470805,0.2986444738085289,116.18342639022497,2.019392846892247,0.013552972126793603
demo_2632,150,0.0,0.027665506583480666,0.0001856745408287293,54.57481452556071,0.36627392299034034,135.4286648434224,2.0559227417571675,0.013798139206423943
demo_2633,150,1.0,0.1021305694835874,0.0006854400636482376,45.94300093620595,0.308342288162456,82.24706613638033,1.7928399874510852,0.012032483137255605
demo_2634,150,0.0,0.08891023285749201,0.0005967129721979329,60.0072052923431,0.4027329214251215,114.13166076016672,1.5706248678794386,0.010541106495835157
demo_2635,150,0.0,0.04184699733168945,0.0002808523310851641,43.08538428088779,0.28916365289186435,137.09310700105195,1.6132855370218595,0.010827419711556104
demo_2636,150,1.0,0.07769831841799134,0.000521465224281821,44.19110008301951,0.2965845643155672,131.3425172141426,2.2476781392389773,0.015085088182811929
demo_2637,150,0.0,0.0797028769247035,0.0005349186370785469,44.67384270263305,0.2998244476686782,95.12444384317095,1.3214114257314442,0.008868533058600296
demo_2638,150,1.0,0.05825499676429454,0.0003909731326462721,44.19445371988495,0.29660707194553654,73.789910666213,1.9183376413893056,0.012874749271069165
demo_2639,150,0.0,0.037826717558435884,0.0002538705876405093,48.596546654295295,0.3261513198274852,115.9311338900066,1.9089214482177956,0.012811553343743594
demo_264,150,0.0,0.016604450644063736,0.00011143926606754185,60.2003825611719,0.4040294131622275,161.27134045152502,2.199609456967635,0.014762479576963992
demo_2640,150,0.0,0.0727477884397281,0.00048824019087065834,56.36615887096032,0.37829636826147867,113.98446872203084,1.7668418271658923,0.011857998840039546
demo_2641,150,0.0,0.16354496347464162,0.0010976172045277961,56.186445050733106,0.3770902352398195,100.93510407010423,2.3420678896022853,0.015718576440283794
demo_2642,150,0.0,0.04623771861946464,0.0003103202591910379,48.81450154643299,0.3276141043384765,95.90492715653274,1.6724523987076538,0.011224512743004388
demo_2643,150,0.0,0.09869903468647032,0.0006624096287682572,60.04410371008457,0.40298056181264813,94.56213384221581,1.6834050897916564,0.011298020736856753
demo_2644,150,0.0,0.16455524587340545,0.0011043976233114459,46.364453430904625,0.31117082839533305,137.14341972308526,2.202372152057216,0.014781021154746417
demo_2645,150,0.0,0.05769445547099206,0.00038721111054357087,50.19005062267197,0.3368459773333689,92.99466831390407,2.0085174179893386,0.013479982671069387
demo_2646,150,0.0,0.1549047637740166,0.001039629287073937,54.022260620504376,0.3625655075201636,131.85170271344094,1.6652122273894912,0.011175920989191216
demo_2647,150,0.0,0.11107242479927124,0.0007454525154313506,47.84729560089577,0.32112278926775684,104.84964786509849,1.6334202024675935,0.010962551694413378
demo_2648,150,0.0,0.16249148946420935,0.0010905469091557676,62.34954993237652,0.41845335525084915,142.74986345259708,2.107702542156414,0.014145654645345061
demo_2649,150,0.0,0.028301321992613142,0.0001899417583396855,52.984034362615546,0.35559754605782246,116.71540793162397,1.4565242015400308,0.00977533021167806
demo_265,150,0.0,0.09333710099555093,0.0006264234966144357,58.39380641311506,0.39190474102761785,168.0067237255468,2.2020614689066993,0.014778936032930868
demo_2650,150,0.0,0.1820629041924129,0.00122189868585512,48.09908139950002,0.322812626842282,112.80740149589536,1.7968013616915202,0.012059069541553826
demo_2651,150,0.0,0.03284113244272754,0.00022041028485052038,50.19554740353262,0.3368828684800847,77.19854494131926,1.4813256196592988,0.009941782682277174
demo_2652,150,0.0,0.18208580005920394,0.0012220523493906305,49.85448670016604,0.33459387047091305,94.54448401261907,1.3815271665448219,0.009271994406341086
demo_2653,150,0.0,0.1099207172642277,0.0007377229346592463,42.48271406364051,0.2851188863331578,120.80872125540347,1.4517933676550565,0.009743579648691655
demo_2654,150,0.0,0.03998759104924339,0.0002683730942902241,52.35157641073871,0.3513528618170383,104.16033760456835,2.403767452364321,0.016132667465532356
demo_2655,150,0.0,0.17082744981792664,0.0011464929517981653,49.473127900811605,0.3320344154416886,99.1178309015588,1.138057376128701,0.0076379689673067176
demo_2656,150,1.0,0.11230976466947189,0.0007537568098622275,47.31729667698376,0.3175657495099581,81.23681968858824,2.608896951702107,0.01750937551477924
demo_2657,150,1.0,0.12258811360462143,0.0008227390174806808,35.771714630551614,0.24007862168155444,56.798808503934715,1.5516342657831912,0.010413652790491217
demo_2658,150,0.0,0.1337015904268039,0.0008973261102470061,52.02002794300327,0.3491277043154582,133.20117463584555,2.1060409692702904,0.014134503149465035
demo_2659,150,0.0,0.03918595503730024,0.0002629929868275184,48.02716543363602,0.3223299693532619,122.97648595159099,2.157423449360388,0.014479352009130121
demo_266,150,0.0,0.07446583457810668,0.0004997707018664877,62.05590801197679,0.41648260410722676,170.5438323019078,2.417671844162279,0.016225985531290465
demo_2660,150,1.0,0.2973851855222426,0.0019958737283371987,43.87595006625179,0.2944694635318912,81.40250544198369,2.1709388528782476,0.014570059415290252
demo_2661,150,0.0,0.12996982025786846,0.0008722806728716005,50.490581415949976,0.3388629625231542,106.2140829049586,1.5265582492773602,0.010245357377700404
demo_2662,150,0.0,0.054951954688640885,0.0003688050650244355,62.237311094812505,0.4177000744618289,89.41695757844461,2.0557610618841298,0.013797054106604898
demo_2663,150,0.0,0.2013452069042474,0.0013513101134513248,47.51563656361355,0.3188968896886815,133.55583556429886,2.077736173164838,0.013944538074931798
demo_2664,150,0.0,0.12103787975977252,0.0008123347634884062,52.861027276420636,0.3547719951437627,78.63786676558423,1.3308430384398902,0.008931832472750941
demo_2665,150,0.0,0.01833233912735894,0.00012303583306952308,55.68015596541958,0.37369232191556767,109.54005749317967,1.382912295877078,0.00928129057635623
demo_2666,150,0.0,0.01569532188564277,0.00010533773077612597,49.17592750898919,0.33003978193952477,100.53406627142628,1.4430734333423205,0.00968505659961289
demo_2667,150,0.0,0.04837816228358212,0.0003246856529099471,54.93600057371638,0.3686979904276267,85.55730308548026,1.7426736453276086,0.011695796277366501
demo_2668,150,0.0,0.21648938428550799,0.0014529488878222013,49.75597261109684,0.3339327020878982,111.19714045609174,3.5730994525060815,0.02398053323829585
demo_2669,150,0.0,0.1584990398379555,0.0010637519452211777,47.861701298635616,0.3212194718029236,73.9005920085191,1.2436622114351341,0.008346726251242512
demo_267,150,0.0,0.025240509220238638,0.00016939939073985663,53.90224227681742,0.3617600152806538,186.56854476714707,2.3950028623809665,0.016073844713966216
demo_2670,150,0.0,0.050504871415649036,0.0003389588685614029,67.09343487331176,0.45029150921685746,92.8662897211153,1.5004279826427471,0.010069986460689578
demo_2671,150,0.0,0.04063982279030712,0.0002727504885255511,53.438715345590396,0.35864909627913016,97.62575675591306,1.3877098936916332,0.009313489219406935
demo_2672,150,1.0,0.0370495476809886,0.0002486546824227423,55.20302928613359,0.3704901294371382,94.16165704130697,2.4665443173494737,0.016553988707043447
demo_2673,150,0.0,0.058068054265757625,0.00038971848500508476,49.71022453005186,0.3336256679869252,93.5246203364202,2.351860827266105,0.01578430085413493
demo_2674,150,0.0,0.04508850023036263,0.00030260738409639346,50.13847399338331,0.33649982545894835,108.99169900511104,1.7311107685697857,0.011618193077649568
demo_2675,150,1.0,0.16843400838602982,0.0011304295864834216,46.53797204185382,0.3123353828312337,81.44577225796073,1.5467174694015917,0.010380654157057663
demo_2676,150,0.0,0.2778980363066766,0.001865087491991118,50.97346501599224,0.34210379205363917,93.98429638409618,1.6237677809966682,0.010897770342259519
demo_2677,150,0.0,0.1669166113737953,0.001120245713918089,52.03156097422173,0.34920510720954184,107.62863157641543,1.7843507116938264,0.011975508132173332
demo_2678,150,0.0,0.2171161274801938,0.0014571552179878779,45.03139952098383,0.3022241578589519,126.86629869825225,1.8818513709387676,0.012629874972743408
demo_2679,150,0.0,0.054355689783825094,0.0003648032871397657,47.0380508196916,0.31569161623954095,96.32802865064987,2.25038623261518,0.015103263306142147
demo_268,150,0.0,0.02591290805337993,0.0001739121345864425,51.190544705496535,0.3435607027214533,165.33283446838718,1.927750944022438,0.012937925798808309
demo_2680,150,1.0,0.024789587073409912,0.00016637306760677794,54.386362032438555,0.36500914115730576,84.78503410205798,1.6210244622374523,0.010879358806962768
demo_2681,150,0.0,0.033941700995916674,0.00022779665097930654,52.63996878448692,0.35328838110393906,98.11070814348668,1.8586255924639639,0.012473997264858818
demo_2682,150,0.0,0.02245753078412771,0.0001507216831149511,51.246419238067034,0.3439356995843425,156.38949959544772,2.069502827876107,0.013889280724000719
demo_2683,150,0.0,0.02953396273794514,0.00019821451501976603,51.41230290040588,0.34504901275440186,105.34744262532068,1.5582619297262952,0.010458133756552317
demo_2684,150,0.0,0.10931188424214011,0.0007336368069942289,60.58015916675163,0.40657824944128607,110.35654935403836,1.6899798061455162,0.011342146349969908
demo_2685,150,0.0,0.09136111810263665,0.0006131618664606487,56.14587115273433,0.37681792719955925,114.31330003666992,1.45463970368847,0.009762682575090402
demo_2686,150,0.0,0.12314610685031824,0.0008264839385927398,57.510491150299686,0.3859764506731522,125.30067908103135,2.7226997156967845,0.018273152454340837
demo_2687,150,0.0,0.05904659679380097,0.00039628588452215416,50.860223221073504,0.3413437800072047,94.44584642555724,1.4912679600687846,0.01000850979911936
demo_2688,150,0.0,0.04535403506782366,0.0003043894970994876,62.271873558277406,0.4179320373038752,93.4822032207115,1.9010915455784907,0.012759003661600609
demo_2689,150,0.0,0.04194999639252954,0.00028154359994986267,31.02446751899503,0.2082179028120472,54.017599638111314,0.7571887552520393,0.005081803726523754
demo_269,150,0.0,0.011953251823934523,8.02231666035874e-05,53.55447803178542,0.35942602705896254,200.9404318104364,2.3681828865693975,0.015893844876304682
demo_2690,150,0.0,0.05980349859971362,0.0004013657624141854,54.002782278749635,0.36243478039429283,97.20835606156106,2.23235663178483,0.01498225927372369
demo_2691,150,0.0,0.1265087572599044,0.0008490520621470094,46.64361266420137,0.3130443802966535,128.11484450058128,1.8575994971883474,0.012467110719384882
demo_2692,150,0.0,0.2077684367022914,0.001394419038270412,58.0317731434499,0.3894749875399322,151.1442904168385,1.872765942557805,0.012568898943340973
demo_2693,150,0.0,0.06409022531580293,0.0004301357403745163,54.53207997190753,0.36598711390541966,130.3575011822059,2.040212503678364,0.013692701366968884
demo_2694,150,0.0,0.01638475697378828,0.00010996481190461932,47.08244312444599,0.3159895511707784,118.36208896079886,1.9041930622308791,0.012779819209603216
demo_2695,150,0.0,0.08928934725736565,0.0005992573641433936,54.165317599550825,0.3635256214734955,80.16848515493778,1.2577831288401207,0.008441497508994098
demo_2696,150,0.0,0.15240570816304447,0.0010228571017653991,51.428052689766155,0.345154716038699,102.75980021551038,2.1581341192294063,0.014484121605566485
demo_2697,150,0.0,0.19698155502380285,0.0013220238592201534,52.948925620059434,0.35536191691315056,98.04080165918175,1.3194610855334035,0.008855443527069821
demo_2698,150,0.0,0.3516300504655644,0.002359933224601103,56.21781334516149,0.3773007607057818,130.06385002281698,1.9459444707618476,0.013060030005113072
demo_2699,150,0.0,0.11100852532989378,0.000745023659932173,44.06811603930197,0.2957591680490065,60.466261844246546,0.9527263084542362,0.0063941362983505785
demo_27,150,0.0,0.12463882807781565,0.0008365022018645346,52.06928141936063,0.3494582645594673,171.1756849284771,2.301846758429057,0.015448635962611122
demo_270,150,0.0,0.04915597375844009,0.0003299058641506046,43.94881311189881,0.29495847726106583,152.79530114370786,1.950250084241324,0.013088926739874657
demo_2700,150,0.0,0.10277938608195147,0.0006897945374627616,36.68804966061481,0.24622852121217992,54.264275295702454,1.7176878049606363,0.011528106073561318
demo_2701,150,0.0,0.03558057566780282,0.00023879580985102566,46.798006356441256,0.3140805795734313,78.3306536698167,1.5869765056256844,0.010650849031044862
demo_2702,150,0.0,0.08393440394736842,0.0005633181472977746,54.08943067884232,0.36301631328082096,68.7414025895965,1.7881517631800734,0.012001018544832707
demo_2703,150,0.0,0.01709150670758222,0.00011470809870860551,57.031868476197424,0.38276421796105653,116.1954193520109,1.612837466983202,0.010824412530088603
demo_2704,150,1.0,0.03230272194540677,0.00021679679157991124,49.50698144380507,0.33226162042822194,68.15433350702537,2.2247267383136515,0.01493105193499095
demo_2705,150,0.0,0.03044567408174612,0.00020433338309896725,51.806545047834135,0.3476949332069405,164.21671698662283,2.0966049529214343,0.014071174180680768
demo_2706,150,0.0,0.026594043102052448,0.00017848351075202984,46.8469369686609,0.31440897294403286,168.669329141515,2.457144429069662,0.016490902208521223
demo_2707,150,0.0,0.03417173115897238,0.00022934047757699585,64.06533274826235,0.4299686761628346,149.13723507529636,2.0161314699022466,0.013531083690619105
demo_2708,150,1.0,0.025949517264983787,0.00017415783399317978,47.331329925552765,0.31765993238626017,72.57126827028111,2.2827315153826855,0.015320345740823393
demo_2709,150,0.0,0.1063824653523182,0.0007139762775323369,40.768561210593525,0.27361450476908405,83.42309207677282,1.5439204151481418,0.010361881980860013
demo_271,150,0.0,0.014929908249214243,0.00010020072650479358,41.69350928934766,0.27982220999562185,166.6813416448053,2.0694474910387024,0.013888909335830217
demo_2710,150,1.0,0.04025047002964123,0.00027013738274927,49.94200753676417,0.3351812586360012,82.05295469516001,1.4923058221239769,0.0100154753162683
demo_2711,150,0.0,0.07658721874323583,0.0005140081794848042,46.54973250523321,0.3124143121156591,130.09869744704324,1.939871849378849,0.013019274156905026
demo_2712,150,1.0,0.18678701723508406,0.0012536041425173427,51.500675509160445,0.34564211751114393,93.87132209247652,2.2182115489477985,0.01488732583186442
demo_2713,150,0.0,0.14311397512640778,0.0009604964773584414,55.55491090311536,0.3728517510276199,122.54847592374573,1.6474056099967185,0.011056413489910863
demo_2714,150,0.0,0.11719613008192087,0.0007865512086034957,61.17236181401615,0.41055276385245737,120.37049061692036,2.0207090883870635,0.013561805962329285
demo_2715,150,1.0,0.036621679101250346,0.00024578308121644526,62.43893652392616,0.4190532652612494,66.1725670556496,1.8155792543559026,0.012185095666818139
demo_2716,150,0.0,0.03207457874583933,0.0002152656291667069,47.87600987372976,0.3213155025082534,109.70948673933222,2.7233097608877155,0.018277246717367218
demo_2717,150,0.0,0.06225610753528145,0.00041782622506900303,46.807596563030586,0.3141449433760442,98.8207278907607,2.492559328772832,0.016728586099146524
demo_2718,150,1.0,0.03066956582446142,0.0002058360122447075,60.08336937770427,0.40324408978325016,53.506451810512196,1.56870712254078,0.010528235721750202
demo_2719,150,1.0,0.08058901535529897,0.0005408658748677783,53.85069813442493,0.3614140814390935,109.66659365249379,2.3998396771933175,0.016106306558344413
demo_272,150,0.0,0.09044653708258757,0.0006070237388093125,54.53799892248295,0.3660268384059258,174.3077550372042,2.0127807459153044,0.013508595610169828
demo_2720,150,0.0,0.01604949420631527,0.00010771472621688102,52.25530245448379,0.35070672788244156,113.69986396029938,1.684015050251558,0.01130211443121851
demo_2721,150,0.0,0.019427565388622912,0.00013038634489008667,49.163902131437276,0.32995907470763275,114.73931963225814,1.5973811739095871,0.01072067901952743
demo_2722,150,1.0,0.03348274025446498,0.00022471637754674484,47.90998746519935,0.321543540034895,66.95521969418986,1.7489640328077733,0.011738013643005191
demo_2723,150,1.0,0.1325606732412151,0.000889668947927618,51.206046679588326,0.34366474281602905,60.940349679414055,1.85020288429191,0.012417469022093355
demo_2724,150,1.0,0.05424411804863599,0.0003640544835478926,55.492543383279354,0.37243317706898893,92.85761343648895,2.1239907154724538,0.014254971244781568
demo_2725,150,0.0,0.0812214517388171,0.0005451104143544772,49.548545304189986,0.33254057251134217,137.26530789777868,1.8590001632203264,0.012476511162552526
demo_2726,150,0.0,0.04026122220172061,0.0002702095449779907,56.0588044725216,0.37623358706390336,81.1021468109313,1.7022870206671967,0.011424745105148971
demo_2727,150,0.0,0.08239219096798907,0.0005529677246173763,47.218422301899935,0.3169021630999996,71.44155684890283,1.778416902219304,0.011935683907512106
demo_2728,150,1.0,0.08074479357669995,0.0005419113662865769,61.06376419270549,0.4098239207564127,80.69673831708326,2.1054591662327287,0.014130598431092139
demo_2729,150,0.0,0.04031992480147977,0.0002706035221575824,37.74350068262158,0.25331208511826564,31.258345761678708,0.5167625300525549,0.0034682048996815765
demo_273,150,0.0,0.010237281719260744,6.870658871987076e-05,56.49668473896076,0.3791723807983944,155.90159184498185,1.804309294036762,0.012109458349240014
demo_2730,150,1.0,0.021198660703628004,0.00014227289062837585,54.65404781555715,0.3668056900372963,50.37197696465237,2.0092593655983957,0.013484962185224133
demo_2731,150,1.0,0.13955149211877232,0.0009365871954280021,47.167068390466355,0.31655750597628424,65.75816504965945,2.6014849022955953,0.017459630216748963
demo_2732,150,1.0,0.04502475539144569,0.0003021795663855415,51.106903698420346,0.34299935368067347,55.97944173862628,1.8165249990824783,0.012191442946862271
demo_2733,150,1.0,0.14910104504779084,0.00100067815468316,53.48728822907914,0.35897508878576606,84.11015279203319,2.2710380405484543,0.015241866043949358
demo_2734,150,0.0,0.07684872326916495,0.0005157632434172144,54.773168415626074,0.3676051571518528,150.03873701616368,2.039554355750144,0.01368828426677949
demo_2735,150,0.0,0.020773766058571622,0.00013942124871524578,61.86374705963438,0.41519293328613677,88.96345723632483,1.9072749115229852,0.01280050276189923
demo_2736,150,0.0,0.0670711346853756,0.0004501418435260107,50.514297618935494,0.339022131670708,98.45348805964687,1.9107578923181323,0.012823878471933774
demo_2737,150,1.0,0.11447061258503971,0.0007682591448660383,52.271038368904826,0.3508123380463411,61.07039567358805,1.6580659224365015,0.011127959210983232
demo_2738,150,0.0,0.0895293446744485,0.0006008680850634128,59.661995932775675,0.4004160800857428,157.40376350273144,2.8660273625577064,0.01923508297018595
demo_2739,150,0.0,0.13263286603548002,0.0008901534633253693,67.30251563533346,0.45169473580760716,164.69877338791346,2.068882710985028,0.01388511886567133
demo_274,150,0.0,0.01678102503196412,0.0001126243290735847,57.24420870899657,0.38418932019460783,180.79414767373063,2.262158974086076,0.015182274993866283
demo_2740,150,0.0,0.05483724796795855,0.0003680352212614668,44.37602474821289,0.29782566945109323,151.23681446976735,2.13200689453931,0.01430877110429067
demo_2741,150,1.0,0.009979412860037427,6.697592523515051e-05,47.701054733009734,0.32014130693295123,70.29483402799245,1.699076191093945,0.01140319591338218
demo_2742,150,0.0,0.24741692325450268,0.0016605162634530381,46.29276225186935,0.3106896795427473,170.47681019681542,2.469831520169633,0.01657605047093713
demo_2743,150,1.0,0.08711275049806103,0.0005846493322017518,43.008944187424035,0.2886506321303626,77.7354159263346,2.1587124923849736,0.014488003304597138
demo_2744,150,0.0,0.106778947234669,0.0007166372297628792,57.14506928239866,0.38352395491542723,88.39278588315551,1.308297683520704,0.008780521365910766
demo_2745,150,0.0,0.0176979359525504,0.00011877809364127786,47.41563687508916,0.3182257508395246,63.33193035517644,1.3847496581686083,0.009293621866903412
demo_2746,150,0.0,0.04889980703890489,0.00032818662442218047,56.445962478074726,0.37883196294009885,78.74487124029405,0.9353389057760695,0.006277442320644762
demo_2747,150,1.0,0.052280232465172945,0.00035087404339042243,63.12044178058334,0.4236271260441835,88.84654220842724,2.115418021991493,0.014197436389204652
demo_2748,150,1.0,0.0370779832654598,0.0002488455252715423,58.18664614470972,0.39051440365576995,76.27104412887914,1.8706920271465015,0.012554980047963097
demo_2749,150,0.0,0.016686331574042573,0.00011198880251035283,53.43325295229846,0.3586124359214662,126.55064371888889,1.576682331952486,0.01058176061713078
demo_275,150,0.0,0.06839835492890267,0.0004590493619389441,47.93347632628811,0.32170118339790676,130.8807325611342,1.847804458666539,0.012401372205815699
demo_2750,150,0.0,0.04064135677566068,0.0002727607837292663,52.09051026658484,0.34960074004419356,93.01804709129259,1.9415790699500528,0.013030732013087602
demo_2751,150,1.0,0.06410405369002359,0.00043022854825519184,50.29722373870019,0.33756525999127646,67.9356321188582,1.9828071743123719,0.013307430700083032
demo_2752,150,0.0,0.03476019959978994,0.00023328993019993248,50.53540363937,0.3391637828145638,140.68996990126988,1.915175155671735,0.01285352453470963
demo_2753,150,0.0,0.3232829956388413,0.0021696845344888675,52.94081410119439,0.3553074771892241,169.5925817190384,2.3140876435577344,0.015530789554078755
demo_2754,150,0.0,0.028116322296653024,0.0001887001496419666,62.02045944120348,0.416244694236265,105.79895146845523,1.4446666925146276,0.009695749614192131
demo_2755,150,1.0,0.033247402602003255,0.00022313693021478695,57.225494622394116,0.3840637222979471,75.20004039798118,1.8425310416010767,0.012365980144973669
demo_2756,150,1.0,0.05281489678392532,0.0003544623945229887,48.93586395149883,0.3284286171241532,67.89313148756635,2.0994447680288952,0.014090233342475807
demo_2757,150,0.0,0.06520191029074994,0.00043759671336073783,57.59195300963319,0.38652317456129653,107.95040659249031,2.222875745749709,0.014918629166105429
demo_2758,150,0.0,0.09567721848678545,0.0006421289831327882,52.75830803476344,0.3540826042601573,134.32959748679707,2.266661200080514,0.015212491275708147
demo_2759,150,0.0,0.10872500291064856,0.0007296980061117353,58.054893649726694,0.38963015872299794,143.83805103935228,1.785586356385458,0.011983801049566832
demo_276,150,0.0,0.02789842596156803,0.00018723775813132907,61.70951301008881,0.41415780543683767,170.9818108167162,2.3479313791398386,0.01575792871905932
demo_2760,150,0.0,0.11461018397372248,0.0007691958655954529,56.66369772123207,0.3802932732968595,149.27629884204856,2.4944101796930123,0.016741007917402767
demo_2761,150,0.0,0.027726258324221355,0.0001860822706323581,44.45666651935963,0.2983668893916754,105.14619923068561,1.6614844134271642,0.011150902103538016
demo_2762,150,0.0,0.03463242662982926,0.00023243239348878696,56.23035632504099,0.37738494177879855,174.97302154116863,2.0160210410518555,0.013530342557395004
demo_2763,150,1.0,0.15295553713059024,0.001026547229064364,52.0326556457133,0.3492124539980758,78.55976056810259,2.372049674269584,0.015919796471607944
demo_2764,150,0.0,0.040632876981397725,0.000272703872358374,53.59110172568972,0.3596718236623471,121.23541394947505,1.6902837772328823,0.01134418642438176
demo_2765,150,1.0,0.11564612648843864,0.000776148499922407,48.48696361979958,0.32541586322013144,82.42156208257268,1.811373992949571,0.01215687243590316
demo_2766,150,0.0,0.043846206478670775,0.00029426984213873006,50.98674205570071,0.34219289970268935,90.90729073587096,2.8304939113050565,0.01899660343157756
demo_2767,150,0.0,0.18023813062942012,0.001209651883418927,55.06328626656058,0.3695522568225542,159.96416522401765,2.326566050123798,0.015614537249153007
demo_2768,150,0.0,0.043204007593858645,0.00028995978250911844,45.829602779564226,0.30758122670848476,116.47113719365511,2.923787857951815,0.019622737301690032
demo_2769,150,0.0,0.04646033053853613,0.0003118142989163499,59.248521796600585,0.3976410858832254,124.33439749501132,1.934371945415326,0.01298236204976729
demo_277,150,0.0,0.0741244594543583,0.0004974795936534115,60.53479769769783,0.4062738100516633,151.15803384754696,1.8676898630456866,0.012534831295608635
demo_2770,150,1.0,0.12774098015679403,0.0008573220144751277,65.3797937874936,0.4387905623321718,56.77565389261742,1.6481438876062138,0.011061368373196066
demo_2771,150,1.0,0.029931689668610217,0.0002008838232792632,45.35873759025645,0.30442105765272787,52.548765778757044,1.7839052340521655,0.011972518349343392
demo_2772,150,0.0,0.0859159862289589,0.0005766173572413349,67.17262924987728,0.45082301509984746,138.09395039281296,2.285913892799065,0.015341703978517217
demo_2773,150,1.0,0.017461213452001002,0.00011718935202685236,41.099870380312026,0.2758380562437049,50.02158346772809,1.4851139499890988,0.009967207718047643
demo_2774,150,0.0,0.05436405381603038,0.0003648594215840965,48.68052501854307,0.3267149330103562,141.96758019661735,1.7682031091464845,0.01186713496071466
demo_2775,150,0.0,0.024585800714797816,0.00016500537392481757,49.27681404570111,0.33071687278994033,184.65058804397114,2.2203582189669757,0.01490173301320118
demo_2776,150,0.0,0.06473043499450874,0.00043443244962757546,63.03112546361866,0.42302768767529303,160.78519619082167,2.1240629133056466,0.014255455793997628
demo_2777,150,0.0,0.24229654118066155,0.0016261512830916883,57.02426471749363,0.38271318602344717,146.5230139699888,2.7195526370903926,0.01825203112141203
demo_2778,150,1.0,0.03882283994032522,0.0002605559727538605,71.43416387115838,0.47942391859837835,54.74007648509902,1.5408829560051691,0.01034149634902798
demo_2779,150,0.0,0.2098716376037242,0.0014085344805619075,50.075185762770325,0.33607507223335786,107.6342737647198,2.144487002438454,0.014392530217707747
demo_278,150,0.0,0.013657685280063878,9.166231731586495e-05,59.74176828654671,0.4009514650103806,160.64063284669012,1.922463846263033,0.01290244192122841
demo_2780,150,0.0,0.012569176502872145,8.43568892810211e-05,55.568708656741286,0.3729443534009482,172.56299434107075,2.155380153970494,0.014465638617251638
demo_2781,150,1.0,0.028132377731042605,0.00018880790423518527,42.63796754946418,0.28616085603667235,87.92333706758521,1.9568516390777901,0.013133232477032148
demo_2782,150,1.0,0.02993208581099114,0.00020088648195296067,55.279960899820935,0.3710064489920868,99.15890570259734,1.9359684293600634,0.012993076707114519
demo_2783,150,0.0,0.014251540902435156,9.564792551969903e-05,33.084759671448204,0.22204536692247118,61.66008676003452,0.8005753618636923,0.005372989005796592
demo_2784,150,1.0,0.032960585572668046,0.00022121198370918152,51.900275702967946,0.34832399800649627,72.31690593078572,1.877507956767386,0.012600724542062994
demo_2785,150,0.0,0.11197605372673533,0.0007515171391056062,54.7873298400359,0.3677002002686973,77.0221005943513,1.1555747971047654,0.007755535551038694
demo_2786,150,0.0,0.1500699379582951,0.00100718079166641,59.3575780401225,0.3983730069806879,137.76389600448448,2.416094612360853,0.016215400082958745
demo_2787,150,0.0,0.0477383310537038,0.0003203914835819047,49.923130339605066,0.3350545660376179,121.03284248797013,1.7652959484982627,0.011847623815424582
demo_2788,150,0.0,0.024934703085985624,0.00016734700057708472,56.70862899294321,0.3805948254559947,80.39519380903594,1.2373575846289369,0.008304413319657294
demo_2789,150,0.0,0.06531353186777401,0.00043834585146157055,53.58079890059746,0.3596026771852178,90.02648470159646,1.6538131774247757,0.011099417298152857
demo_279,150,0.0,0.084386828961295,0.0005663545567872148,46.01479686659316,0.3088241400442494,181.8195758628725,2.185585666963473,0.014668360180962906
demo_2790,150,0.0,0.021159549688423436,0.00014201040059344587,52.24796703489193,0.3506574968784693,166.3083108746569,2.055929257197314,0.013798182934210161
demo_2791,150,1.0,0.07414319555385375,0.0004976053392876091,48.75726893304876,0.32722999283925347,98.21244369489335,2.4739550325516033,0.016603725050681903
demo_2792,150,1.0,0.05487458603607703,0.00036828581232266463,47.65838437917002,0.3198549287192619,76.47136347582277,2.076513121018937,0.013936329671268033
demo_2793,150,0.0,0.040567069032228883,0.0002722622082699925,52.916405704396155,0.3551436624456118,70.32788120870576,2.4595672162818887,0.016507162525381803
demo_2794,150,1.0,0.10707130897688007,0.0007185993891065777,59.8071294544805,0.40139013056698325,88.17910042133963,2.0008190244515447,0.013428315600345938
demo_2795,150,0.0,0.1101484006643567,0.0007392510111701792,53.59541713427955,0.35970078613610434,89.54317953949017,1.5213276773122084,0.01021025286786717
demo_2796,150,1.0,0.03618809453640336,0.0002428731176939823,51.23602083784118,0.3438659116633636,59.65844335490754,1.7460278425789748,0.011718307668315267
demo_2797,150,0.0,0.039482373424340696,0.00026498237197544093,62.31400720069027,0.4182148134274515,148.8663805644755,1.9737237630510922,0.013246468208396592
demo_2798,150,0.0,0.14548572433987,0.0009764142573145637,68.34591633036176,0.458697425035985,149.30337680874865,2.098661624766047,0.014084977347423132
demo_2799,150,1.0,0.07082218445334815,0.0004753166741835446,41.745411497562465,0.28017054696350646,71.87751828345466,2.228724910569848,0.014957885305837906
demo_28,150,0.0,0.11865475785240664,0.0007963406567275614,50.864022864942164,0.3413692809727662,194.0955470639077,2.3097262387363933,0.015501518380781162
demo_280,150,0.0,0.011249064099738136,7.549707449488682e-05,49.63378889295475,0.3331126771339245,145.9958428748997,1.9914365493981059,0.013365345969114805
demo_2800,150,0.0,0.030862554663951387,0.00020713123935537845,32.797529453559456,0.2201176473393252,51.35203196384572,0.7435195672392061,0.0049900642096591015
demo_2801,150,0.0,0.10521934830276121,0.0007061701228373235,53.67371094496314,0.36022624795277275,80.70466982725686,2.1796892029050463,0.014628786596678163
demo_2802,150,0.0,0.007263473692898356,4.8748145589921854e-05,31.85468438153235,0.2137898280639755,43.463232540262105,0.790667442343781,0.005306492901636113
demo_2803,150,1.0,0.30205520568796285,0.0020272161455567976,59.08812686295673,0.3965646098185015,76.5434295135418,1.8904914980572904,0.012687862403069064
demo_2804,150,0.0,0.018393706658870673,0.00012344769569711862,43.608792101974586,0.2926764570602321,139.21213085223968,1.944736046248195,0.013051919773477819
demo_2805,150,1.0,0.02378228068468485,0.00015961262204486476,70.87611176934111,0.4756786024787994,89.7575013675258,2.452709410054065,0.016461136980228625
demo_2806,150,0.0,0.07952643053105171,0.0005337344330943067,56.200258236905064,0.3771829411872823,176.56547598733883,2.0651105149566207,0.013859802113802824
demo_2807,150,1.0,0.06705264044896303,0.00045001772113398004,40.717620751725185,0.2732726224947999,68.47850356011052,2.6461682632613526,0.017759518545378206
demo_2808,150,1.0,0.09100117343778485,0.0006107461304549319,55.683425489250254,0.37371426502852517,80.39115220557085,2.338208391178958,0.01569267376630173
demo_2809,150,0.0,0.1585381641652478,0.0010640145245989785,52.29066873464501,0.3509440854674162,126.22095049377099,1.9243456205107972,0.012915071278595954
demo_281,150,0.0,0.01710856006889986,0.00011482255079798564,67.40887617687534,0.45240856494547205,142.90084488642387,1.8342000561845628,0.012310067491171563
demo_2810,150,1.0,0.11171710815585151,0.000749779249368131,45.98432619638183,0.3086196389018915,92.9955217692402,2.401779082501546,0.01611932270135266
demo_2811,150,1.0,0.023732473477760096,0.0001592783454883228,52.66996531426519,0.35348970009573955,67.58380034269572,1.575359242500325,0.010572880822149832
demo_2812,150,1.0,0.05807326070989701,0.00038975342758320144,58.51528039719237,0.3927200026657206,59.46938793623072,1.6161041470553894,0.01084633655741872
demo_2813,150,1.0,0.09402077077224187,0.0006310118843774622,62.04753361357234,0.41642640009108955,56.869818013068056,1.929719823954267,0.012951139758082328
demo_2814,150,0.0,0.07595066755447208,0.0005097360238555173,52.55946560430854,0.3527480913040842,116.536276146358,1.6128321430707069,0.01082437679913226
demo_2815,150,0.0,0.07065309896969557,0.00047418187227983604,51.25827364517206,0.34401525936357086,78.37676250746847,1.2797945442670213,0.008589225129308868
demo_2816,150,0.0,0.07733332623908994,0.0005190156123428854,47.09171133391391,0.31605175391888535,89.32374554447844,2.312603649772249,0.015520829864243283
demo_2817,150,1.0,0.014210573200787148,9.537297450192717e-05,46.15151031971138,0.30974167999806296,88.79835503299944,2.0109123386444177,0.013496055964056494
demo_2818,150,1.0,0.13701783525980138,0.0009195827869785327,57.77558997213425,0.38775563739687413,56.84246478928607,1.7617553591976636,0.011823861471125258
demo_2819,150,0.0,0.02181211552634685,0.0001463900370895762,49.19292102757462,0.33015383239982965,105.58444981265126,1.420370038251664,0.009532684820480966
demo_282,150,0.0,0.01816177565663154,0.00012189111178947342,57.79173337119674,0.3878639823570251,159.35914322603244,2.0375268770821897,0.013674677027397246
demo_2820,150,1.0,0.07183961300933812,0.00048214505375394716,49.59533797541218,0.3328546172846455,65.18552774420142,1.7408521685241194,0.011683571600833016
demo_2821,150,1.0,0.043234447221396494,0.00029016407531138585,45.194944426265096,0.3033217746729201,74.61274963283667,2.0610338027053294,0.013832441628894828
demo_2822,150,0.0,0.026214629419087022,0.0001759371101952149,56.489795543310436,0.3791261445859761,108.12517038022227,1.6618583902776405,0.011153412015286178
demo_2823,150,1.0,0.11210430536698902,0.0007523778883690538,55.6245396960985,0.3733190583630772,78.3880516632729,1.8127016520176218,0.012165782899447126
demo_2824,150,1.0,0.08269627293851232,0.0005550085432114921,53.975485556030094,0.3622515809129537,65.15290410356761,2.264522019434319,0.015198134358619591
demo_2825,150,0.0,0.02336308676140243,0.00015679924000941227,31.52082391877534,0.21154915381728415,43.374141067590095,0.6538675766316627,0.004388372997527938
demo_2826,150,1.0,0.13088237877458855,0.000878405226675091,58.80456737719889,0.3946615260214691,65.41309894921815,2.3755758358610315,0.015943461985644506
demo_2827,150,0.0,0.05555364294185961,0.0003728432412205343,49.26558339534256,0.33064149929760106,107.50348302914703,1.3787205064899881,0.009253157761677773
demo_2828,150,1.0,0.09900584312045455,0.0006644687457748627,54.047880338313554,0.3627374519349903,66.81604988917024,2.0359967604803435,0.013664407788458682
demo_2829,150,0.0,0.09805136726581737,0.0006580628675558213,60.482560610596884,0.40592322557447574,87.72707095535277,1.223714090369893,0.008212846244093241
demo_283,150,0.0,0.0238611120389767,0.0001601416915367564,54.54278341266369,0.3660589490782798,197.83877408234517,2.456492368203221,0.016486525961095445
demo_2830,150,1.0,0.04265552112953604,0.00028627866529889963,57.88251248478893,0.3884732381529459,57.31825713036288,2.0325307378487865,0.013641145891602594
demo_2831,150,1.0,0.030687196062740518,0.00020595433599154708,49.931472274159496,0.33511055217556707,75.11893272414409,2.0543468094203052,0.013787562479330908
demo_2832,150,1.0,0.03459846445673709,0.0002322044594411885,52.87270868993785,0.35485039389220036,46.29681736403609,1.623204492401831,0.010893989881891483
demo_2833,150,0.0,0.03879138893393508,0.00026034489217406095,42.827207946368894,0.2874309258145563,179.1831503861858,2.0545718843815024,0.013789073049540284
demo_2834,150,0.0,0.08840043166614708,0.0005932914876922624,52.612634538124034,0.35310492978606733,118.58865513535274,2.6996982131342606,0.01811877995392121
demo_2835,150,0.0,0.017593033248097616,0.00011807404864495045,64.72864837872541,0.4344204589176202,164.39852315007798,2.3607873653879317,0.015844210505959272
demo_2836,150,0.0,0.1373087429976935,0.0009215351879039832,48.49765624941219,0.32548762583498114,83.04652089799929,2.7924965878374035,0.018741587837834923
demo_2837,150,0.0,0.13030703049948852,0.0008745438288556277,50.20741774339701,0.33696253519058394,62.1944557821871,1.0571004680911897,0.00709463401403483
demo_2838,150,1.0,0.03907391291316161,0.0002622410262628296,46.10638206208604,0.30943880578581234,57.51031619777456,2.0609537519799463,0.013831904375704338
demo_2839,150,0.0,0.03608581391779274,0.000242186670589213,57.00758522471076,0.3826012431188642,153.04570858567564,2.1908853115524214,0.014703928265452493
demo_284,150,0.0,0.03095605044442482,0.00020775872781493167,46.656583331697355,0.3131314317563581,159.58464207661018,2.0536656320681415,0.013782990819249271
demo_2840,150,1.0,0.11129145972768135,0.0007469225485079285,55.195849199639206,0.37044194093717586,52.88996730670234,1.5819570043254136,0.010617161102855125
demo_2841,150,0.0,0.06652009325860368,0.00044644357891680326,56.5273904354223,0.37937845929813624,170.87277127740245,2.155279313859845,0.014464961837985537
demo_2842,150,1.0,0.03311300217235579,0.00022223491390842813,41.66840082014857,0.2796536967795206,76.03539889801657,1.8762737637877431,0.012592441367702973
demo_2843,150,0.0,0.03536380746184246,0.00023734098967679503,32.42423315512493,0.21761230305452975,48.71439227599457,0.635814280900056,0.00426720993892655
demo_2844,150,0.0,0.09026181383440292,0.0006057839854657914,50.58122901826077,0.3394713356930253,147.6731481203529,2.2339333344539063,0.014992841170831587
demo_2845,150,1.0,0.014835037830351934,9.956401228424117e-05,51.63534072102959,0.34654591087939324,56.04057907523657,1.4636407663414208,0.00982309239155316
demo_2846,150,0.0,0.03656854835627724,0.00024542649903541773,55.004428436533104,0.3691572378290812,151.362830338943,2.4569040808533953,0.016489289133244264
demo_2847,150,1.0,0.1892828757519639,0.0012703548708185497,50.93874118847345,0.34187074623136543,127.57007494879842,2.350248298247203,0.015773478511726197
demo_2848,150,1.0,0.03779857730171587,0.00025368172685715347,43.41719404406164,0.29139056405410496,53.243750230694474,1.6628820267072308,0.011160282058437792
demo_2849,150,1.0,0.014841541981098239,9.960766430267275e-05,46.82680267793581,0.3142738434760793,71.34350253047286,1.842650909188546,0.012366784625426482
demo_285,150,0.0,0.04158694886615404,0.0002791070393701614,50.04590233670763,0.3358785391725344,170.41219095267692,2.366087246579045,0.015879780178382853
demo_2850,150,1.0,0.06658481435964311,0.000446877948722437,57.927713152190435,0.3887765983368486,80.5727264570758,1.7160376427655866,0.011517031159500582
demo_2851,150,0.0,0.043418696070799435,0.000291400644770466,52.549691123335954,0.352682490760644,79.18768138208569,1.7938868911099655,0.012039509336308494
demo_2852,150,0.0,0.08888258139506462,0.0005965273919131854,52.237739812860006,0.35058885780442955,136.10584100231569,1.9853623793704696,0.013324579727318587
demo_2853,150,0.0,0.15342198906096396,0.001029677778932644,48.568906344179794,0.3259658143904684,93.19857578184447,1.8072817277536437,0.0121294075688164
demo_2854,150,0.0,0.08563353760713512,0.0005747217289069471,52.85717858860582,0.35474616502420014,93.46257016875526,1.184921924671716,0.007952496138736349
demo_2855,150,0.0,0.22219089916256166,0.00149121408833934,68.21074776844213,0.4577902534794774,90.79121934230076,1.5803480150370384,0.010606362517027103
demo_2856,150,1.0,0.16586229590038826,0.0011131697711435453,48.09038092316449,0.3227542343836543,82.26304674787136,2.244118015701417,0.01506119473625112
demo_2857,150,1.0,0.045975270544858234,0.00030855886271716936,55.65830506449672,0.37354567157380353,58.61524281867028,1.4550304334447666,0.009765304922448098
demo_2858,150,0.0,0.04835090291311691,0.0003245027041148786,43.60643619900088,0.2926606456308784,128.9581494713158,2.236318059274878,0.015008846035401867
demo_2859,150,1.0,0.0373004598271945,0.00025033865655835235,58.18903115790051,0.39053041045570813,76.44887120928445,2.0010921148186727,0.01343014842160183
demo_286,150,0.0,0.018530364333384255,0.0001243648612978809,47.20508266494948,0.3168126353352314,163.8558175793009,2.210645065411798,0.01483654406316643
demo_2860,150,1.0,0.04752872006565351,0.00031898469842720476,46.91079202500894,0.3148375303691875,62.97254731155036,1.4404848782896318,0.00966768374691028
demo_2861,150,0.0,0.053242535415619636,0.0003573324524538231,59.27879210639178,0.39784424232477705,112.50579815126137,1.6588452496715267,0.011133189595110917
demo_2862,150,0.0,0.0430486880070935,0.00028891736917512414,45.25047493821942,0.3036944626726136,170.7487795781824,2.16532435913916,0.014532378249256109
demo_2863,150,0.0,0.16222719617214743,0.0010887731286721304,50.01916854950735,0.3356991177819285,76.67039922134776,2.7986015887543383,0.018782560998351263
demo_2864,150,0.0,0.049713632523668595,0.000333648540427306,42.13906604362805,0.2828125237827386,73.53356087694175,1.1015393217591094,0.0073928813540879825
demo_2865,150,0.0,0.01396909075243949,9.375228692912409e-05,48.02776398161383,0.3223339864537841,84.77838827876992,1.1413181959087237,0.0076598536638169375
demo_2866,150,1.0,0.18563197362668796,0.0012458521719911943,56.11412367226409,0.37660485686083284,70.5363726846151,1.501355264479558,0.010076209828721866
demo_2867,150,0.0,0.11683989467794395,0.0007841603669660668,52.650393084941975,0.35335834285195955,140.13061708167342,1.7898264228928844,0.012012257871764324
demo_2868,150,1.0,0.10038286787712451,0.0006737105226652652,37.83293376494991,0.25391230714731483,46.50774727501222,1.3468355207428644,0.009039164568744056
demo_2869,150,0.0,0.09967208818521114,0.0006689401891624909,66.58725903577849,0.4468943559448221,169.91449435741418,2.788587148411525,0.018715349989339092
demo_287,150,0.0,0.015635328258857863,0.00010493508898562324,48.07162060070385,0.3226283261792205,150.19171784117052,2.2066881793569513,0.014809987780919137
demo_2870,150,1.0,0.02603173726172193,0.00017470964605182504,55.145712919404545,0.3701054558349298,61.104402435927945,1.5993617643892701,0.010733971573082349
demo_2871,150,1.0,0.035414491932319485,0.00023768115390818446,56.07963053208749,0.376373359275755,58.02503424428775,1.3158380332448805,0.008831127739898527
demo_2872,150,0.0,0.04508859605356361,0.00030260802720512487,53.127000143151896,0.35655704794061677,73.16812041283471,1.1300307355870496,0.00758409889655738
demo_2873,150,1.0,0.047849755348798026,0.00032113929764293977,55.36240219739299,0.3715597462912281,54.332097334461395,2.1761522016640718,0.014605048333315917
demo_2874,150,1.0,0.11908149639354228,0.000799204673782163,51.12873671060506,0.34314588396379236,69.16052283459638,2.06701022113586,0.013872551819703758
demo_2875,150,0.0,0.055801332522751726,0.0003745055874010183,44.419866181795,0.29811990726036913,127.42134612220076,2.253704142542385,0.015125531158002584
demo_2876,150,1.0,0.025613953950787142,0.00017190573121333652,44.04663286227727,0.2956149856528676,52.02389541845003,1.9917438621192127,0.013367408470598743
demo_2877,150,0.0,0.03908653231809451,0.00026232572025566787,55.310024823567595,0.37120822029239997,118.36721542396661,2.0413696529589838,0.013700467469523381
demo_2878,150,0.0,0.03678250635060932,0.0002468624587289216,46.81469384421038,0.31419257613564017,101.21786988765957,1.4479323827804875,0.009717666998526761
demo_2879,150,1.0,0.06253794310356162,0.00041971773895007795,50.19576359749212,0.3368843194462558,74.08627997629652,1.5774190446327185,0.010586704997535024
demo_288,150,0.0,0.06403910850623314,0.00042979267453847745,52.72321047089824,0.35384705014025664,142.2122802913628,1.901768010418384,0.012763543694083114
demo_2880,150,1.0,0.06847446751294423,0.0004595601846506324,42.96302485895514,0.2883424487178197,63.27990273122498,1.6702162389408597,0.01120950495933463
demo_2881,150,0.0,0.08539196424635433,0.0005731004311835861,49.34447258263415,0.3311709569304305,68.03148821334918,0.9687794535076464,0.006501875526896956
demo_2882,150,1.0,0.06318114838432928,0.00042403455291496164,45.59802770764389,0.3060270315949254,76.9482607031645,2.279289236331634,0.015297243196856606
demo_2883,150,1.0,0.05990878695330737,0.000402072395659781,63.796063192424846,0.4281614979357372,51.76830508511597,1.7870482716432234,0.011993612561363916
demo_2884,150,0.0,0.08796787387659334,0.0005903884152791499,70.28926925276315,0.47174006209908154,150.08569451735653,2.1655111458679652,0.014533631851462853
demo_2885,150,1.0,0.03334220148594583,0.0002237731643352069,51.27431644782246,0.34412292918001647,89.78133031178268,2.1361402458893,0.014336511717377853
demo_2886,150,1.0,0.036821062929788956,0.00024712122771670443,50.165463744823356,0.3366809647303581,69.94834431513611,1.7102469659789814,0.011478167556905915
demo_2887,150,1.0,0.021161547605672595,0.00014202380943404425,54.72158610044715,0.36725896711709494,79.3621735560324,1.7823049419706793,0.011961778134031405
demo_2888,150,0.0,0.03926217490021295,0.00026350452953163053,48.33170252486867,0.324373842448783,66.22645713003106,0.9486188725614294,0.0063665696145062374
demo_2889,150,1.0,0.04161043526120844,0.00027926466618260695,45.50769531119149,0.305420773900614,72.43353444449205,1.536910684295026,0.010314836807349168
demo_289,150,0.0,0.029673785934863826,0.0001991529257373411,57.69453952414122,0.3872116746586659,145.37447974928267,1.833425414242467,0.012304868551962866
demo_2890,150,0.0,0.12267543740203192,0.0008233250832351135,55.33848838858386,0.371399250930093,157.08434120887577,2.4292077441464173,0.016303407678835015
demo_2891,150,0.0,0.1003724401773402,0.0006736405381029544,33.62173211486343,0.22564920882458675,90.05235339838624,1.9910292166474124,0.013362612192264513
demo_2892,150,0.0,0.21331455609403494,0.0014316413160673485,59.07430827148919,0.39647186759388714,59.617460467501566,1.4876596333256893,0.009984292841112009
demo_2893,150,0.0,0.07108527185560927,0.0004770823614470421,51.55747897034324,0.34602334879424995,167.84231226490664,2.3262821203724307,0.015612631680351884
demo_2894,150,0.0,0.0457562100315363,0.0003070886579297738,51.21522810854331,0.34372636314458593,92.00288100141157,1.1749317311295038,0.007885447859929555
demo_2895,150,0.0,0.07524467639014805,0.000504997828121799,63.96452010651614,0.4292920812517862,146.26730817826183,1.986549819828571,0.013332549126366248
demo_2896,150,1.0,0.07948076373731965,0.0005334279445457695,35.54823041892875,0.23857872764381713,54.015142911922844,1.3147698182134722,0.008823958511499813
demo_2897,150,1.0,0.09822339965947907,0.0006592174473790542,60.54677963977227,0.4063542257702837,64.75914992004294,2.4006932356561044,0.016112035138631572
demo_2898,150,1.0,0.09003669683997938,0.000604273133154224,48.237054136075194,0.3237386183629208,84.04713892269815,2.355240456317813,0.01580698292830747
demo_2899,150,1.0,0.04564454214751043,0.0003063392090436942,56.62068632422673,0.38000460620286397,52.65379652943955,1.9583080753936535,0.01314300721740707
demo_29,150,0.0,0.02677274134286283,0.00017968282780444854,45.18396644349655,0.30324809693621846,154.9750883403805,2.0341819268527948,0.013652227696998623
demo_290,150,0.0,0.10124317061421528,0.0006794843665383576,46.56586075950453,0.3125225554329163,189.83261934137641,2.477746964358012,0.016629174257436322
demo_2900,150,0.0,0.07017418287880639,0.00047096767032755966,45.47020538310089,0.30516916364497243,83.2688410502655,2.1301118483340944,0.014296052673383184
demo_2901,150,0.0,0.20496077930961065,0.001375575700064501,42.724930609451356,0.28674450073457286,86.83733342081888,2.121461869297908,0.014237999122804752
demo_2902,150,0.0,0.06627380464366256,0.0004447906351923662,53.341251078252036,0.35799497367954386,149.35640131803285,2.6856627983995214,0.018024582539594103
demo_2903,150,0.0,0.05700121508754793,0.00038255849052045587,55.36662833227101,0.3715881096125571,136.46049204525275,1.5956728677868188,0.010709213877763885
demo_2904,150,1.0,0.13124586139377226,0.0008808447073407534,59.736989286551896,0.40091939118491204,86.95732525507795,2.880694110297658,0.01933351751877623
demo_2905,150,0.0,0.021244868245057797,0.0001425830083560926,48.02636346536733,0.3223245870158881,160.76089571338554,2.018971310101567,0.013550143020815888
demo_2906,150,0.0,0.020426457944773487,0.00013709032177700327,57.45585644399785,0.38560977479193187,174.4269364480687,2.2581062276849293,0.01515507535359013
demo_2907,150,1.0,0.050270056627362475,0.00033738293038498303,53.41080097702206,0.358461751523638,93.83074204972411,1.8613046294116367,0.012491977378601589
demo_2908,150,0.0,0.1920529708680402,0.0012889461132083236,47.17510195890239,0.31661142254296903,84.71841701658803,1.2555260365391083,0.008426349238517506
demo_2909,150,1.0,0.04230713394233034,0.0002839404962572506,56.69097760750529,0.3804763597819147,67.3830532866609,1.9007477995335658,0.01275669664116487
demo_291,150,0.0,0.05944497229070571,0.0003989595455752061,49.54088743608994,0.33248917742342243,183.4352069153893,2.2232448717420485,0.014921106521758714
demo_2910,150,0.0,0.11309720885936912,0.0007590416701971082,56.01491093377263,0.375938999555521,82.19237309921245,2.2884707964848605,0.015358864405938661
demo_2911,150,1.0,0.0709413805768868,0.0004761166481670255,50.868431798469956,0.34139887113067086,57.576512971147,2.4358101928482996,0.016347719415089258
demo_2912,150,0.0,0.13489625753444398,0.0009053440102982817,58.60562236079427,0.39332632456908906,100.63514862323316,2.304021055687894,0.015463228561663718
demo_2913,150,1.0,0.12961932023768896,0.0008699283237428789,52.068004862628705,0.3494496970646222,84.62251193333431,1.4182841291439272,0.009518685430496155
demo_2914,150,0.0,0.13199875410564335,0.0008858976785613647,49.519234048834086,0.3323438526767388,94.92124651058667,1.5366588887123787,0.010313146904109925
demo_2915,150,0.0,0.047475596655514776,0.00031862816547325353,51.03893492196169,0.34254318739571604,99.11116183543794,1.8898860025215214,0.012683798674641084
demo_2916,150,1.0,0.04084427109481706,0.0002741226247974299,52.45260966526489,0.35203093735077107,49.737205101016755,1.5222743594116481,0.01021660643900435
demo_2917,150,0.0,0.11948597716439266,0.0008019193098281386,54.033246425633145,0.36263923775592716,151.9614457225113,2.4189695820164787,0.016234695181318648
demo_2918,150,1.0,0.14127685734024667,0.0009481668277868904,57.15714365095682,0.3836049909460189,90.23091208315796,2.261798316794163,0.015179854475128611
demo_2919,150,0.0,0.09662260011051231,0.000648473826245049,54.34751304848963,0.36474840972140693,133.29374823632574,2.078778028878972,0.013951530395160885
demo_292,150,0.0,0.014382453772140882,9.652653538349585e-05,53.341650568749316,0.3579976548238209,169.85951173635928,2.29548981483144,0.015405971911620403
demo_2920,150,1.0,0.06624806355349426,0.00044461787619794803,42.89271396210754,0.28787056350407747,42.54983316153931,1.5086062695768285,0.010124874292461936
demo_2921,150,0.0,0.015394555726345708,0.00010331916594862892,47.22420215601268,0.3169409540671992,110.49396292181267,1.4080680289246552,0.00945012099949433
demo_2922,150,1.0,0.02029896180573557,0.0001362346429915139,51.92795835314547,0.3485097876050032,48.97761790676491,1.4749114499548066,0.009898734563455077
demo_2923,150,0.0,0.009537244056606201,6.400834937319598e-05,25.560434451642656,0.17154653994391045,34.056885262083796,0.582556346011066,0.003909774134302456
demo_2924,150,1.0,0.04536938016193045,0.00030449248430825806,50.881681861434664,0.3414877977277494,78.19679576697001,2.2052280019778236,0.014800187932737071
demo_2925,150,0.0,0.13100437357897526,0.0008792239837515118,57.29252140413009,0.38451356647067175,88.858944852589,2.5196041713083073,0.016910095109451725
demo_2926,150,1.0,0.10403357173135787,0.0006982118908144823,56.39110551787144,0.37846379542195596,59.9660514537866,1.887505519483301,0.012667822278411416
demo_2927,150,0.0,0.12082801340566963,0.0008109262644675814,51.14308024633297,0.3432421493042481,153.14667278174167,2.3018965152202586,0.015448969900807104
demo_2928,150,0.0,0.08274899020697817,0.0005553623503824038,54.49899226267853,0.3657650487428089,85.75396393904568,1.4305560678327947,0.009601047435119428
demo_2929,150,0.0,0.06792516001189484,0.000455873557126811,55.01222560211601,0.3692095677994363,88.61055488130707,2.406798678991451,0.016153011268399
demo_293,150,0.0,0.09012586806940862,0.0006048715977812659,53.62910281545998,0.3599268645332885,192.56104503861445,2.2433492333535394,0.015056035123178118
demo_2930,150,0.0,0.0469110085207787,0.0003148389833609309,52.0520299217721,0.34934248269645707,119.85415869226894,1.9141630202431221,0.01284673167948404
demo_2931,150,0.0,0.00863523930239717,5.795462619058503e-05,53.51274756893576,0.35914595683849504,96.59508249706559,1.3017884225387784,0.008736835050595828
demo_2932,150,1.0,0.03283143781120163,0.00022034522020940693,56.36340328305855,0.3782778743829433,82.50359660783758,2.1520962896257005,0.01444359925923289
demo_2933,150,0.0,0.09394708504684604,0.0006305173493076915,57.06877758552386,0.383011930104187,99.06808562679018,1.5394004094295846,0.010331546372010635
demo_2934,150,0.0,0.028149023922418748,0.00018891962364039428,39.961940206736784,0.2682009409848106,63.7965373982385,0.9515999072011219,0.006386576558396791
demo_2935,150,0.0,0.07365265877789857,0.0004943131461603932,46.81264110415021,0.31417879935671283,66.38673096781517,1.791222759881361,0.012021629260948732
demo_2936,150,1.0,0.09475027578522924,0.0006359078911760351,49.702993436793584,0.3335771371596885,72.63140978501796,2.2436385216565533,0.01505797665541311
demo_2937,150,0.0,0.0780360440311571,0.0005237318391352826,48.84546375539809,0.3278219043986449,157.83574843904367,2.3224685767904134,0.01558703742812358
demo_2938,150,1.0,0.024235562546904014,0.00016265478219398667,52.4599468317889,0.3520801800791201,55.436475491052796,1.6076452723731727,0.010789565586397131
demo_2939,150,0.0,0.043695245453527584,0.0002932566808961583,41.81719044392535,0.28065228485855936,94.69368506757273,1.7365646474097107,0.011654796291340341
demo_294,150,0.0,0.11183103858779334,0.0007505438831395526,42.753665277942645,0.28693735085867544,178.02765464937096,2.38635688285451,0.016015818005734966
demo_2940,150,1.0,0.07196087070642065,0.0004829588638014809,43.34533511077105,0.2909082893340339,97.45463843747072,2.007277456619725,0.013471660782682717
demo_2941,150,1.0,0.34559932074032396,0.00231945852845855,45.37993681349061,0.3045633343187289,60.88983972022382,1.564679384930434,0.01050120392570761
demo_2942,150,1.0,0.09694909103055141,0.0006506650404734994,48.78215024174311,0.3273969814882088,57.97719227886527,2.1634367815283486,0.01451970994314328
demo_2943,150,1.0,0.1381176915117987,0.0009269643725624074,48.91314620958283,0.3282761490576029,103.72512239596026,2.938836258819304,0.01972373328066647
demo_2944,150,0.0,0.11863125284050244,0.000796182904969815,49.70497067936114,0.3335904072440345,148.37319891588558,3.08170883005745,0.020682609597701008
demo_2945,150,0.0,0.07252716689901065,0.0004867595093893332,40.81799394173587,0.2739462680653414,110.39565379717732,1.3720204192692054,0.009208190733350372
demo_2946,150,1.0,0.02734927623497358,0.000183552189496467,47.767934392043685,0.32059016370499116,110.92088675505975,2.3005724161913568,0.015440083330143335
demo_2947,150,0.0,0.05216039651673319,0.0003500697752800885,39.152893884831954,0.262771099898201,64.2350379923003,1.144797808413479,0.007683206767875698
demo_2948,150,0.0,0.16004006134554585,0.0010740943714466166,56.057837017187616,0.37622709407508464,140.15961769463578,1.7980218840835183,0.012067260967003479
demo_2949,150,0.0,0.020631124676800186,0.00013846392400537036,35.499384891652156,0.23825090531310172,60.89456844842111,1.0011487858653396,0.006719119368223756
demo_295,150,0.0,0.10914208214343511,0.0007324971955935243,63.860023220866395,0.42859075987158657,158.18690175019208,1.901665724012269,0.012762857208136033
demo_2950,150,0.0,0.05058883780082128,0.00033952240134779385,51.010321260879344,0.3423511494018748,158.66187874474852,1.9173625442410027,0.012868204994906058
demo_2951,150,0.0,0.026781289611471998,0.0001797401987347114,51.85923123918227,0.34804853180659245,151.80084889880115,2.0290345230657527,0.0136176813628574
demo_2952,150,0.0,0.05936339854872126,0.000398412070796787,62.21982819504681,0.41758273956407255,69.71250333955423,2.0391924480953803,0.013685855356344834
demo_2953,150,1.0,0.032208970504338345,0.00021616758727743856,51.571175913840314,0.3461152745895323,63.173836391923416,1.8508496876230294,0.012421809984047178
demo_2954,150,0.0,0.025800772139823985,0.0001731595445625771,48.770140475277735,0.32731637902870964,157.84479749222882,1.8309962668232924,0.012288565549149614
demo_2955,150,0.0,0.1297996763272117,0.0008711387672967228,55.5264194497441,0.37266053321975906,152.19244619254437,1.7626142367959208,0.011829625750308194
demo_2956,150,1.0,0.03353067607191524,0.00022503809444238417,53.81217547283928,0.3611555400861697,78.20707744517101,2.02264951589829,0.013574828965760333
demo_2957,150,1.0,0.04111206095172171,0.0002759198721592061,51.53382624802771,0.3458646056914611,49.74281642673241,2.1204955592314065,0.01423151382034501
demo_2958,150,1.0,0.10439886659863387,0.0007006635342190193,55.52441678081669,0.37264709248870265,52.10311154395642,1.6355216499320888,0.010976655368671737
demo_2959,150,1.0,0.02907885693341377,0.00019516011364707227,46.46080252119543,0.31181746658520426,56.67551316804115,1.5055384889145818,0.010104285160500548
demo_296,150,0.0,0.014051814118927352,9.430747730823726e-05,60.912724640051366,0.40881023248356624,170.07915523697005,2.126826202483225,0.01427400135894782
demo_2960,150,1.0,0.07948747114932309,0.000533472960733712,63.762343191066215,0.4279351892017867,63.345472713448,2.052547650353894,0.013775487586267746
demo_2961,150,0.0,0.02409435923289443,0.00016170710894560018,48.7342797282653,0.32707570287426374,170.84463534915707,2.29567238867444,0.015407197239425772
demo_2962,150,0.0,0.020956811102354627,0.00014064973894197737,58.25774073746793,0.39099154857361024,90.45382871839219,1.3711040473303515,0.009202040586109742
demo_2963,150,1.0,0.07882631334257817,0.0005290356600173031,48.968407594568134,0.32864703083602775,63.74797359290075,1.6136953944622878,0.010830170432632805
demo_2964,150,0.0,0.2035232462344299,0.0013659278270767108,42.77282436974277,0.28706593536740116,105.0185199368794,1.6339908192872938,0.010966381337498617
demo_2965,150,0.0,0.06021412292398582,0.00040412163036232095,48.54053369874532,0.3257753939513109,170.9930714159147,2.230639411526509,0.01497073430554704
demo_2966,150,0.0,0.16176360727124772,0.0010856617937667632,46.375038401810514,0.3112418684685269,106.60376082538035,1.8798491989906774,0.01261643757711864
demo_2967,150,0.0,0.11214588591814795,0.0007526569524707916,54.75691771558551,0.36749609205090944,87.65368723938637,2.3044572824018257,0.015466156257730374
demo_2968,150,0.0,0.020987804124447413,0.00014085774580166048,49.45719127306749,0.3319274582085066,113.96769999255595,1.4172818927534956,0.009511959011768427
demo_2969,150,1.0,0.03855326171994199,0.00025874672295263083,53.50266544481836,0.35907829157596216,73.7638333115673,1.8957416700020846,0.012723098456389829
demo_297,150,0.0,0.03462696782055134,0.0002323957571849083,69.57790693553507,0.46696581835929574,192.18123467333638,2.4134258046533557,0.0161974886218346
demo_2970,150,0.0,0.05333303098870924,0.0003579398052933506,53.18431179935356,0.35694168992854736,116.4627550744006,1.7987376753273687,0.012072064935083011
demo_2971,150,0.0,0.01633381296587404,0.00010962290581123517,48.05205657108677,0.32249702396702534,171.90447859405285,2.131066885471573,0.014302462318601161
demo_2972,150,1.0,0.0371376631442457,0.0002492460613707765,50.59510967030599,0.3395644944315838,60.03527936755087,1.711546648661235,0.011486890259471376
demo_2973,150,0.0,0.15403801628969535,0.0010338121898637272,55.96289446154619,0.3755898957150751,118.25563662926214,1.6668701601759692,0.011187048054872277
demo_2974,150,1.0,0.13479815780482257,0.0009046856228511581,50.52444780456473,0.33909025372191093,94.9110725455665,1.9919963066562278,0.013369102729236429
demo_2975,150,1.0,0.0995605947743302,0.0006681919112371154,75.44220239210922,0.5063235059873102,62.86311650989077,1.5238019238516953,0.010226858549340237
demo_2976,150,1.0,0.07209343289344938,0.00048384854290905625,40.26686654668761,0.2702474264878363,82.75824235942613,1.6880691853212664,0.011329323391417895
demo_2977,150,1.0,0.019892766416414007,0.00013350849943902018,56.536762684535816,0.3794413602988981,73.48621908281008,2.2675830940302313,0.015218678483424371
demo_2978,150,0.0,0.060308483673484896,0.0004047549239831201,52.622826134554884,0.3531733297621133,116.78740391923111,2.5989468289353406,0.01744259616735128
demo_2979,150,1.0,0.1339054656620382,0.0008986944004163638,50.38296133111378,0.33814068007458914,62.251728854442625,1.6127905032331356,0.010824097337135139
demo_298,150,0.0,0.035055642321045785,0.00023527276725534085,65.90422148081677,0.44231021128064946,171.9156876042191,2.1228807271857497,0.014247521658964764
demo_2980,150,1.0,0.15607176470905332,0.0010474615081144517,42.0098433605609,0.28194525745342885,67.09968737979808,1.8753150884790615,0.0125860073052286
demo_2981,150,1.0,0.07621467138867571,0.0005115078616689645,51.24033117580209,0.3438948401060543,114.09031976432787,2.863338121056601,0.019217034369507387
demo_2982,150,0.0,0.058995498242348496,0.0003959429412238154,50.599702432734105,0.33959531834049733,206.73798713312843,2.4069006336342658,0.01615369552774675
demo_2983,150,0.0,0.079173275399457,0.0005313642644258859,43.7165323015491,0.29339954564798054,123.12965818634501,1.859399103233093,0.012479188612302638
demo_2984,150,0.0,0.03855974976707629,0.00025879026689312946,53.88923272354375,0.3616727028425755,55.78156665237381,1.8449905529863064,0.012382486932794003
demo_2985,150,0.0,0.05792529772092109,0.00038876038738873213,47.91886933390044,0.32160314989194927,151.08636690200467,1.7302536398904849,0.011612440536177751
demo_2986,150,1.0,0.04297559199773342,0.00028842679193109676,50.882908876121576,0.34149603272564816,91.44678938892308,2.7211017102627064,0.018262427585655747
demo_2987,150,0.0,0.0031095972321911894,2.0869780081820062e-05,24.341209412495182,0.16336382156037035,32.18410176604843,0.7008021463725975,0.004703370109883205
demo_2988,150,1.0,0.07079382132738117,0.00047512631763343066,52.790995656309676,0.3543019842705347,62.33930255803961,2.1181844555984584,0.014216003057707774
demo_2989,150,0.0,0.06791991091651552,0.00045583832829876184,66.58245898985999,0.4468621408715435,159.28193740819125,2.701396561863793,0.018130178267542235
demo_299,150,0.0,0.032276876398568084,0.000216623331534014,53.5318703583198,0.35927429770684427,172.23119698933056,2.285265261581525,0.015337350748869296
demo_2990,150,0.0,0.07099654459225918,0.0004764868764581153,63.426639998396766,0.42568214764024676,140.60467639136593,2.2350121968760157,0.015000081858228294
demo_2991,150,0.0,0.10067791492036997,0.0006756907041635568,49.52632382055187,0.3323914350372609,136.79816929128324,1.9801382333146007,0.013289518344393294
demo_2992,150,1.0,0.15292516568040146,0.0010263433938281978,56.279093540384345,0.37771203718378754,92.93548449303255,2.301902675728767,0.015449011246501792
demo_2993,150,1.0,0.03831622221943169,0.0002571558538216892,55.883313813821125,0.37505579740819545,87.04761624746043,2.2350968297477545,0.01500064986407889
demo_2994,150,0.0,0.2701442615999622,0.0018130487355702161,52.272959374735045,0.35082523070291977,155.20106756340763,2.172425448804921,0.014580036569160543
demo_2995,150,1.0,0.13903989028903938,0.0009331536261009354,47.20116898681636,0.316786369039036,78.9313332252693,2.381870307169706,0.015985706759528227
demo_2996,150,1.0,0.10721831043774899,0.0007195859760922751,49.73653845930113,0.33380227153893377,132.64540971200327,2.3811674526342372,0.015980989614994882
demo_2997,150,0.0,0.0225514100440422,0.0001513517452620282,50.478505229698285,0.3387819142932771,118.15743317365646,1.544801984426842,0.010367798553200282
demo_2998,150,0.0,0.04076569402318586,0.00027359526190057627,53.81847089048438,0.3611977912113045,73.21512253000982,1.2516825158006117,0.008400553797319542
demo_2999,150,1.0,0.18921549758867495,0.001269902668380369,57.64557296119125,0.38688304000799495,85.77173134105736,2.224243923049853,0.014927811564092973
demo_3,150,0.0,0.041725839734794164,0.00028003919285096756,57.153177560257134,0.38357837288763175,201.58295084591603,2.288414843065258,0.015358488879632605
demo_30,150,0.0,0.039451696674491145,0.0002647764877482627,59.97420754117178,0.4025114600078643,168.5752641735879,2.2506168446133037,0.01510481103767318
demo_300,150,0.0,0.017182930215283884,0.00011532167929720727,49.57124071587033,0.33269289071053915,147.18573050991066,1.7574311143156005,0.011794839693393292
demo_3000,150,0.0,0.13301489965060295,0.0008927174473194829,58.15026156144537,0.390270211821781,107.15557262051927,2.2187304706761624,0.014890808528027936
demo_3001,150,0.0,0.049369380708568604,0.0003313381255608631,68.09705250529568,0.45702719802211866,145.61620534994694,2.1482354639220347,0.014417687677329092
demo_3002,150,0.0,0.07298653577716596,0.0004898425219944024,53.10653692961094,0.35641971093698616,158.5017294181582,2.1841722124410294,0.014658873909000197
demo_3003,150,1.0,0.07323443724407604,0.0004915062902286982,52.44676352348817,0.3519917014999206,62.22473979777227,2.0535743465943126,0.0137823781650625
demo_3004,150,0.0,0.06813248557866261,0.00045726500388364167,61.07173832768164,0.4098774384408164,95.15469106165322,1.8480388093278437,0.012402945029045931
demo_3005,150,1.0,0.0211494693131979,0.00014194274706844228,56.04399408255619,0.37613418847353147,60.40799403963276,1.3395244410406932,0.008990096919736196
demo_3006,150,0.0,0.05740909824196438,0.00038529596135546563,55.73077533137403,0.3740320492038526,117.49417315172275,2.372326191645793,0.015921652292924787
demo_3007,150,1.0,0.11194971777257984,0.0007513403877354352,49.853832603563426,0.3345894805608284,63.718673949743796,1.6524688893361454,0.011090395230443929
demo_3008,150,0.0,0.04634000637272826,0.0003110067541793843,54.3398696986493,0.3646971120714718,168.21787037827056,2.716746131618625,0.01823319551421896
demo_3009,150,0.0,0.060244011131117534,0.0004043222223564935,74.83412035589176,0.5022424184959178,112.95879364217075,2.9978290805345997,0.020119658258621474
demo_301,150,0.0,0.024233631494023203,0.00016264182210753829,49.02057128719907,0.3289971227328797,142.07554323413572,2.374692011446591,0.015937530278165038
demo_3010,150,1.0,0.03292378982498261,0.00022096503238243364,50.94700388964762,0.34192620060166184,110.00795798968629,2.618700702543075,0.01757517250028909
demo_3011,150,0.0,0.03156422892723591,0.00021184046259889875,47.57315732990636,0.3192829351000427,46.5253591065433,0.690706434064861,0.00463561365144202
demo_3012,150,0.0,0.07001377075526116,0.0004698910788943702,51.1537873767088,0.3433140092396564,131.6940613652778,2.080337683954755,0.013961997878890974
demo_3013,150,0.0,0.03057322630455967,0.00020518943828563537,69.17476470077608,0.4642601657770207,127.57804490474454,2.3032532593246042,0.015458075565936941
demo_3014,150,1.0,0.048735975009007296,0.0003270870805973644,51.72263241249836,0.34713176115770716,67.92498382953714,1.7705981267579267,0.011883208904415616
demo_3015,150,0.0,0.07713290866109296,0.0005176705279267983,50.78203046872189,0.34081899643437513,136.26743261501983,2.43464498351454,0.01633989921821839
demo_3016,150,1.0,0.10190847803142698,0.0006839495169894428,49.41227890912107,0.3316260329471213,118.56064650560002,2.373712286920134,0.01593095494577271
demo_3017,150,0.0,0.05595288897644704,0.0003755227448083694,53.23910490922302,0.3573094289209599,90.60175022402183,2.633076920717287,0.01767165718602206
demo_3018,150,1.0,0.08131908843810907,0.0005457656942154972,56.113620588546745,0.37660148046004527,71.88672507838491,1.8995485128940066,0.012748647737543669
demo_3019,150,0.0,0.17901013229258442,0.0012014102838428485,49.45350389632504,0.33190271071359084,149.74408749386097,2.4445929542967217,0.01640666412279679
demo_302,150,0.0,0.0126983123626459,8.522357290366375e-05,52.24608922542493,0.35064489413036865,152.1368788613177,3.2034173480585686,0.021499445288983683
demo_3020,150,0.0,0.04943159387146765,0.000331755663566897,56.173302872244925,0.37700203269963034,106.07733245352657,2.180163405768411,0.014631969166230947
demo_3021,150,0.0,0.08896501432206687,0.0005970806330340058,48.87424756147759,0.3280150843052187,112.02352758008335,1.6467081211045256,0.011051732356406212
demo_3022,150,0.0,0.2188030254803416,0.0014684766810761183,53.95366330428306,0.3621051228475373,126.34133358944999,2.1024422622555488,0.014110350753392944
demo_3023,150,1.0,0.15555400238888623,0.0010439865932140016,62.15058663054412,0.4171180310774773,106.39732385867306,1.8221920339539228,0.01222947673794579
demo_3024,150,1.0,0.08235336540793066,0.0005527071503887964,52.145079522967265,0.34996697666420984,124.24257232611203,2.4427343543727815,0.016394190297803903
demo_3025,150,0.0,0.023952325047878593,0.00016075385938173553,52.7553356396346,0.3540626552995611,141.7745204203582,1.8657842334444068,0.01252204183519736
demo_3026,150,1.0,0.038205289697117055,0.00025641134024910776,49.79927016059417,0.33422328966841724,94.0554092255398,2.2531848895236637,0.01512204623841385
demo_3027,150,1.0,0.06849922453167633,0.0004597263391387673,45.752937720385226,0.30706669610996795,87.64460999943772,2.1025831701414415,0.014111296443902292
demo_3028,150,0.0,0.00994378945176837,6.673684195817699e-05,54.04919014823219,0.3627462426055852,168.82510060233867,2.153021248469317,0.014449807036706825
demo_3029,150,0.0,0.024193054834098112,0.00016236949553085982,52.292356297104305,0.3509554113899618,87.0024023772724,2.0167990509049893,0.013535564100033485
demo_303,150,0.0,0.01800965887986632,0.00012087019382460617,53.95522429695426,0.36211559930841786,157.83504941894873,2.8490116807766346,0.019120883763601576
demo_3030,150,0.0,0.26888269851106783,0.0018045818692017975,52.75292274022265,0.3540464613437762,112.68422175265292,2.3194112051907037,0.015566518155642306
demo_3031,150,1.0,0.13496425070251697,0.0009058003402853487,60.237607219568204,0.40427924308435037,120.79882602716232,2.3384489305012233,0.015694288124169283
demo_3032,150,1.0,0.054619788895990076,0.000366575764402618,57.884518501569154,0.3884867013528131,144.97010178790626,2.386750259618588,0.01601845811824556
demo_3033,150,0.0,0.02945979977759676,0.00019771677703085073,46.68795004451648,0.31334194660749315,145.24825708177968,1.9846751612187812,0.013319967524958263
demo_3034,150,0.0,0.013297292606595986,8.924357454091266e-05,49.562576453464814,0.3326347412984216,168.30256518034787,1.9888778875691417,0.013348173742074776
demo_3035,150,1.0,0.047328002264640845,0.00031763759909154927,53.91301473168759,0.3618323136354872,68.71734588152249,1.7274657419776271,0.011593729811930383
demo_3036,150,0.0,0.23699805344272198,0.0015905909627028322,48.072264524725156,0.32263264781694734,178.89642962235982,2.528328972645543,0.01696865082312445
demo_3037,150,1.0,0.027490301191204172,0.00018449866571277967,56.88687093444461,0.3817910800969437,85.05882116776857,1.7966998692555036,0.012058388384265125
demo_3038,150,1.0,0.05059405303880338,0.0003395574029449891,63.359339246400005,0.4252304647409396,86.35616951820043,1.7440992217111808,0.011705363904101885
demo_3039,150,0.0,0.18802287396581938,0.0012618984829920763,54.50649214868832,0.3658153835482437,151.05301595452173,1.90246266011589,0.012768205772589867
demo_304,150,0.0,0.023776727577369556,0.00015957535286825205,55.23194325932267,0.3706841829484743,162.51301594968513,2.4344507298487397,0.016338595502340535
demo_3040,150,0.0,0.0364500127637968,0.00024463095814628727,35.2414729266402,0.23651995252778657,47.718967131802806,0.8876514342618337,0.005957392176253917
demo_3041,150,1.0,0.03302411176606298,0.00022163833400042266,57.731255163465704,0.3874580883454074,80.56905915504022,1.6625894426106416,0.01115831840678283
demo_3042,150,1.0,0.03232596998318868,0.00021695281867911866,55.279276946931525,0.3710018587042384,87.3977139963694,2.2154320125640274,0.014868671225261929
demo_3043,150,0.0,0.16214863664881682,0.0010882458835491061,52.677443060760524,0.35353988631382904,159.52208849933612,2.325351002205647,0.015606382565138572
demo_3044,150,1.0,0.035049743423919345,0.00023523317734174058,50.96062142862085,0.34201759348067684,87.60673402137098,1.7335197940745726,0.011634361034057534
demo_3045,150,1.0,0.035177012815169946,0.00023608733432999964,49.70056450736299,0.33356083561988586,94.39084360737947,1.9575614356015798,0.013137996212091139
demo_3046,150,0.0,0.016343928470726774,0.00010969079510554883,73.49440328879909,0.49325102878388655,144.8121874953312,1.738028623986073,0.011664621637490422
demo_3047,150,0.0,0.17216918775389456,0.0011554979043885542,54.134095682636094,0.3633160784069536,129.57688234360663,2.469520985984768,0.01657396634889106
demo_3048,150,0.0,0.22480161595003592,0.0015087356775170197,62.61631675080903,0.42024373658261094,119.26226941547961,2.22506519087222,0.014933323428672618
demo_3049,150,1.0,0.035576672847796746,0.00023876961642816608,55.529783263975695,0.3726831091541993,80.80668968435415,2.2607687961439784,0.015172944940563614
demo_305,150,0.0,0.014926480308255838,0.0001001777201896365,51.84576351884366,0.34795814442176953,159.40472381048593,2.370925494385154,0.01591225164016882
demo_3050,150,0.0,0.17000549019042727,0.0011409764442310555,47.184202581802204,0.3166725005490081,135.20556907073168,3.0099001494730473,0.02020067214411441
demo_3051,150,0.0,0.04056013208483553,0.0002722156515760774,49.26334721976477,0.33062649140781725,96.61978652251734,2.1411697078573177,0.014370266495686696
demo_3052,150,0.0,0.18704537196433027,0.0012553380668746997,43.85827921542056,0.29435086721758763,126.24672960979827,1.787100166965927,0.011993960852120315
demo_3053,150,0.0,0.13173832776647096,0.0008841498507816842,51.62450841780453,0.3464732108577485,158.80668820278663,2.461661515195881,0.016521218222791147
demo_3054,150,1.0,0.030122479046618002,0.0002021642889034765,42.17332117565259,0.2830424239976684,75.89272805907608,1.8072307311704934,0.012129065309869083
demo_3055,150,0.0,0.07432212240002299,0.0004988061906041812,56.15970717202116,0.37691078638940373,112.89692927907397,2.597202585557568,0.017430889835956833
demo_3056,150,1.0,0.02372253440814638,0.00015921164032313008,61.06671547502567,0.4098437280203065,56.51098833776135,1.6869771665500575,0.011321994406376224
demo_3057,150,0.0,0.027362263103271514,0.000183639349686386,48.81278234835559,0.32760256609634625,133.88722738768993,1.8296840884088323,0.012279758982609613
demo_3058,150,1.0,0.11569125846598032,0.000776451399100539,53.29995746063925,0.3577178353063037,84.33110472389993,1.7927649972657318,0.012031979847421019
demo_3059,150,0.0,0.17810125812900177,0.0011953104572416226,43.684359033360394,0.2931836176735597,143.7520129772607,2.238604918845697,0.01502419408621273
demo_306,150,0.0,0.023316345864329416,0.00015648554271362024,53.25565493705125,0.35742050293322986,133.17107151909667,2.834894221701827,0.019026135716119642
demo_3060,150,0.0,0.02314009471136384,0.00015530264906955598,68.22228567240542,0.45786768907654646,163.78600704111554,1.6092610292957419,0.010800409592588872
demo_3061,150,0.0,0.06376253917811518,0.0004279365045511086,57.98600821758582,0.389167840386482,97.92989785567444,1.5433185332631807,0.010357842505122018
demo_3062,150,0.0,0.06353040984450964,0.0004263785895604674,52.99052502835841,0.35564110757287526,130.80973387785636,2.4817700503181745,0.016656174834350165
demo_3063,150,1.0,0.0426397102146227,0.0002861725517759913,62.80253808836795,0.42149354421723456,80.89455213940111,1.828944648724082,0.012274796300161624
demo_3064,150,1.0,0.10366630077847573,0.0006957469850904412,47.50803526670602,0.3188458742731947,69.91544512414393,1.8186184644141785,0.012205493049759587
demo_3065,150,1.0,0.02979305501004085,0.00019995338932913322,52.18201041600292,0.350214835006731,66.25518462730908,1.8983346148376317,0.01274050077072236
demo_3066,150,0.0,0.014410903520248725,9.67174732902599e-05,47.287155636690784,0.31736346064893145,185.81361680857808,2.1001483055883337,0.014094955071062641
demo_3067,150,1.0,0.04352997275705501,0.0002921474681681544,55.497868432966044,0.37246891565749024,101.6213611875534,2.184593364848178,0.01466170043522267
demo_3068,150,1.0,0.1905037352367837,0.0012785485586361324,48.02119335796767,0.32228988830850785,100.60977424460629,1.9247108323706077,0.012917522364903407
demo_3069,150,1.0,0.028660632975932927,0.00019235324144921428,62.409130548553385,0.41885322515807644,77.01788186445904,1.7690837992012782,0.011873045632223344
demo_307,150,0.0,0.006011141567469673,4.034323199644076e-05,43.53663643634841,0.29219219084797593,150.622407680502,2.9817278783255783,0.020011596498829384
demo_3070,150,1.0,0.027277880680358208,0.00018307302470039065,69.63916346451603,0.4673769360034633,75.57882312013835,1.674853290504513,0.011240626110768544
demo_3071,150,0.0,0.04625463143766215,0.00031043376803800097,55.11535655407491,0.36990172183942893,128.0799184453098,2.1047382102597716,0.014125759800401151
demo_3072,150,1.0,0.1940351450587862,0.0013022492956965516,47.62607442959607,0.31963808342010785,108.32725804218224,2.0687353637897523,0.013884129958320486
demo_3073,150,0.0,0.005556598034876001,3.729260426091276e-05,50.64870259563122,0.3399241784941693,100.37812105975974,1.4315029503286663,0.009607402351199102
demo_3074,150,0.0,0.02095215531646373,0.00014061849205680355,46.7411152625875,0.313698760151594,119.3082535262573,2.3154815937819784,0.015540144924711265
demo_3075,150,0.0,0.07955010858391454,0.0005338933462007687,46.049405403025915,0.30905641210084506,147.48513062033228,2.4966989570998166,0.016756368839596084
demo_3076,150,0.0,0.06280268362055705,0.0004214945209433359,48.92532639752727,0.3283578952854179,119.97843883906559,2.41204015262742,0.01618818894380819
demo_3077,150,1.0,0.024917786152353148,0.00016723346410975267,43.21494059137828,0.29003315833139787,90.34841814941477,1.7184463480330079,0.011533196966664482
demo_3078,150,0.0,0.11758918763192114,0.0007891891787377257,52.33868633545817,0.3512663512446857,123.0862591398098,2.302355532422869,0.015452050553173616
demo_3079,150,0.0,0.12188545844365713,0.0008180232110312559,61.55821776892506,0.41314240113372525,129.04001332078576,1.5947275497572586,0.010702869461458112
demo_308,150,0.0,0.012537687886354511,8.414555628425846e-05,51.63394435300519,0.346536539281914,113.55083775795687,2.1601366113104397,0.014497561149734495
demo_3080,150,1.0,0.09282954246708669,0.0006230170635374945,48.804820932486315,0.32754913377507594,165.53489579817654,2.6312673011033283,0.017659512087941802
demo_3081,150,0.0,0.13287602435851315,0.0008917853983792829,45.82175177840027,0.3075285354255052,102.50894978933628,1.216227335352969,0.008162599566127308
demo_3082,150,1.0,0.08673612141721522,0.0005821216202497666,49.71642202940542,0.33366726194231827,110.8676135121594,2.323910611989815,0.015596715516710168
demo_3083,150,1.0,0.0586888603227627,0.00039388496860914563,58.18862846350091,0.390527707808731,89.4094022910621,1.7622178536990292,0.01182696546106731
demo_3084,150,1.0,0.03592359058500082,0.00024109792338926722,55.82305860894772,0.3746514000600518,84.38861503645576,1.6876449963358593,0.011326476485475566
demo_3085,150,1.0,0.03839351939892845,0.00025767462683844595,47.00998164459491,0.3155032325140598,84.29167188527248,1.6716319361469025,0.011219006282865117
demo_3086,150,1.0,0.030412256713072443,0.00020410910545686203,51.05323495663919,0.3426391607828133,121.73147178151822,2.4673195225862603,0.016559191426753425
demo_3087,150,0.0,0.04858663040836829,0.0003260847678413979,53.350490827976635,0.35805698542266196,124.140495522179,1.5637929389295337,0.010495254623688145
demo_3088,150,1.0,0.08882399280899436,0.0005961341799261366,54.6420335716734,0.3667250575280094,91.1716321388213,2.007932910148021,0.01347605979965115
demo_3089,150,1.0,0.04141538104953557,0.00027795557751366154,61.05289491594053,0.4097509725902049,80.10377502468782,1.649199734868072,0.011068454596430013
demo_309,150,0.0,0.013002398795962341,8.726442144941169e-05,44.50605917986089,0.29869838375745567,152.70512352137342,2.5890419878706976,0.017376120723964415
demo_3090,150,1.0,0.10656039448913208,0.000715170432812967,47.82344436277906,0.32096271384415476,69.43560037706635,1.714929636526032,0.011509594876013638
demo_3091,150,0.0,0.03555965844233961,0.00023865542578751416,41.0452558533541,0.27547151579432283,53.72717949632782,0.9362873749981802,0.006283807885893827
demo_3092,150,1.0,0.04240253939503079,0.00028458080130893147,46.07955301073237,0.3092587450384723,80.40072260196116,1.5584317083093573,0.010459273210129915
demo_3093,150,0.0,0.08963982886252778,0.0006016095896813944,50.39169223112926,0.33819927671898836,156.08505657420102,2.3120042179149944,0.015516806831644258
demo_3094,150,1.0,0.14519196897538503,0.0009744427448012418,60.90653515499949,0.40876869231543284,113.52666513983236,2.659071249889339,0.017846115771069388
demo_3095,150,1.0,0.03444389238495479,0.00023116706298627373,54.03867055302692,0.3626756412954827,67.5074103423354,1.8316012641192048,0.012292625933685937
demo_3096,150,0.0,0.06934309589332799,0.00046538990532434893,59.302853435897596,0.398005727757702,198.70267750496626,2.517886897953696,0.016898569784924135
demo_3097,150,0.0,0.10622268198101774,0.0007129039059128707,59.22610531588702,0.3974906397039397,144.71900336376484,2.0015593729146586,0.013433284381977575
demo_3098,150,0.0,0.013846036288277894,9.292641804213351e-05,63.804347805950606,0.42821709936879604,160.99404952158972,2.219748955696329,0.014897643997961937
demo_3099,150,1.0,0.21672231071423764,0.001454512152444548,56.05754277211599,0.3762251192759462,144.5882914658918,2.458633511870539,0.01650089605282241
demo_31,150,0.0,0.02570590806832697,0.00017252287294179173,48.71436771776956,0.32694206521992997,165.3120418103891,2.043602023095783,0.013715449819434785
demo_310,150,0.0,0.0197828227820341,0.00013277062269821544,59.1919248199768,0.39726124040252886,155.70352394846998,2.2406955166021127,0.01503822494363834
demo_3100,150,0.0,0.019983281841615217,0.0001341159855141961,59.26159596096474,0.39772883195278347,129.39643562297417,1.7310841384944746,0.01161801435231191
demo_3101,150,1.0,0.03504334253705054,0.00023519021836946672,47.83465758683415,0.3210379703814372,63.47686273569266,1.8626029138105318,0.01250069069671498
demo_3102,150,0.0,0.12124071179265862,0.0008136960522997223,57.70578977152012,0.38728717967463167,131.01787257753392,2.3898684709917144,0.016039385711353788
demo_3103,150,1.0,0.11483143507978551,0.0007706807723475538,60.91528049506828,0.4088273858729415,100.88649472725653,2.5867604917761873,0.01736080866963884
demo_3104,150,0.0,0.14902890248809067,0.0010001939764301387,45.424810753042586,0.3048645016982724,115.74252075808735,2.344638289069536,0.015735827443419705
demo_3105,150,1.0,0.02774727616868829,0.00018622332999119657,45.5322290672747,0.3055854299817094,77.2938179391424,1.8551125390256005,0.01245041972500403
demo_3106,150,1.0,0.027769414606727074,0.00018637191011226225,44.80632450356029,0.3007135872722167,49.58984367402564,1.504325911375488,0.010096147056211329
demo_3107,150,0.0,0.03025097289240023,0.0002030266637073841,55.117517867426116,0.36991622729816187,150.30603779621973,1.8647429996892662,0.012515053689189705
demo_3108,150,0.0,0.042364204003858166,0.00028432351680441725,60.1986440300374,0.40401774516803624,116.24734059782716,2.744515928907071,0.018419569992664905
demo_3109,150,0.0,0.05418290996217799,0.0003636436910213288,34.230528465567474,0.22973509037293607,114.50348084105357,1.3944707743159954,0.009358864257154332
demo_311,150,0.0,0.013142419508808375,8.820415777723741e-05,47.50165232573819,0.31880303574320934,166.21944208261925,2.5888476824107314,0.017374816660474707
demo_3110,150,1.0,0.025794067315905764,0.00017311454574433398,47.02654487884906,0.3156143951600608,59.91487429438258,1.80952984453775,0.012144495600924496
demo_3111,150,1.0,0.03935924551640956,0.00026415601017724537,54.7370795927941,0.3673629502872087,104.37149060035108,2.338943788226313,0.015697609316955123
demo_3112,150,0.0,0.053885413971349695,0.0003616470736332194,59.85925633409846,0.401739975396634,118.57820190530938,1.7814602885909108,0.011956109319402086
demo_3113,150,0.0,0.2101139913613124,0.0014101610158477342,47.393834716551524,0.31807942762786257,169.75789212638665,2.7020817256029717,0.01813477668189914
demo_3114,150,1.0,0.018161295015085174,0.00012188788600728305,45.650676665196386,0.3063803803033314,76.46332059101236,1.8156255305274853,0.012185406245150908
demo_3115,150,0.0,0.025755051306921774,0.00017285269333504547,52.46157616159876,0.35209111517851516,147.59537218605453,1.8143695589845827,0.012176976905936797
demo_3116,150,1.0,0.03922110203195325,0.0002632288726976728,51.99611164535163,0.3489671922506821,77.26045922342558,1.4995224191099914,0.010063908853087191
demo_3117,150,1.0,0.08913731442953028,0.000598237009594163,48.086986086465814,0.322731450244737,78.00792561107089,2.094237563313178,0.014055285659819986
demo_3118,150,1.0,0.04565218303797382,0.0003063904901877437,57.783840565140075,0.3878110105042958,98.37335753932956,2.279291510120513,0.015297258457184652
demo_3119,150,1.0,0.18070911589116895,0.001212812858329993,46.78270793545117,0.31397790560705485,84.37195431521862,1.7994196360551822,0.012076641852719344
demo_312,150,0.0,0.0128759698954714,8.641590533873423e-05,46.64674202110359,0.31306538269197043,168.64658009880637,2.493347235565595,0.016733874064198625
demo_3120,150,1.0,0.02847461771657836,0.00019110481688978766,56.11606763403618,0.37661790358413544,88.95934462606932,2.49914711226041,0.016772799411143693
demo_3121,150,0.0,0.0215292573381884,0.00014449165998784162,59.488479042724165,0.399251537199491,160.91902440257832,1.761976864295109,0.01182534808251751
demo_3122,150,0.0,0.015769370547365977,0.00010583470166017434,37.45798256373805,0.2513958561324701,83.58106314209995,1.007197120585852,0.006759712218696994
demo_3123,150,0.0,0.06643547992402216,0.00044587570418806814,47.64613210002691,0.31977269865789876,114.06854872659589,1.7369429244701924,0.011657335063558339
demo_3124,150,0.0,0.05748709115769853,0.0003858194037429432,45.31401100672477,0.30412087923976355,162.82688082377285,2.1121183659229277,0.014175291046462602
demo_3125,150,1.0,0.03583107932646835,0.00024047704245951912,53.60699378732696,0.3597784817941406,116.96414997598326,2.177092574387761,0.014611359559649402
demo_3126,150,0.0,0.20969667227556976,0.001407360216614562,62.281851150458095,0.4179990010097859,87.99324485040376,1.4648924011798519,0.009831492625368133
demo_3127,150,0.0,0.06945846719020451,0.0004661642093302316,56.08447616494523,0.37640588030164585,118.96353448527267,2.1655693925990622,0.014534022769121222
demo_3128,150,0.0,0.226630164199723,0.0015210078134209597,45.31578971739523,0.30413281689527,80.96323946156346,2.097489442482643,0.014077110352232502
demo_3129,150,1.0,0.03150801278058515,0.0002114631730240614,63.54847671552067,0.42649984372832667,87.56287029658012,1.7663615818740057,0.011854775717275206
demo_313,150,0.0,0.011450830627424007,7.685121226459066e-05,55.43042981477598,0.372016307481718,185.70253676125688,2.4967132501267697,0.016756464765951475
demo_3130,150,0.0,0.08704388741238757,0.0005841871638415273,34.57864836320922,0.23207146552489408,66.56862761003808,0.8367675138102473,0.00561588935443119
demo_3131,150,1.0,0.034057230548293446,0.00022857201710264059,54.73205664251401,0.3673292392115034,82.99315874759367,1.9998052579279657,0.013421511798174267
demo_3132,150,0.0,0.09300517083267562,0.0006241957774005075,52.6678401399926,0.35347543718115837,176.35918987097915,2.157038640744536,0.01447676940097004
demo_3133,150,1.0,0.0223144313993264,0.0001497612845592376,53.70392395542644,0.3604290198350768,73.89000957142203,1.6542294370188537,0.011102210986703717
demo_3134,150,1.0,0.09290143730824618,0.0006234995792499744,57.90817007606851,0.38864543675213764,77.8814137518912,1.6086202271277505,0.010796108906897655
demo_3135,150,1.0,0.0811682746152235,0.0005447535209075402,47.612783570714356,0.31954888302492856,79.48486663260388,2.088298208544614,0.014015424218420228
demo_3136,150,0.0,0.1230043472150177,0.0008255325316444141,52.69610394031985,0.3536651271162406,142.76052492384127,2.5523775931469324,0.017130050960717666
demo_3137,150,0.0,0.14259384159487754,0.0009570056482877687,54.55199491294076,0.36612077122779035,112.22402790655478,2.165330963648607,0.014532422574822866
demo_3138,150,0.0,0.13128234249182127,0.000881089546924975,48.29884720566035,0.3241533369507406,108.03676393155963,2.3604742126401224,0.015842108809665252
demo_3139,150,0.0,0.04766783948113428,0.0003199183857794247,61.32538033413681,0.4115797337861531,155.3555336372789,2.1255677207278953,0.014265555172670438
demo_314,150,0.0,0.008355945656285451,5.6080172189835244e-05,54.25478868561641,0.36412609856118394,165.3033843260847,2.571473942127653,0.017258214376695658
demo_3140,150,1.0,0.07674318880585977,0.000515054958428589,59.15789568929361,0.3970328569751249,109.19880558161267,2.2084061570524196,0.014821517832566574
demo_3141,150,0.0,0.09770252885451235,0.0006557216701645124,52.25425606586627,0.3506997051400421,113.5689616385454,1.5814186906765735,0.010613548259574319
demo_3142,150,0.0,0.2044776586381408,0.0013723332794506095,69.33935673305234,0.4653648102889419,95.07408118489076,1.1406201531458637,0.007655168813059488
demo_3143,150,0.0,0.1526696579131652,0.001024628576598424,63.67807193923269,0.4273696103304207,116.32523947283161,2.104440776023269,0.014123763597471604
demo_3144,150,0.0,0.17498752533246292,0.001174412921694382,47.428597515833644,0.3183127350055949,185.20974216796176,2.644729952094915,0.017749865450301442
demo_3145,150,0.0,0.03389011413408759,0.00022745043043011803,48.76219348520409,0.32726304352485963,132.0351631794034,2.1657521324592395,0.014535249211135835
demo_3146,150,0.0,0.015971277746263213,0.00010718978353196787,52.172201095166784,0.35014900063870324,156.1443967755267,1.7944139363659595,0.012043046552791674
demo_3147,150,1.0,0.03930049582509676,0.0002637617169469581,45.91383948644327,0.3081465737345186,92.2772111477006,2.8399458296486895,0.019060039125158988
demo_3148,150,1.0,0.03550527554673097,0.0002382904399109461,46.907001202168,0.31481208860515436,87.10523938186022,1.9136988853883188,0.012843616680458515
demo_3149,150,1.0,0.06881658734826596,0.0004618562909279594,47.84874233428861,0.321132498887843,106.33799205597938,2.5843160309251587,0.017344402892115158
demo_315,150,0.0,0.04882193865883682,0.00032766401784454244,45.694201940997445,0.306672496248305,154.01126350686962,2.8131034404593027,0.018879888862142973
demo_3150,150,1.0,0.0305417349597791,0.00020497808697838324,62.186698889964546,0.4173603952346614,86.7131186561949,1.7712790267848413,0.011887778703253969
demo_3151,150,1.0,0.028278599811611186,0.00018978926048061198,45.47914233929136,0.3052291432167205,91.89894644810494,2.2123687860041796,0.014848112657746172
demo_3152,150,0.0,0.13319055129123944,0.0008938963173908687,55.11416671006562,0.3698937363091652,110.73481684538658,1.5312741372403023,0.01027700763248525
demo_3153,150,0.0,0.06553765408819112,0.0004398500274375243,47.950001351106685,0.32181208960474283,67.9814733867981,0.9101706187903982,0.006108527642888578
demo_3154,150,0.0,0.04216726321343303,0.0002830017665331076,55.48688137305936,0.3723951770003984,183.33361959175824,2.434014547172138,0.01633566810182643
demo_3155,150,0.0,0.05282999932226611,0.00035456375384071214,60.20063572578944,0.4040311122536204,136.1311902491423,1.6152672610151586,0.010840719872584958
demo_3156,150,0.0,0.06234216254429256,0.00041840377546505076,60.42663446351785,0.40554788230548894,154.4711058160831,2.5689244839268426,0.017241103918972097
demo_3157,150,0.0,0.20270092804949028,0.0013604089130838273,50.32756661016138,0.33776890342390187,140.4389201173888,2.7779850717581485,0.018644195112470795
demo_3158,150,0.0,0.039070905432545606,0.00026222084182916515,51.518772190707736,0.34576357174971634,146.4479373767737,2.151037102312708,0.014436490619548378
demo_3159,150,0.0,0.0462110508170438,0.00031014128065130065,52.29890667224145,0.35099937363920436,128.47139355793334,2.26701071435993,0.015214837009127046
demo_316,150,0.0,0.017470888380435826,0.00011725428443245521,45.00370524729238,0.30203829025028445,116.94320070536305,2.226134404763329,0.014940499360827713
demo_3160,150,0.0,0.02990572561649493,0.00020070956789593913,63.83029799802499,0.4283912617317113,141.1117235844467,1.9563793132790173,0.013130062505228303
demo_3161,150,1.0,0.03281122083465271,0.00022020953580303832,42.26882369791179,0.28368338052289793,65.99038660724068,1.5196938066629557,0.010199287293039972
demo_3162,150,1.0,0.08322479112095384,0.0005585556451070728,50.35805669562621,0.33797353486997456,104.34673503085493,2.0750888198133355,0.013926770602774063
demo_3163,150,0.0,0.013166515295444504,8.83658744660705e-05,44.3155550090161,0.29741983227527585,98.45956987455048,1.702579680939592,0.011426709268050953
demo_3164,150,1.0,0.123201429263801,0.0008268552299583959,47.43625255177051,0.3183641110857081,90.66689396398185,1.864127100206053,0.012510920135611095
demo_3165,150,0.0,0.0235301583942474,0.0001579205261358886,59.73711486012066,0.4009202339605414,157.94740521389002,1.8023061575633357,0.012096014480290844
demo_3166,150,0.0,0.0883404615479032,0.0005928890036772027,51.30525727895767,0.34433058576481657,168.90396193169516,2.341270208436069,0.015713222875409858
demo_3167,150,0.0,0.16893716969761782,0.0011338065080377035,57.44057468519039,0.3855072126522845,115.26570076785656,2.562148422260723,0.017195626995038408
demo_3168,150,1.0,0.017373834103836125,0.0001166029134485646,57.55035356569871,0.3862439836624074,71.23871117359575,1.4389519347584634,0.0096573955352917
demo_3169,150,1.0,0.04775530198360575,0.0003205053824403071,61.39271668826382,0.41203165562593164,106.00414077355751,2.4936444421211896,0.016735868739068387
demo_317,150,0.0,0.016981493503213797,0.00011396975505512616,59.43675285026725,0.39890438154541774,118.46885383542775,2.271231782143785,0.015243166323112652
demo_3170,150,0.0,0.04713318086950568,0.00031633007294970257,44.64065908974452,0.29960173885734576,160.66202656631623,1.9791763402310902,0.0132830626861147
demo_3171,150,1.0,0.03321380904285208,0.00022291147008625557,49.95830921342071,0.335290665861884,92.5270779016369,2.2703425322389497,0.015237198202945971
demo_3172,150,0.0,0.03213698449982023,0.0002156844597303371,55.80255646778384,0.37451380179720695,157.10068121290888,1.7969633921168786,0.01206015699407301
demo_3173,150,0.0,0.20310314459841797,0.0013631083530095166,45.297084668634994,0.3040072796552684,163.54459267272634,1.99424849862714,0.013384218111591543
demo_3174,150,0.0,0.018497940113290503,0.00012414724908248659,66.26533367653894,0.4447337830640198,162.94805432459898,1.8365968695914943,0.012326153487191236
demo_3175,150,0.0,0.030605262389525194,0.0002054044455672832,54.63172795374518,0.3666558923070146,141.19548481283582,1.9129195176386924,0.012838386024420754
demo_3176,150,0.0,0.02940774745602621,0.00019736743259077995,37.30119763408486,0.2503436082824487,100.02187957089478,1.6267583053434935,0.010917840975459689
demo_3177,150,0.0,0.03922247236119518,0.0002632380695382227,44.64430104863265,0.2996261815344473,144.91596254552314,2.0043786821279492,0.013452205920321807
demo_3178,150,1.0,0.17758640536007417,0.001191855069530699,48.304402576736685,0.32419062132038046,94.07412988507139,1.8881501817274757,0.0126721488706542
demo_3179,150,0.0,0.0684215268458969,0.0004592048781603819,62.76813892486456,0.4212626773480843,119.36881159371896,2.2260996359992724,0.014940266013417936
demo_318,150,0.0,0.02546048465236285,0.0001708757359218983,52.43388883517543,0.35190529419580824,161.49850915444557,2.4464786513914927,0.016419319807996595
demo_3180,150,1.0,0.1746415622626626,0.0011720910218970643,51.33646917391484,0.34454006156989825,158.19414049484817,2.856695589993719,0.01917245362411892
demo_3181,150,1.0,0.04034504895717389,0.00027077214065217373,55.670334104512655,0.37362640338599096,128.02999887464975,2.3834206172395795,0.01599611152509785
demo_3182,150,1.0,0.08413678550138826,0.000564676412760995,47.676526225098534,0.3199766860744868,68.79179266358902,1.7706808082237382,0.011883763813582136
demo_3183,150,1.0,0.04207567618369181,0.0002823870884811531,59.32994647007977,0.3981875602018776,91.1718213758132,1.9039771961034773,0.012778370443647498
demo_3184,150,0.0,0.03927630360783983,0.00026359935307275056,53.104188380208036,0.3564039488604566,78.49115239351106,1.9552906954385758,0.01312275634522534
demo_3185,150,0.0,0.033821469343005096,0.0002269897271342624,43.121859121417586,0.2894084504793127,167.2050205730915,2.3884238353407006,0.016029690170071817
demo_3186,150,0.0,0.01941136719538376,0.00013027763218378363,52.72509735926333,0.35385971382055925,152.88710879810978,1.8022194656093866,0.012095432655096555
demo_3187,150,1.0,0.15314518060871218,0.0010278200040853168,53.880564088525134,0.3616145240840613,103.61456453766891,1.6522982116905334,0.011089249742889485
demo_3188,150,0.0,0.06156691497849019,0.00041320077166771943,57.89876465445609,0.38858231311715496,144.63476576000005,2.458581262591244,0.016500545386518416
demo_3189,150,1.0,0.03163371142708581,0.00021230678810124707,47.030427108238214,0.31564045039086047,83.59355577733133,1.6685889891681653,0.011198583819920572
demo_319,150,0.0,0.01325644830123268,8.896945168612537e-05,49.713197034797254,0.33364561768320306,159.4821381442695,2.327317898501623,0.01561958321142029
demo_3190,150,0.0,0.025579316014720098,0.00017167326184375906,40.7930406316825,0.2737787961857886,147.40065305381742,1.8622209383209318,0.012498127102825047
demo_3191,150,0.0,0.022990380755708962,0.00015429785742086553,60.02874112775748,0.4028774572332717,155.51562749655037,1.7634360774345899,0.011835141459292549
demo_3192,150,1.0,0.06256965994458585,0.0004199306036549386,64.80769189284379,0.43495095230096503,91.15445740932529,2.0094928173796416,0.013486528975702293
demo_3193,150,1.0,0.04493996385519735,0.00030161049567246543,53.093476843566805,0.3563320593527973,67.80502912724283,1.313022173705966,0.008812229353731315
demo_3194,150,0.0,0.29871316155190714,0.0020047863191403163,45.60036498906209,0.3060427180473966,132.02794839398888,2.360370466265518,0.015841412525271933
demo_3195,150,0.0,0.26526222523489,0.0017802833908381881,57.41916397947854,0.38536351664079554,107.55651076421051,2.2824155790258223,0.015318225362589411
demo_3196,150,0.0,0.12782250002806508,0.0008578691277051348,56.66975958376934,0.3803339569380493,134.04398151233207,2.1723752581822064,0.014579699719343668
demo_3197,150,0.0,0.05289011759148635,0.00035496723215762654,54.98577134596497,0.36903202245614075,75.98824233729792,0.9810997841908885,0.006584562310005963
demo_3198,150,1.0,0.08496774371907943,0.0005702533135508687,52.4972911029171,0.3523308127712557,70.51730485851601,2.182709627020329,0.014649057899465296
demo_3199,150,0.0,0.052064969681603936,0.00034942932672217406,53.23775140584416,0.3573003450056655,126.4350036779917,1.634689329328517,0.010971069324352463
demo_32,150,0.0,0.04412239464995798,0.0002961234540265636,60.53267385289184,0.4062595560596768,174.46256611163406,2.2740158905395704,0.015261851614359534
demo_320,150,0.0,0.009320750560634493,6.255537289016438e-05,46.67882568009713,0.3132807092623968,131.93600070364508,2.6684979852246853,0.017909382451172386
demo_3200,150,0.0,0.0925798137169798,0.0006213410316575826,47.831926794369174,0.32101964291522933,161.31520821459526,2.5080001407243926,0.016832215709559683
demo_3201,150,0.0,0.08881802518135405,0.0005960941287339198,52.83857449106151,0.35462130530913766,105.94870799789348,2.2885159247675597,0.015359167280319193
demo_3202,150,1.0,0.12239641565520994,0.0008214524540618117,59.504852781175224,0.3993614280615787,149.84630319872014,2.520986767089382,0.016919374275767663
demo_3203,150,1.0,0.0508874650723261,0.00034152661122366514,43.118272314426534,0.2893843779491714,77.21383545455443,1.9156042829389146,0.012856404583482648
demo_3204,150,1.0,0.08289374948241233,0.0005563338891437069,51.91428275452926,0.34841800506395476,77.56974947362428,1.8461543629270905,0.012390297737765708
demo_3205,150,0.0,0.03925112227602134,0.0002634303508457808,56.59631174880501,0.37984101844835577,149.22753714470068,2.100329658842071,0.014096172206993765
demo_3206,150,0.0,0.08088715357003835,0.0005428668024834789,41.27870224265632,0.27703827008494175,83.58616360586903,1.552367808285104,0.0104185758945309
demo_3207,150,1.0,0.027235137110444015,0.0001827861551036511,46.86290310262734,0.31451612820555264,92.9058447571306,1.954600664523272,0.01311812526525686
demo_3208,150,0.0,0.0862793487532577,0.0005790560319010584,42.815366361444575,0.28735145209023205,160.74170341061324,1.9473316076272136,0.013069339648504789
demo_3209,150,0.0,0.20475897260521772,0.001374221292652468,44.344916056618956,0.2976168862860333,58.00738410012804,0.9078701589930572,0.006093088315389646
demo_321,150,0.0,0.013029602415907105,8.744699607991346e-05,55.799493336329725,0.3744932438679847,153.579986649049,2.4521067634948484,0.016457092372448648
demo_3210,150,1.0,0.10188958248871219,0.0006838227012665247,49.293610554254016,0.3308296010352619,124.1236151475247,2.6471065352540255,0.017765815672845808
demo_3211,150,1.0,0.03849960279412851,0.00025838659593374836,58.80722854158268,0.39467938618511866,73.29821068402435,1.5401820055980524,0.010336791983879547
demo_3212,150,0.0,0.23709338034755667,0.0015912307405876287,55.7628275740744,0.3742471649266738,107.67198782297676,2.3711567288037343,0.015913803549018352
demo_3213,150,0.0,0.1262418082942753,0.000847260458350841,46.51980864674083,0.31221348085060957,99.00942128772408,2.4390704933809326,0.01636960062671767
demo_3214,150,1.0,0.11975489190825084,0.0008037241067667841,51.99276505187073,0.34894473189174985,90.23599325533019,2.17927561779944,0.014626010857714363
demo_3215,150,0.0,0.1393273133805682,0.0009350826401380416,56.370416657558316,0.3783249440104585,128.26777716312264,1.962072324152126,0.013168270631893464
demo_3216,150,1.0,0.030629300181741818,0.0002055657730318243,43.99416324532265,0.29526284057263524,102.05108800896701,2.5663285387819252,0.01722368146833507
demo_3217,150,0.0,0.07665989602848633,0.0005144959464999083,52.46957078229646,0.35214477035098296,89.85905038967864,2.1643305076549053,0.014525708105066478
demo_3218,150,1.0,0.045353446155351626,0.00030438554466678943,48.80328501313074,0.32753882559148145,98.65455927432146,2.56669995561462,0.01722617419875584
demo_3219,150,1.0,0.11671142110580697,0.0007832981282268924,51.218201208012985,0.3437463168323019,95.62872500588882,2.2051896880260413,0.014799930792121083
demo_322,150,0.0,0.02640626195328507,0.00017722323458580584,59.34163028428587,0.39826597506232125,154.04856196663252,2.1085813787278287,0.014151552877367978
demo_3220,150,1.0,0.022539300202178765,0.0001512704711555622,45.04052895435164,0.30228542922383655,92.64626338768822,1.8766518898567153,0.012594979126555135
demo_3221,150,0.0,0.05502734467249933,0.00036931103807046533,44.09626428125319,0.2959480824245181,99.58195951423934,1.540065981901231,0.010336013301350543
demo_3222,150,1.0,0.03181176618479021,0.00021350178647510209,47.9480539364571,0.32179901970776575,93.0535903647209,2.0601134229570968,0.013826264583604676
demo_3223,150,0.0,0.0926299868270981,0.0006216777639402556,67.05061139802166,0.45000410334242724,148.32956985298935,1.8844891671144748,0.01264757830278171
demo_3224,150,0.0,0.027321486506341294,0.0001833656812506127,51.003224897140406,0.3423035227996,142.91403613355126,1.9142241032928538,0.012847141632837945
demo_3225,150,0.0,0.022776416675729425,0.0001528618568840901,54.83803188999138,0.3680404824831636,110.71830396409395,1.5007532343806052,0.010072169358259095
demo_3226,150,1.0,0.04070196970804624,0.00027316758193319623,50.611867349614606,0.3396769620779504,77.19651434495918,1.7541329363181968,0.011772704270591924
demo_3227,150,0.0,0.007907236610043993,5.3068702080832166e-05,73.61574013079452,0.49406537000533235,144.83707364787853,1.8232787619600463,0.012236770214496956
demo_3228,150,0.0,0.08592117469820185,0.0005766521791825628,40.16575605906641,0.269568832611184,132.19039027449526,2.3579745688695173,0.015825332676976625
demo_3229,150,1.0,0.08737834014688177,0.0005864318130663206,65.03288007458285,0.43646228237975065,142.98317088380534,2.2762735331778896,0.015277003578375099
demo_323,150,0.0,0.01756455406027027,0.00011788291315617632,40.03167263847522,0.26866894388238405,133.066427749245,2.2488752295375747,0.015093122345889763
demo_3230,150,1.0,0.09249849185083495,0.0006207952473210399,52.94964361051706,0.3553667356410541,104.07975647584324,2.533910702740593,0.017006112098930153
demo_3231,150,0.0,0.024731875091890867,0.0001659857388717508,49.18789073946125,0.3301200720769212,170.0800481447562,2.0529457578425716,0.013778159448607863
demo_3232,150,1.0,0.12432431481043346,0.0008343913745666675,44.891673946453196,0.3012864023251892,76.23308769896889,1.9507986113373872,0.013092608129781122
demo_3233,150,1.0,0.11625031982308362,0.0007802034887455277,43.33370263153556,0.29083021900359435,69.20709705814485,1.7034455748958526,0.011432520636884916
demo_3234,150,0.0,0.024096536640818553,0.00016172172242160103,46.206174906994605,0.31010855642278257,147.93500664015127,1.9296607542585968,0.012950743317171791
demo_3235,150,1.0,0.08643697538532737,0.0005801139287605864,47.92536004689698,0.3216467117241408,93.59058847098272,2.483608404024861,0.01666851277869034
demo_3236,150,1.0,0.1319402540205276,0.0008855050605404536,60.94284530768442,0.4090123846153317,65.86836880073507,1.7650084592047675,0.011845694357078976
demo_3237,150,1.0,0.12325577626785238,0.0008272199749520294,54.1501587073358,0.363423883941851,126.0126979515677,2.076363062972802,0.01393532257028726
demo_3238,150,0.0,0.00646441569466065,4.338534023262181e-05,51.44414452602695,0.3452627149397782,198.24235803015927,2.214943624824391,0.014865393455197256
demo_3239,150,0.0,0.18845397164148012,0.0012647917559830881,66.54959035254859,0.446641545990259,149.6672351127382,2.3858122093160508,0.016012162478631214
demo_324,150,0.0,0.020974490963799542,0.00014076839573019828,58.24943887398615,0.3909358313690346,157.98856738666834,2.4715781258925533,0.016587772656997003
demo_3240,150,0.0,0.05225937046334941,0.0003507340299553651,49.68287650835881,0.33344212421717323,107.791429565551,1.4374339365872932,0.009647207628102639
demo_3241,150,1.0,0.03283613837114271,0.00022037676759156178,51.979178951830676,0.3488535500122864,70.65116257746016,1.4952267739392242,0.010035079019726337
demo_3242,150,1.0,0.1007453831868826,0.0006761435113213597,51.77442122418835,0.3474793370750896,100.6765584657714,2.5867435656344013,0.01736069507137182
demo_3243,150,0.0,0.03429526849001921,0.00023016958718133698,53.51758858336955,0.359178446868252,123.11026983555048,2.2856847883462015,0.015340166364739607
demo_3244,150,0.0,0.013085601923490932,8.782283170128143e-05,53.13164052426155,0.35658819143799697,142.06761698719814,1.5520151466617507,0.010416209037998326
demo_3245,150,0.0,0.0663578069342158,0.0004453544089544684,56.74978019698199,0.38087100803343615,153.9996749312449,1.5982351681958338,0.010726410524804254
demo_3246,150,1.0,0.2563590309424321,0.0017205304090096116,50.812739019182,0.34102509408846976,129.20211630449876,2.3270126422113604,0.015617534511485641
demo_3247,150,0.0,0.01589424902495403,0.00010667281224801364,56.665982525899366,0.3803086075563716,157.91105296757556,2.056766947139702,0.013803805014360414
demo_3248,150,1.0,0.025972365608751304,0.00017431117858222352,56.428120365251175,0.3787122172164508,78.61889702417696,1.6061702282871109,0.010779665961658462
demo_3249,150,0.0,0.19281818945963128,0.0012940818084539011,63.34033858541378,0.425102943526267,142.02725303092657,2.581345778199938,0.017324468310066697
demo_325,150,0.0,0.012860767902190614,8.631387853819204e-05,55.50419957819558,0.37251140656507103,127.31261147149523,2.2365582197375713,0.015010457850587727
demo_3250,150,0.0,0.03442746791233939,0.00023105683162643885,50.57015627828772,0.339397022001931,122.1335398459558,1.764530199153759,0.011842484558078918
demo_3251,150,1.0,0.011413282383001069,7.659921062416824e-05,49.07792204865959,0.329382027172212,86.63761233920535,1.527119876137327,0.010249126685485416
demo_3252,150,1.0,0.0730658276119707,0.0004903746819595349,50.58095545094715,0.33946949967078627,84.12940024551436,2.2868441877404297,0.015347947568727717
demo_3253,150,0.0,0.1490339895024866,0.0010002281174663532,49.13394632137497,0.3297580290025166,146.76392066308452,2.0958884871647987,0.014066365685669789
demo_3254,150,0.0,0.2192735305165155,0.0014716344329967484,50.99627283516664,0.34225686466554794,142.67996196033207,2.381810757689211,0.01598530709858531
demo_3255,150,1.0,0.1661503151081001,0.0011151027859604033,50.799734433584554,0.34093781499050035,87.00184382790374,1.8412846077015947,0.012357614816789226
demo_3256,150,0.0,0.24853643426677474,0.0016680297601796962,57.564220895857225,0.3863370529923304,109.24279599463823,1.9194848259259156,0.012882448496147085
demo_3257,150,1.0,0.12757249904230697,0.0008561912687403152,53.094832720178744,0.3563411591958305,117.59312390561553,1.9162191791544527,0.012860531403721159
demo_3258,150,0.0,0.015131739309169796,0.0001015552973769785,66.30599392115374,0.44500667061177007,147.79272691003592,1.9216108416950823,0.012896717058356258
demo_3259,150,1.0,0.03308060199817807,0.0002220174630750206,56.541086517973646,0.37947037931525934,97.38552762058661,1.7225855597005857,0.011560976910742185
demo_326,150,0.0,0.021054709388641252,0.00014130677442041108,56.4989515832953,0.37918759451876044,154.86640091681238,2.469622729725688,0.016574649192789854
demo_3260,150,1.0,0.19280273026963393,0.001293978055500899,51.04093757469831,0.3425566280181095,87.92148769171035,2.2647479797106658,0.01519965087054138
demo_3261,150,1.0,0.045037452829892716,0.0003022647840932397,50.61659344724527,0.33970868085399514,86.94479681063994,1.9527356981048825,0.013105608712113305
demo_3262,150,0.0,0.018011731929000466,0.0001208841069060434,62.26094951724762,0.4178587215922659,157.69515190810904,2.1084103961611405,0.014150405343363358
demo_3263,150,1.0,0.07477292581057811,0.0005018317168495175,54.30903717209173,0.3644901823630317,91.19948945332473,1.6601841522898884,0.011142175518724083
demo_3264,150,0.0,0.05036062972890066,0.00033799080354966884,51.424177511810264,0.34512870813295476,147.14927177366476,2.2328271002949034,0.014985416780502707
demo_3265,150,0.0,0.1331930828924485,0.00089391330800301,57.397631554860695,0.3852190037238973,82.67671772816685,1.9197919204792806,0.012884509533417991
demo_3266,150,0.0,0.0510870531448361,0.0003428661284888329,58.89453679217997,0.3952653475985233,151.47495107716378,1.9513296336584909,0.013096172037976448
demo_3267,150,0.0,0.05151505069792661,0.00034573859528809806,48.444486508850154,0.32513078193859163,90.66011630008259,1.328532976604534,0.008916328702043851
demo_3268,150,0.0,0.022431463188342445,0.0001505467328076674,57.48233112813795,0.3857874572358252,145.6333912877436,1.7499635597627383,0.01174472187760227
demo_3269,150,0.0,0.025105449803764623,0.00016849295170311826,49.818354415792115,0.3343513719180679,101.32977418098083,1.4312722047503692,0.009605853723156841
demo_327,150,0.0,0.02740020422789787,0.00018389398810669713,51.109197277108436,0.3430147468262311,174.09315110536696,2.554000051604831,0.017140939943656584
demo_3270,150,0.0,0.025724117445282448,0.00017264508352538555,49.62294516533695,0.333039900438503,104.88450336264233,1.5582950187189188,0.010458355830328314
demo_3271,150,1.0,0.09021112950736258,0.0006054438221970643,56.4834169163257,0.37908333500889735,96.74283177236147,3.139749127372709,0.02107214179444771
demo_3272,150,0.0,0.018512716404653667,0.00012424641882317897,53.924653511517484,0.3619104262517952,155.2281823036973,1.7071857058125333,0.011457622186661296
demo_3273,150,0.0,0.02946808697494825,0.00019777239580502182,48.39401391174426,0.32479203967613596,180.07437129533588,1.792315018048075,0.012028959852671644
demo_3274,150,1.0,0.035546206272533215,0.0002385651427686793,50.71159559803323,0.34034627918143107,63.693461699642135,1.7945478165518047,0.012043945077528892
demo_3275,150,1.0,0.21537595956276812,0.0014454762386762962,49.612378124939596,0.3329689807042926,90.24728874304333,1.9878045135915294,0.013340969889876037
demo_3276,150,1.0,0.05371056918587189,0.0003604736186971268,54.34974706157793,0.36476340309783845,89.09165879402462,1.61790552581917,0.010858426347779664
demo_3277,150,0.0,0.029232390811895943,0.00019619054236171774,57.53820742642594,0.38616246594916737,141.70387010749877,1.7409010425245852,0.01168389961425896
demo_3278,150,0.0,0.026805537323752914,0.0001799029350587444,60.65603300857377,0.4070874698561998,148.1213040160516,1.830672652844672,0.012286393643252833
demo_3279,150,0.0,0.05733293743428609,0.00038478481499520863,42.607752412921556,0.2859580698853796,167.54355003106775,2.806696383730012,0.018836888481409474
demo_328,150,0.0,0.019877274949841425,0.00013340452986470756,51.819521857544366,0.34778202588955953,153.51365850866028,2.415797293665153,0.016213404655470824
demo_3280,150,0.0,0.14793340886672712,0.0009928416702464909,45.880815950692494,0.3079249392663926,121.1698869689172,1.6973885460190918,0.011391869436369743
demo_3281,150,1.0,0.07470011111399905,0.0005013430276107319,59.812921418320514,0.40142900280752025,98.54942608292727,2.2402448059110593,0.015035200039671539
demo_3282,150,0.0,0.22291802216358775,0.0014960941084804548,61.47763611450671,0.41260158466111885,107.4799723285024,1.2799841495078361,0.008590497647703598
demo_3283,150,0.0,0.12917488537998661,0.0008669455394629974,43.248151764413585,0.2902560521101583,151.69290191451253,2.3734456846413914,0.01592916566873417
demo_3284,150,0.0,0.01602522527784007,0.00010755184750228236,56.42774971612917,0.3787097296384508,132.6293322863062,1.8837581148725682,0.012642671911896431
demo_3285,150,0.0,0.01793005051392477,0.00012033590948942799,61.81317239220001,0.41485350598791954,178.152508366727,1.9945220146546703,0.01338605378962866
demo_3286,150,1.0,0.1468596281653247,0.0009856350883578838,52.546253790515294,0.35265942141285433,76.7417114239785,1.4271343197795041,0.009578082683083921
demo_3287,150,1.0,0.029235120173703038,0.0001962088602261949,51.602449246352606,0.3463251627271987,78.91656973498543,1.460162903203003,0.009799751028208074
demo_3288,150,0.0,0.1785948782325364,0.001198623343842526,54.44120092180056,0.3653771873946346,121.33371921603005,2.626915866182643,0.017630307826729148
demo_3289,150,1.0,0.2596090148389626,0.0017423423814695476,44.14198724401479,0.296254947946408,105.86300497507938,2.2961661540152742,0.015410511100773653
demo_329,150,0.0,0.021188340555020672,0.0001422036278860448,54.00855324396698,0.3624735117044764,168.65063747351948,2.5605377590672265,0.01718481717494783
demo_3290,150,0.0,0.04619802696250199,0.00031005387223155697,55.377605071155344,0.3716617790010426,89.87371562188781,2.152401808817895,0.014445649723610034
demo_3291,150,1.0,0.11806387036881834,0.0007923749689182439,46.249018326100746,0.31039609614832714,95.58952673052232,2.4127162953798567,0.01619272681462991
demo_3292,150,1.0,0.02746737874934824,0.00018434482382112912,54.779697914033996,0.3676489792888188,125.96861386938981,2.2346196207205753,0.014997447118930035
demo_3293,150,1.0,0.024245128718215478,0.00016271898468600993,50.68404864979332,0.34016140033418335,52.260910298923115,1.3726700986664706,0.009212550997761547
demo_3294,150,1.0,0.07541474846607128,0.0005061392514501428,59.65402250980554,0.400362567179903,103.23372726351988,1.9300905449179078,0.012953627818240991
demo_3295,150,1.0,0.0550720744376937,0.0003696112378368705,59.51952960693446,0.3994599302478823,92.80482384332909,1.9451234613127832,0.013054519874582438
demo_3296,150,0.0,0.011631574397238302,7.806425769958592e-05,63.218603544833954,0.42428592983110036,177.65262453538745,2.445716491427246,0.016414204640451315
demo_3297,150,0.0,0.2050184578174217,0.00137596280414377,58.67980890380501,0.3938242208309061,157.0826417161574,3.5005752716208924,0.023493793769267735
demo_3298,150,0.0,0.27246146809870103,0.001828600457038262,54.48640033532902,0.365680539163282,107.21157850015155,1.2216619930430832,0.008199073778812639
demo_3299,150,0.0,0.13830379400207227,0.0009282133825642434,50.76219197858857,0.3406858522052924,143.94855520161735,2.1177470182666256,0.014213067236688762
demo_33,150,0.0,0.07656913232318799,0.0005138867941153556,57.78087303515201,0.3877910941956511,188.64367084871296,2.019309267455202,0.013552411190974509
demo_330,150,0.0,0.009271527532749894,6.222501699832143e-05,63.094173749770725,0.42345083053537397,174.7992992746706,2.7035230569121897,0.018144450046390537
demo_3300,150,0.0,0.022510419101624435,0.0001510766382659358,58.379718022917615,0.39181018807327256,149.4533175115375,1.779273055626935,0.011941429903536476
demo_3301,150,1.0,0.114663559616606,0.0007695540913866174,50.07220268584486,0.33605505158285137,112.84051293382373,2.3680494926442215,0.01589294961506189
demo_3302,150,1.0,0.10024193951212342,0.0006727646947122377,47.59022972519084,0.3193975149341667,123.77569337755163,2.498793414317711,0.016770425599447723
demo_3303,150,0.0,0.07622119348490042,0.0005115516341268484,41.808076055816706,0.2805911144685685,64.35189412398864,0.8817872009768938,0.005918034905885193
demo_3304,150,1.0,0.046734955221940905,0.0003136574175969188,56.605653568039315,0.3799037152217404,109.43814395216752,2.186510332355171,0.01467456598896088
demo_3305,150,1.0,0.14820939079123666,0.0009946938979277628,52.85707374551873,0.35474546137932034,65.83221507482129,2.119334364697092,0.014223720568436859
demo_3306,150,1.0,0.08727868061218517,0.0005857629571287596,47.08578808757621,0.3160120005877598,79.846074212373,1.8107932780861378,0.012152975020712335
demo_3307,150,1.0,0.13240630931376976,0.0008886329484145621,46.679393257822376,0.313284518508875,98.93777969033239,2.183140463977886,0.014651949422670377
demo_3308,150,0.0,0.061739326858860605,0.0004143578983816148,45.794720346850106,0.3073471164218128,78.42094466620674,1.6270267046687508,0.010919642313213093
demo_3309,150,0.0,0.019412349046974166,0.00013028422179177292,54.60597170813806,0.36648303159824197,180.19555914352492,1.9785389825713393,0.013278785117928451
demo_331,150,0.0,0.01580047214406571,0.0001060434372084947,55.19047484516932,0.3704058714440894,152.6095750245969,2.4149472210411664,0.016207699470074943
demo_3310,150,1.0,0.018067134057709194,0.00012125593327321606,53.028403630691884,0.35589532638048244,111.8603467352265,2.2408885873486417,0.015039520720460683
demo_3311,150,1.0,0.010737430356669447,7.20632909843587e-05,61.17026458229238,0.41053868847176095,74.80462504581327,2.0313909329262936,0.013633496194136199
demo_3312,150,0.0,0.019010145435243795,0.00012758486869291136,59.750250895751726,0.4010083952735015,164.73908596371012,2.5407933487936845,0.01705230435432003
demo_3313,150,1.0,0.024035930349947075,0.0001613149687915911,54.558408511276824,0.366163815511925,78.70604774913514,2.084340912805649,0.013988865186615093
demo_3314,150,1.0,0.053014666268424264,0.00035580312931828364,43.851231227731745,0.29430356528679025,81.91776547421246,2.031114703631513,0.013631642306251766
demo_3315,150,1.0,0.06635658797020308,0.0004453462279879401,48.04101351679414,0.32242290950868546,79.20056979761029,2.0510061580204386,0.013765142000137173
demo_3316,150,1.0,0.11195399542978882,0.0007513690968442202,38.8349029973609,0.26063693286819395,94.59344917540113,1.8412131256115207,0.01235713507121826
demo_3317,150,1.0,0.035003942035648085,0.0002349257854741482,63.95777399753616,0.4292468053525917,66.51117661549296,1.6683237824430641,0.011196803909013854
demo_3318,150,1.0,0.039722780339779516,0.0002665958412065739,48.93100784289381,0.3283960257912336,106.9936035553565,2.1374355647982966,0.014345205132874473
demo_3319,150,0.0,0.04351983660020393,0.00029207944026982504,65.16755027745296,0.43736610924465075,124.37985643563755,1.8952013469393176,0.012719472127109515
demo_332,150,0.0,0.022807389701895987,0.00015306972954292608,61.42080974336966,0.4122201996199306,160.21621453267696,2.358207777440057,0.015826897835168167
demo_3320,150,1.0,0.11999768970088746,0.0008053536221536071,48.90926173178293,0.3282500787367982,92.48503963484629,2.1616447429184906,0.014507682838379131
demo_3321,150,1.0,0.03191960815280623,0.00021422555807252503,48.87100209262287,0.3279933026350528,72.38923128599282,1.5194349482356855,0.010197549988158963
demo_3322,150,0.0,0.09616321827918367,0.0006453907267059307,67.23002317610329,0.4512082092355925,124.56146216380421,2.0407527439586106,0.013696327140661817
demo_3323,150,1.0,0.13218618716981728,0.0008871556185893777,48.8515054242157,0.3278624525115148,91.24115355782864,2.1467754832212904,0.014407889149136177
demo_3324,150,1.0,0.26252309742445246,0.001761899982714446,52.93966170433839,0.35529974298213685,105.39888407262427,2.542642810947965,0.017064716851999766
demo_3325,150,0.0,0.022979283619331128,0.00015422337999551093,45.06190437827124,0.3024288884447734,94.45452248216759,1.4368494125738338,0.009643284648146535
demo_3326,150,0.0,0.0784541820793847,0.0005265381347609712,49.879539854820074,0.3347620124484569,151.33827238901034,2.2368035298658437,0.015012104227287541
demo_3327,150,1.0,0.22445162360803164,0.0015063867356243734,55.91452496933055,0.37526526825054063,161.7574797956108,2.900391299933636,0.019465713422373396
demo_3328,150,0.0,0.019668770407349635,0.00013200517051912506,54.591893344043775,0.3663885459331797,205.1163994913885,2.1251611184044434,0.014262826298016399
demo_3329,150,0.0,0.02203303191192434,0.00014787269739546536,50.93767168277101,0.34186356834074505,104.75979849761252,1.3146344072541654,0.008823049713115204
demo_333,150,0.0,0.019064436586152162,0.000127949238833236,55.3207411493624,0.3712801419420295,162.92208781513241,2.0544619047755877,0.013788334931379783
demo_3330,150,0.0,0.07960651294528225,0.0005342718989616259,45.08364615270651,0.3025748063940034,127.08855930253065,3.0212930461887177,0.020277134538179312
demo_3331,150,1.0,0.0712560413760282,0.0004782284656109275,41.81534973769512,0.28063993112547064,93.75943581985116,2.625883964386821,0.017623382311320948
demo_3332,150,0.0,0.019855550366246963,0.00013325872729024808,59.22874430018091,0.39750835100792553,199.10165758817308,2.126093900650538,0.014269086581547236
demo_3333,150,0.0,0.02624320083846503,0.00017612886468768477,48.05087270279454,0.32248907854224523,184.20661080086575,2.1304940974343856,0.01429861810358648
demo_3334,150,0.0,0.07103051978185566,0.0004767148978648031,57.35352636988099,0.38492299577101335,116.245451924297,1.9616915284234135,0.013165714955861836
demo_3335,150,1.0,0.06878587550857361,0.0004616501711984806,51.002160099845355,0.3422963765090292,79.07192927676189,2.3753553899938993,0.01594198248318053
demo_3336,150,1.0,0.04563320513432604,0.0003062631217068862,45.65047988857964,0.3063790596548969,78.92563181478222,2.654121871084985,0.017812898463657616
demo_3337,150,1.0,0.044751423304714155,0.00030034512285043055,48.18570638843522,0.3233940026069478,74.86453030141841,2.0438559433560766,0.013717153982255547
demo_3338,150,0.0,0.005196742729808526,3.487746798529212e-05,43.57599028495021,0.2924563106372497,186.40784736495752,2.286448931999849,0.01534529484563657
demo_3339,150,0.0,0.09063078295980084,0.000608260288320811,55.44553888476111,0.37211771063598065,78.76847713564463,1.154958285889395,0.007751397891875134
demo_334,150,0.0,0.006079873043336045,4.080451706936943e-05,53.203757971059055,0.35707220114804733,142.3572458819605,2.888988031205095,0.01938918141748386
demo_3340,150,1.0,0.0424507084364174,0.0002849040834658886,73.88591146829322,0.49587860045834375,77.05909791803994,2.5876209760534046,0.017366583731902044
demo_3341,150,0.0,0.037880820859302965,0.0002542336970423018,51.48266800997644,0.34552126181192244,96.16535823529233,1.3455780032813145,0.00903072485423701
demo_3342,150,1.0,0.12406481104530982,0.0008326497385591264,51.255781036773726,0.3439985304481458,105.79387549427065,1.8600791900113667,0.01248375295309642
demo_3343,150,1.0,0.10923078215410295,0.0007330924976785433,52.07152694296122,0.3494733351876592,86.44021263462783,2.245963202358703,0.015073578539320153
demo_3344,150,0.0,0.0820243607920916,0.0005504990657187357,56.34454929308627,0.37815133753749175,176.5584083089809,1.9520159698982633,0.013100778321464855
demo_3345,150,0.0,0.03541967307996984,0.00023771592671120698,60.38044624966784,0.4052378942930728,149.8926698432564,2.5453488214287994,0.017082877996166437
demo_3346,150,1.0,0.07800865745952434,0.000523548036641103,46.80654284955508,0.314137871473524,125.04495037969897,2.2374754602417646,0.015016613827125937
demo_3347,150,0.0,0.033338273320343205,0.00022374680080767252,44.66130394180027,0.2997402949114112,108.64883449531412,2.576242071031096,0.017290215241819434
demo_3348,150,0.0,0.09619897977418201,0.0006456307367394766,44.08568129298548,0.2958770556576206,158.77396860701057,2.3511607167822715,0.015779602126055513
demo_3349,150,1.0,0.09571642346041623,0.0006423921037611828,55.170265551333216,0.37027023859955177,61.101169569717186,1.825416374239221,0.012251116605632356
demo_335,150,0.0,0.03940621965538072,0.00026447127285490415,53.94485816344765,0.36204602794260166,174.62051010049854,2.756998191697925,0.018503343568442448
demo_3350,150,0.0,0.05266519608640672,0.00035345769185507865,66.59737616299616,0.44696225612749096,125.96477644839455,1.3354573425441976,0.008962800956672467
demo_3351,150,0.0,0.0650050969323424,0.0004362758183378684,47.26834930063382,0.31723724362841493,84.14481390223793,1.2317193791856476,0.008266573014668776
demo_3352,150,0.0,0.1484318418746679,0.0009961868582192477,59.17823423814711,0.39716935730300074,152.3353891981738,2.6947315457986267,0.018085446616098167
demo_3353,150,1.0,0.2615822669010713,0.0017555856838998073,41.33223025324128,0.2773975184781294,78.39446215210478,1.6433413259936287,0.011029136416064622
demo_3354,150,0.0,0.016848320387426736,0.00011307597575454186,68.2367271519141,0.4579646117578127,176.51257985887406,1.9673248530028493,0.013203522503374828
demo_3355,150,0.0,0.02220936102446981,0.00014905611425818663,59.0766709358093,0.3964877244014047,182.50942669047646,2.024744087247727,0.013588886491595483
demo_3356,150,1.0,0.055453521372906094,0.0003721712843819201,55.662426267314004,0.3735733306531141,113.46330083999347,2.173742224058071,0.01458887398696692
demo_3357,150,1.0,0.035671512564409896,0.000239406124593355,45.73918324173467,0.30697438417271594,100.42099856874277,2.2273760562309004,0.014948832592153695
demo_3358,150,1.0,0.023525605887590704,0.00015788997239993762,66.2994777622884,0.4449629380019356,71.89165336091715,1.8896406827638483,0.012682152233314418
demo_3359,150,1.0,0.03229412405125254,0.00021673908759229892,57.236661389052905,0.38413866704062355,56.86485942231203,1.6371461077475293,0.010987557770117647
demo_336,150,0.0,0.015009896853396217,0.00010073756277447125,42.72010709121691,0.28671212812897257,133.01898021705836,2.974897206044412,0.019965753060700753
demo_3360,150,1.0,0.10540938619677793,0.0007074455449448183,51.82356955400536,0.34780919163761986,106.99500014584981,2.350368967402942,0.015774288371831827
demo_3361,150,1.0,0.05996509529766286,0.00040245030401116016,44.05759954775557,0.2956885875688293,96.89171655237739,2.103439965032444,0.014117046745184188
demo_3362,150,1.0,0.013435385726856973,9.01703740057515e-05,51.66177052609123,0.34672329212141767,70.0105157969111,1.5275425868273151,0.01025196366998198
demo_3363,150,1.0,0.1097955205450038,0.000736882688221502,52.83391456951431,0.3545900306678813,83.61526048375147,1.7200457509574054,0.011543931214479232
demo_3364,150,0.0,0.17420464034665337,0.0011691586600446535,53.24680369462043,0.35736109862161364,76.57689655756569,2.7335907754691777,0.01834624681522938
demo_3365,150,1.0,0.10994319256438707,0.0007378737755999133,50.86728056378917,0.34139114472341725,85.71328633295367,2.021389477597103,0.013566372332866462
demo_3366,150,0.0,0.02373828598237165,0.0001593173555863869,54.30970300908859,0.3644946510677086,187.67056830750494,2.108041185512395,0.014147927419546274
demo_3367,150,0.0,0.08358870224480379,0.0005609980016429784,47.71149267978331,0.3202113602670021,100.26893681201636,1.9832239111377015,0.013310227591528197
demo_3368,150,0.0,0.0778136626050801,0.0005222393463428195,64.41536504534636,0.43231788621037825,147.41654897405007,2.645412639969295,0.017754447248116076
demo_3369,150,0.0,0.1001510934794341,0.0006721549897948597,53.37007978863972,0.35818845495731355,121.1250726455241,2.3029354444746915,0.015455942580367057
demo_337,150,0.0,0.02328324124435021,0.00015626336405604168,47.159042610240455,0.31650364167946615,148.25293563572734,2.415963099837892,0.016214517448576455
demo_3370,150,1.0,0.009800523738798646,6.577532710603119e-05,54.36504758736969,0.3648660911904006,66.46825166333896,1.5216547130008928,0.010212447738261026
demo_3371,150,1.0,0.12747730295715368,0.0008555523688399576,46.62444655880262,0.3129157487167961,96.8383431901791,1.7351359429100612,0.011645207670537323
demo_3372,150,0.0,0.13257848683130186,0.0008897885022235023,64.01685127091947,0.42964329712026494,94.43505543987332,2.395893889423022,0.016079824761228337
demo_3373,150,1.0,0.1400099445794788,0.0009396640575803945,47.19492112611065,0.31674443708799094,67.5341254216357,1.6293919889021156,0.010935516704041044
demo_3374,150,1.0,0.033866928666382544,0.00022729482326431236,54.75391142759578,0.3674759156214482,62.83988109765479,2.0359740609637664,0.013664255442709841
demo_3375,150,1.0,0.11850059435346404,0.0007953060023722419,41.075105599012176,0.27567184965779984,134.12136242844855,2.4781084584648854,0.01663160039238178
demo_3376,150,0.0,0.07536950424745133,0.0005058355989761834,54.53163370324656,0.3659841188137353,112.99315519140016,1.4490160328855053,0.009724939818023526
demo_3377,150,0.0,0.20951664899655445,0.0014061520066882848,54.07530765802849,0.3629215279062315,109.35467306377325,1.71926305760066,0.011538678238930605
demo_3378,150,1.0,0.04106074445885785,0.00027557546616683123,49.31004579540872,0.3309399046671726,81.2102979500778,1.5977956793843706,0.010723460935465575
demo_3379,150,0.0,0.1252699378132005,0.0008407378376724866,47.860357819609625,0.3212104551651653,120.47831591007242,2.160778324373931,0.014501867948818328
demo_338,150,0.0,0.010474877019068091,7.030118804743685e-05,48.34774550936051,0.32448151348564097,159.72658448304946,2.4722914886727665,0.016592560326662863
demo_3380,150,1.0,0.21365846279161904,0.0014339494147088527,47.19152881590605,0.31672166990540973,87.55027846188713,2.047107142014401,0.013738974107479202
demo_3381,150,0.0,0.019889365541181116,0.00013348567477302763,48.566693213152604,0.325950961162098,179.57362965333436,2.0337163643491314,0.013649103116437123
demo_3382,150,1.0,0.09930808742081165,0.0006664972310121588,63.87208113635375,0.42867168547888423,80.8999920324488,2.0920322053074636,0.01404048459937895
demo_3383,150,1.0,0.02233218503223321,0.00014988043645794102,50.33887869332255,0.3378448234451178,69.65674879114023,2.168907543176021,0.014556426464268597
demo_3384,150,1.0,0.1941388922904267,0.0013029455858417898,47.77628392926355,0.3206462008675406,74.3959296291115,1.989816932908476,0.01335447605978843
demo_3385,150,0.0,0.07339667209321159,0.0004925951147195408,49.65788307696994,0.3332743830669123,131.39852988744764,2.288877749342691,0.015361595633172421
demo_3386,150,0.0,0.07051541845470473,0.0004732578419778841,65.23667069670518,0.4378300046758737,97.9156595887961,1.7983428950106033,0.012069415402755726
demo_3387,150,1.0,0.03948604310124134,0.0002650070006794721,44.30453913162154,0.29734590021222507,60.390450549072476,1.704343647426859,0.011438547969307778
demo_3388,150,0.0,0.0823148240300085,0.0005524484834228758,44.80972792944414,0.3007364290566721,95.5838840155086,1.7771314116414718,0.01192705645396961
demo_3389,150,0.0,0.02528967692061866,0.0001697293753061655,54.309347383728294,0.3644922643203241,188.98714380689094,2.0397744243683054,0.013689761237371176
demo_339,150,0.0,0.026990864431722255,0.00018114674115249835,64.11711180111651,0.4303161865846746,131.05022043963575,2.899032982808708,0.01945659720005844
demo_3390,150,1.0,0.05624094043911787,0.0003774559761014622,52.64448396812891,0.35331868434985847,107.13945794110425,1.9873617951765987,0.013337998625346301
demo_3391,150,0.0,0.0800904308542674,0.0005375196701628684,50.679837064155706,0.3401331346587631,143.94090393595798,1.5204372396071286,0.01020427677588677
demo_3392,150,0.0,0.021750790312989217,0.0001459784584764377,55.446172390741424,0.37212196235396927,169.5340909187103,1.9557529017596265,0.01312585840107132
demo_3393,150,1.0,0.09299810706976497,0.0006241483695957381,48.63476407618629,0.3264078125918543,104.30246444317427,2.0076834839258684,0.013474385798160191
demo_3394,150,0.0,0.02950209583651276,0.0001980006431980722,59.40219990482777,0.3986724825827367,182.88072679267165,2.2371451938301625,0.015014397274027936
demo_3395,150,0.0,0.10863708051489782,0.0007291079229187773,53.05346957786813,0.35606355421388003,105.12991734996099,2.573510224485934,0.01727188070124788
demo_3396,150,0.0,0.0737574628218388,0.0004950165290056296,50.50443716162511,0.3389559541048665,59.86291225262896,1.1006466409560898,0.0073868902077589916
demo_3397,150,1.0,0.057814945274043565,0.0003880197669398897,55.240121641208,0.37073907141750334,58.81194194163511,1.558570169416071,0.01046020247930249
demo_3398,150,1.0,0.038251202229417254,0.00025671947804978024,59.53920968386564,0.3995920113011117,89.57650599787797,1.9907387967991084,0.013360663065765829
demo_3399,150,1.0,0.02877838582788327,0.00019314352904619645,51.36668681096236,0.3447428645031031,132.87420136580755,2.6376250061779754,0.017702181249516613
demo_34,150,0.0,0.012842181074617012,8.618913472897323e-05,66.485759824875,0.44621315318708055,171.5986277381698,2.36501491246746,0.01587258330515074
demo_340,150,0.0,0.012392397408370306,8.317045240516984e-05,48.64566771981992,0.32648099140818737,152.66430829931838,2.197036716631701,0.014745212863300005
demo_3400,150,0.0,0.18575000127909244,0.0012466443038865265,52.19662074145522,0.3503128908822498,143.94609230586468,2.3996076925868692,0.016104749614676974
demo_3401,150,1.0,0.05953561728845421,0.00039956790126479335,43.49094064272865,0.2918855076693198,90.84990706265924,1.8761341484563974,0.012591504352056358
demo_3402,150,1.0,0.07955327734911088,0.0005339146130812811,45.862694548569195,0.30780331911791403,63.02348803399834,1.5979829275654798,0.01072471763466765
demo_3403,150,1.0,0.04553924357863398,0.00030563250723915423,52.54020740579658,0.35261884164964147,95.53022158444249,2.2438949399350996,0.015059697583457043
demo_3404,150,1.0,0.05984299095774539,0.00040163081179694893,53.52751276561573,0.3592450521182264,51.686043415551474,1.8534357043878777,0.012439165801260924
demo_3405,150,1.0,0.04031246348960647,0.00027055344623896964,50.544347242080256,0.3392238069938272,76.05354089613743,1.9518056334531482,0.013099366667470793
demo_3406,150,1.0,0.11906808829774311,0.0007991146865620343,55.6083115974459,0.3732101449493013,112.47143612872848,2.3900145175606964,0.016040365889669103
demo_3407,150,1.0,0.036315965244950184,0.00024373131036879318,58.69443254865129,0.3939223660983308,72.32113788863226,2.161261919381882,0.014505113552898536
demo_3408,150,1.0,0.03782871261969605,0.00025388397731339633,51.261768547554524,0.34403871508425854,93.68527026236963,1.7812768063408553,0.01195487789490507
demo_3409,150,0.0,0.017789298821101883,0.00011939126725571734,42.817461334771075,0.28736551231389984,200.6310748044745,2.1356747153982556,0.014333387351666145
demo_341,150,0.0,0.016628055019685742,0.00011159768469587746,69.67240750534731,0.46760005037145846,138.8045231632659,2.3923623654425166,0.016056123258003468
demo_3410,150,0.0,0.0798265045347704,0.0005357483525823517,54.48948509975489,0.36570124228023415,84.15498743563866,1.6078433937449859,0.010790895260033462
demo_3411,150,1.0,0.03603069175367223,0.00024181672317900827,52.645120649238834,0.35332295737744185,64.1755916557143,1.815674756892699,0.012185736623440933
demo_3412,150,0.0,0.33422211440186816,0.0022431014389387126,46.92365588101448,0.3149238649732516,117.59614358462734,1.9779703779523405,0.01327496897954591
demo_3413,150,1.0,0.011972416743363969,8.035179022391925e-05,53.68351473569745,0.36029204520602315,54.19411683615177,1.6935063782822284,0.011365814619343814
demo_3414,150,1.0,0.029754653608075565,0.00019969566179916487,55.35085219659885,0.37148222950737486,70.67910559665845,1.7635447434376181,0.011835870761326295
demo_3415,150,1.0,0.12115095475713678,0.0008130936560881663,50.688211615195385,0.3401893396992979,70.71142368425824,1.8447416049512044,0.01238081614061211
demo_3416,150,1.0,0.22983234555404802,0.0015424989634499867,59.13826340167957,0.3969010966555676,94.50001660705047,2.0369974408832343,0.01367112376431701
demo_3417,150,1.0,0.05056880575025075,0.00033938795805537415,60.58119868473839,0.4065852260720697,71.63860418649334,1.7009816618053923,0.01141598430741874
demo_3418,150,1.0,0.2136400971127882,0.001433826155119384,42.893212124964165,0.28787390687895414,101.40370810854085,2.1578723671538045,0.014482364880226875
demo_3419,150,1.0,0.038793262858713644,0.00026035746885042714,51.8538983299588,0.3480127404695222,81.73614480360989,1.8782345481446567,0.012605600994259442
demo_342,150,0.0,0.018906283638851513,0.00012688780965672156,37.17319185312933,0.2494845090814049,147.26438793480847,3.111564549040955,0.020882983550610437
demo_3420,150,1.0,0.010859394952036425,7.28818453156807e-05,35.3574090002464,0.23729804698151946,96.25273167940749,1.9181804512606528,0.01287369430376277
demo_3421,150,1.0,0.04353930250229899,0.0002922100839080469,50.757472675895,0.3406541790328524,62.07252032232819,1.6977676175160001,0.01139441354037584
demo_3422,150,1.0,0.02616332888577557,0.00017559281131393001,62.388151543051684,0.4187124264634341,89.81070770519139,2.119051231370191,0.014221820344766382
demo_3423,150,1.0,0.06809628539415372,0.00045702204962519275,62.52162002524886,0.41960818808891853,160.74178037232838,2.194087454655436,0.014725419158761317
demo_3424,150,1.0,0.015267214226120056,0.00010246452500751716,48.30670039901085,0.32420604294638156,76.84186610825991,1.4638476572235195,0.009824480920963219
demo_3425,150,1.0,0.024189700642798753,0.0001623469841798574,48.75202989624834,0.3271948315184452,60.269940692475394,1.4416244616598943,0.009675331957448956
demo_3426,150,1.0,0.08457419266377156,0.0005676120313004802,48.05820429923953,0.3225382838875136,55.8796936986717,1.8236532182668266,0.012239283344072661
demo_3427,150,1.0,0.08581383074883098,0.0005759317499921542,45.983834995319604,0.30861634225046713,62.520993928036354,1.782950839025187,0.011966113013591859
demo_3428,150,0.0,0.0439852265608172,0.0002952028628242765,52.97458369336299,0.3555341187474026,102.9859853378049,2.7514544684220255,0.0184661373719599
demo_3429,150,1.0,0.0210767461058222,0.0001414546718511557,38.638927080926955,0.25932165826125475,54.15031130492243,1.4288210358463171,0.009589402925143068
demo_343,150,0.0,0.01669951268534398,0.00011207726634459047,53.61726034015415,0.3598473848332493,158.1197735324883,2.5346535754152497,0.017011097821578856
demo_3430,150,0.0,0.058645679702875514,0.0003935951657911108,55.217955939740484,0.37059030832040596,87.38596817594849,1.1056944004877072,0.007420767788508102
demo_3431,150,1.0,0.016315478256548232,0.0001094998540707935,47.982861852240795,0.3220326298808107,57.05745330431347,2.184569740047662,0.01466154187951451
demo_3432,150,1.0,0.023705275129897826,0.000159095806240925,47.46532827466043,0.31855925016550624,99.47139169357469,1.7561276432052189,0.011786091565135697
demo_3433,150,1.0,0.025614303655752173,0.00017190807822652464,50.78775029657572,0.3408573845407767,74.0900090894185,1.781361457951808,0.011955446026522201
demo_3434,150,1.0,0.05455082500171502,0.00036611291947459746,55.664301630526104,0.37358591698339666,86.63739605210078,1.8357151779509189,0.012320236093630327
demo_3435,150,1.0,0.06002016742471532,0.0004028199156021162,52.146784539993526,0.3499784197315002,74.68182844265698,1.774340665248742,0.011908326612407663
demo_3436,150,1.0,0.02884136896388232,0.00019356623465692832,46.46202105053643,0.31182564463447265,57.73106387414144,2.074964636767543,0.013925937159513712
demo_3437,150,0.0,0.013599923650908875,9.127465537522735e-05,57.245450587401365,0.38419765494900243,205.19300881238604,2.1110754618859238,0.014168291690509555
demo_3438,150,0.0,0.025270765206286454,0.00016960245104890236,57.3219360345795,0.384710980097849,156.47033914318695,2.2220561600426674,0.014913128590890385
demo_3439,150,1.0,0.03131463688650069,0.00021016534823154826,59.089388936962365,0.3965730801138414,67.48309973482903,1.7336188288361893,0.011635025696887177
demo_344,150,0.0,0.011932983052849058,8.008713458287958e-05,46.90965937319806,0.31482992867918164,136.80997422783616,2.768569402974669,0.01858100270452798
demo_3440,150,0.0,0.07737464459273072,0.0005192929167297364,53.5803125112741,0.359599412827343,121.35766450290362,2.399357901779928,0.01610307316630824
demo_3441,150,1.0,0.03935073693396529,0.0002640989055970825,44.1864474372533,0.2965533385050557,62.77837632974182,1.9433456895518797,0.013042588520482415
demo_3442,150,1.0,0.06148145388026016,0.0004126272072500682,52.238536662434534,0.35059420578815126,85.62924896107684,2.064710434325784,0.01385711700889788
demo_3443,150,0.0,0.025118429969822356,0.00016858006691155943,58.2673696806375,0.39105617235327184,198.03385305111493,2.2478607359964737,0.015086313664405864
demo_3444,150,1.0,0.20107694124454378,0.0013495096727821731,41.666599491174466,0.27964160732331855,72.7763138246617,1.4016985367232833,0.009407372729686465
demo_3445,150,1.0,0.03303239073014339,0.0002216938975177409,62.942222923039736,0.42243102632912577,58.86023399321361,2.07085963000391,0.01389838677854973
demo_3446,150,0.0,0.1326614743533471,0.0008903454654587054,53.874213734563455,0.36157190425881514,93.63157985078324,2.542603927895244,0.01706445589191439
demo_3447,150,0.0,0.17444988849409618,0.0011708046207657462,40.08543045508781,0.26902973459790475,99.83645847189307,2.712606390586361,0.01820541201735813
demo_3448,150,1.0,0.12916660421350679,0.0008668899611644751,61.77326894470536,0.4145856976154722,76.68914754977668,2.0998263155360135,0.01409279406400009
demo_3449,150,0.0,0.07055331880673717,0.00047351220675662526,58.44852430187296,0.39227197518035545,155.24748306108725,2.605753357417991,0.0174882775665637
demo_345,150,0.0,0.01654157231389828,0.0001110172638516663,57.51208212834246,0.3859871283781373,146.22747612037534,2.9556155104299977,0.01983634570758388
demo_3450,150,1.0,0.11871374745965306,0.0007967365601318998,53.359952487491334,0.3581204864932304,63.30126802233466,1.8962381875965537,0.012726430789238616
demo_3451,150,0.0,0.030491970883529812,0.00020464409988946183,56.47995512517067,0.37906010151121255,170.37023559318635,2.3855838962401155,0.016010630176108157
demo_3452,150,1.0,0.08904484772118589,0.0005976164276589657,56.499327084737246,0.37919011466266606,108.29155606831375,2.236471566674167,0.015009876286403805
demo_3453,150,1.0,0.04221377769250184,0.0002833139442449788,42.01257914949726,0.2819636184530018,174.6848585966414,2.7941109087734617,0.0187524222065333
demo_3454,150,1.0,0.10394430490700522,0.0006976127846107733,50.38870551235912,0.33817923162657126,86.33387404218415,1.9739751496180116,0.013248155366563836
demo_3455,150,1.0,0.15317338006482553,0.001028009262180037,51.80011203983259,0.3476517586565946,71.57447013097617,2.138184257945751,0.014350229919098999
demo_3456,150,0.0,0.09388612282051219,0.0006301082068490751,49.74336288837355,0.3338480730763325,104.23113232377341,1.5857165420417494,0.010642392899609056
demo_3457,150,0.0,0.02015389078311572,0.00013526101196721958,51.550517032443075,0.3459766243788126,177.2742712952816,2.0145939506439694,0.013520764769422614
demo_3458,150,1.0,0.041652499328677386,0.00027954697536025094,43.07917198264185,0.289121959615046,70.61474585448335,1.9481572478699363,0.013074880858187492
demo_3459,150,0.0,0.010687695850538215,7.172950235260547e-05,52.498020761130945,0.35233570980624795,176.10724772820274,2.2977733102688105,0.015421297384354432
demo_346,150,0.0,0.009077164008657204,6.0920563816491304e-05,60.274020099236154,0.40452362482708826,125.1599640420754,2.280495651466076,0.015305339942725342
demo_3460,150,1.0,0.037012463914032276,0.00024840579808075355,46.45289514633378,0.31176439695526026,97.72412929344306,1.9060638321963026,0.012792374712726862
demo_3461,150,1.0,0.06546340385113497,0.00043935170369889244,50.597898099250706,0.3395832087198034,169.1376571056776,3.0598815680258875,0.02053611790621401
demo_3462,150,1.0,0.13772318370390854,0.0009243166691537486,51.56290337309796,0.3460597541818655,76.19642305620431,1.6478530334818642,0.011059416332093048
demo_3463,150,1.0,0.11960069251204868,0.0008026892114902595,58.77000737258084,0.39442957968175063,135.8571273795677,2.3023406118052394,0.015451950414800264
demo_3464,150,0.0,0.05147404266247336,0.0003454633735736467,50.92941303537796,0.3418081411770333,185.53571109935342,2.3857777228202557,0.0160119310256393
demo_3465,150,1.0,0.032802414906951925,0.00022015043561712702,47.76963227075518,0.3206015588641287,168.67675818959725,2.902843138799406,0.019482168716774537
demo_3466,150,1.0,0.026413192829200644,0.00017726975053154793,51.9025301024239,0.3483391282041873,56.39891109256776,1.7074324944069053,0.011459278485952384
demo_3467,150,1.0,0.03099967486742662,0.00020805150917735987,51.03395256899051,0.3425097487851712,81.81767258123018,1.4489387593549012,0.00972442120372417
demo_3468,150,1.0,0.17474698601862432,0.0011727985638833847,52.8681390867513,0.35481972541443824,93.21732945023565,2.153262339548649,0.01445142509764194
demo_3469,150,0.0,0.053679152894751676,0.00036026277110571593,58.78089309579586,0.39450263822681786,157.90909776249913,2.058550391406603,0.01381577443897049
demo_347,150,0.0,0.016634400224709564,0.00011164026996449372,57.104716992263995,0.38325313417626844,154.10242200193818,2.4273943771028725,0.01629123743022062
demo_3470,150,0.0,0.04753895827042441,0.0003190534112109021,45.396701287393036,0.3046758475663962,108.07191515830561,1.9928471184363068,0.013374812875411455
demo_3471,150,1.0,0.15129081035528383,0.0010153745661428445,48.72284424807757,0.3269989546850844,90.28773080424081,2.340904798340652,0.015710770458662093
demo_3472,150,1.0,0.11836304317625786,0.0007943828401091131,40.1094900291438,0.2691912082492872,61.85869284529707,1.6844401985258912,0.011304967775341552
demo_3473,150,1.0,0.09507855687937848,0.0006381111199958287,57.23916530395068,0.38415547183859516,84.18057243150652,2.11920101778391,0.014222825622710804
demo_3474,150,1.0,0.11642296098656107,0.000781362154272222,49.6448410589483,0.33318685274461946,67.63880605987379,1.828416226428789,0.012271249841803954
demo_3475,150,1.0,0.010858611987045023,7.28765905170807e-05,47.1763507217732,0.31661980350183355,77.31020553485412,1.70229148594284,0.01142477507344188
demo_3476,150,0.0,0.019728849696799645,0.00013240838722684327,48.1767795896268,0.32333409120554896,90.49922780718195,1.4880411271701144,0.009986853202483988
demo_3477,150,1.0,0.03159324105960996,0.0002120351748967111,46.548219686236955,0.31240415896803325,77.68822337965521,1.7805550147892912,0.011950033656303968
demo_3478,150,0.0,0.01967912800339434,0.00013207468458653921,61.834352724171296,0.41499565586692144,163.22719624007337,1.8487498276624248,0.012407716964177348
demo_3479,150,1.0,0.03529518590814756,0.0002368804423365608,52.9343290367974,0.35526395326709664,79.06472282510268,1.7660107242105305,0.011852420967855909
demo_348,150,0.0,0.01782568527575128,0.00011963547164933745,54.879719303283565,0.3683202637804266,145.6544881685918,2.748666349978593,0.018447425167641564
demo_3480,150,1.0,0.0746620227791994,0.0005010874012026804,44.82798252653694,0.30085894313112044,55.64134344785267,1.3466085807476706,0.00903764148152799
demo_3481,150,1.0,0.11646421515864216,0.0007816390279103501,51.366156726528935,0.3447393068894559,82.66593868042341,1.8871288514368105,0.012665294304945037
demo_3482,150,0.0,0.13256442345026634,0.0008896941171158815,50.4621504650191,0.3386721507719403,158.08011863609232,1.7827152814082545,0.011964532089988286
demo_3483,150,1.0,0.02573542768824757,0.0001727209911962924,52.799781660579875,0.3543609507421468,90.36475172546422,1.964730210808264,0.0131861087973709
demo_3484,150,0.0,0.11541117055813926,0.0007745716144841561,66.5497125146163,0.4466423658699081,92.37157938859984,2.925040613555776,0.019631145057421317
demo_3485,150,0.0,0.01977163405605591,0.00013269553057755645,53.17815819969818,0.35690039060200124,172.23067772379787,2.0360581383265095,0.013664819720312145
demo_3486,150,1.0,0.04042387967107065,0.00027130120584611175,42.83082113053274,0.28745517537270293,105.5293841478477,1.996607037734858,0.013400047233119852
demo_3487,150,1.0,0.0809752022101021,0.0005434577329537053,52.55139842842462,0.35269394918405783,79.0976125978497,2.151682222338993,0.014440820284154316
demo_3488,150,1.0,0.06747510520988237,0.00045285305509988166,51.0560686155114,0.3426581786275933,69.9127611559461,2.263566395658221,0.01519172077622967
demo_3489,150,1.0,0.21503178503466805,0.0014431663425145506,51.21797493399887,0.3437447982147575,65.35049983190554,1.62506721090279,0.010906491348340873
demo_349,150,0.0,0.00740726693616968,4.971320091389047e-05,61.1838188240676,0.41062965653736644,142.9671162968815,2.9411114395199043,0.019739002949798017
demo_3490,150,1.0,0.02681256587326951,0.00017995010653201014,49.896405795751726,0.3348752066828975,123.84501054897838,2.0506223501872034,0.013762566108638949
demo_3491,150,1.0,0.15091251938506012,0.0010128357005708734,61.82137590555488,0.4149085631245294,98.26321902223555,2.582231989438899,0.017330416036502677
demo_3492,150,1.0,0.027914723378638633,0.0001873471367693868,59.78169993771077,0.4012194626691998,95.36048958255861,2.081252161573264,0.013968135312572244
demo_3493,150,0.0,0.023772051406469895,0.0001595439691709389,54.54437714218196,0.36606964524954333,175.8638977567597,2.2869507249392615,0.015348662583484976
demo_3494,150,1.0,0.04968857710085651,0.0003334803832272249,49.289590974625895,0.3308026239907778,75.05852328819573,2.155087364750684,0.014463673588930763
demo_3495,150,0.0,0.019333453902834547,0.00012975472418009763,53.95554867110361,0.36211777631613157,124.95418281586909,1.8459669115913262,0.012389039675109572
demo_3496,150,0.0,0.09366545791385922,0.0006286272343212028,52.63351353898945,0.353245057308654,140.40990242867704,2.385705327674374,0.016011445152177006
demo_3497,150,0.0,0.07355872939848071,0.0004936827476408101,67.59003392111126,0.45362438873229033,109.75099286265062,1.9236877504012342,0.012910656042961302
demo_3498,150,0.0,0.09700774058064729,0.0006510586616150825,50.20756375161255,0.3369635151114936,134.70276097080534,2.114666537399005,0.014192392868449697
demo_3499,150,0.0,0.057150039838901975,0.0003835573143550468,50.561894086404074,0.33934157104969176,132.46988191245129,2.1775687628574554,0.014614555455419164
demo_35,150,0.0,0.05988332282783528,0.0004019014954888274,66.01418909272915,0.44304824894449096,165.86673542902795,2.1956754485819103,0.014736076836120203
demo_350,150,0.0,0.019585590252389477,0.00013144691444556697,65.10340119582041,0.436935578495439,157.9750107821259,2.5014604849877067,0.01678832540260206
demo_3500,150,1.0,0.025671723859322093,0.00017229344872028251,43.30244384761645,0.290620428507493,65.03773417901319,1.5220300977920032,0.010214967099275189
demo_3501,150,0.0,0.022827944996762647,0.0001532076845420312,57.458396678687684,0.3856268233468972,120.06233386383137,1.6963920753220743,0.011385181713570967
demo_3502,150,0.0,0.017787525294826603,0.00011937936439480941,52.829410810748094,0.35455980409898047,145.6566481660602,1.9519165491930919,0.013100111068410013
demo_3503,150,1.0,0.021255283021087663,0.0001426529061817964,52.73287147138036,0.35391188906966686,65.47708645491669,1.459241273519179,0.009793565594088451
demo_3504,150,1.0,0.07086168982972763,0.0004755818109377693,58.30869471329796,0.3913335215657581,84.49983369202877,2.231303180448112,0.014975189130524242
demo_3505,150,1.0,0.2675929909205582,0.0017959261135607934,55.682819601210134,0.3737101986658398,70.93050921599318,2.2930824170482063,0.015389814879518163
demo_3506,150,0.0,0.09530725461109994,0.0006396460041013419,47.74084335413801,0.3204083446586444,116.60426480091898,2.447954485606204,0.016429224735612105
demo_3507,150,1.0,0.05157342060890237,0.0003461303396570629,46.75254160109691,0.3137754469872276,73.13504109125698,1.9968906178694303,0.013401950455499533
demo_3508,150,1.0,0.10166805928203444,0.0006823359683358016,47.069798935386025,0.31590469084151696,88.88305149463577,2.15313044909208,0.014450539926792483
demo_3509,150,1.0,0.17648495800359537,0.0011844628053932576,51.09644900514954,0.3429291879540237,66.81299909942689,2.261853534246248,0.015180225062055356
demo_351,150,0.0,0.01824837179454708,0.00012247229392313476,55.50570056599276,0.37252148030867627,151.6900270652987,2.8943314884254177,0.019425043546479313
demo_3510,150,1.0,0.05231119295424945,0.0003510818319077144,57.2497546690027,0.3842265414027027,90.34031456661926,1.7668174736201818,0.011857835393424039
demo_3511,150,1.0,0.052203405289736125,0.0003503584247633297,49.502291022182604,0.3322301410884739,72.44213240169456,2.1728554496069212,0.014582922480583365
demo_3512,150,1.0,0.22439399005602112,0.0015059999332618867,60.25966555634608,0.4044272856130609,97.52067001715186,1.9425581704464665,0.013037303157358836
demo_3513,150,0.0,0.1821933174180684,0.0012227739424031437,50.6715642297377,0.3400776122801188,132.87727809648106,2.4727659516380953,0.01659574464186641
demo_3514,150,1.0,0.056953997605522895,0.0003822415946679389,45.2007882681938,0.30336099508854897,100.78513219564796,2.4466334758076727,0.01642035889803807
demo_3515,150,0.0,0.08966018591421926,0.000601746214189391,46.28162809292458,0.3106149536437891,73.31227576078102,1.621015690927805,0.010879299939112786
demo_3516,150,1.0,0.17247480004787916,0.0011575489936099272,51.57642818785992,0.3461505247507377,116.17732290557362,2.1505451372885416,0.014433188840862695
demo_3517,150,1.0,0.04148868468569424,0.00027844754822613585,64.9767718605013,0.4360857171845725,66.6107123527621,1.9607897790319206,0.013159662946522958
demo_3518,150,1.0,0.025093718098795872,0.0001684142154281602,47.47046939641331,0.31859375433834436,74.8184424234476,1.9977215330552083,0.01340752706748462
demo_3519,150,1.0,0.11051415223062003,0.0007417057196685908,49.181007155753086,0.3300738735285442,103.91998495612536,2.4359190890570197,0.01634845026212765
demo_352,150,0.0,0.011672464763079763,7.833868968509908e-05,65.07968181259825,0.43677638800401514,110.6422038028041,2.1000040271258102,0.014093986759233627
demo_3520,150,1.0,0.02444694952869548,0.0001640734867697683,67.53048770775479,0.4532247497164751,79.87964339718276,1.9452922822400542,0.01305565290093996
demo_3521,150,0.0,0.06110683702331756,0.00041011300015649367,49.21588778607541,0.3303079717186269,69.24586123888278,1.7176112524491762,0.01152759229831662
demo_3522,150,1.0,0.23246705201423148,0.0015601815571424933,47.315928581425965,0.31755656766057694,78.74971864831724,2.4005761434018633,0.016111249284576263
demo_3523,150,1.0,0.02576797435385975,0.0001729394251936896,45.683412613688056,0.30660008465562455,75.30884609227893,1.7303653927810445,0.01161319055557748
demo_3524,150,1.0,0.034728409523548616,0.00023307657398354776,56.2716750773741,0.3776622488414369,62.11771172574948,1.7544304850409818,0.011774701241885784
demo_3525,150,1.0,0.013769588927639121,9.24133485076451e-05,44.980592715499924,0.30188317258724784,61.65705343255197,1.5960270843325048,0.01071159117001681
demo_3526,150,1.0,0.18231128439021768,0.0012235656670484408,58.465029088732585,0.3923827455619637,124.02492905016194,2.1942517546614986,0.014726521843365762
demo_3527,150,0.0,0.118404967033916,0.0007946642082813154,39.58420654535711,0.26566581574065173,99.37145651863185,1.2503666693399633,0.008391722613019887
demo_3528,150,1.0,0.024398918360836633,0.0001637511299385009,48.63950618402375,0.3264396388189513,67.71640308584712,1.9328908458043068,0.012972421783921523
demo_3529,150,1.0,0.041086685191635754,0.00027574956504453524,60.42177143092,0.40551524450281884,56.92749432394813,1.7046638506895695,0.011440696984493756
demo_353,150,0.0,0.00854016482256991,5.7316542433355094e-05,47.110005847561844,0.3161745358896768,145.64814458456001,2.3109537752777145,0.015509756881058486
demo_3530,150,1.0,0.05789689077699977,0.0003885697367583877,52.85482369523003,0.35473036037067135,76.02486291730878,2.4135777939930216,0.016198508684516923
demo_3531,150,0.0,0.19244523699461327,0.001291578771775928,53.38252897501644,0.35827200654373453,137.60404036288722,2.1307413859124544,0.014300277757801707
demo_3532,150,1.0,0.05516829633644168,0.000370257022392226,43.59150981272552,0.292560468541782,76.35134284622104,2.0743148262564572,0.013921576015144009
demo_3533,150,0.0,0.04489929514264745,0.0003013375512929359,65.02688555943334,0.43642205073445195,137.56425075133328,2.5237758471573306,0.016938092933941815
demo_3534,150,1.0,0.029275633755989725,0.0001964807634630183,49.431234567300514,0.33175325212953366,76.66565454701967,1.5602915850725263,0.0104717556045136
demo_3535,150,1.0,0.015111052461166542,0.00010141645947091638,42.548911360031504,0.2855631634901443,81.08743879484233,1.600335225862622,0.010740504871561222
demo_3536,150,1.0,0.07140053047067717,0.00047919819107837026,61.667429968542606,0.4138753689163933,78.82302602143012,1.6548065600589548,0.011106084295697684
demo_3537,150,1.0,0.08894466901433731,0.0005969440873445457,49.1447562260333,0.3298305786982101,82.59698157485367,2.20987602003434,0.014831382684794227
demo_3538,150,1.0,0.025685070398972557,0.00017238302281189635,51.46130054724181,0.34537785602175713,63.73168799205898,1.5196661783346341,0.010199101868017679
demo_3539,150,1.0,0.03159726231586624,0.00021206216319373313,44.63423297213999,0.2995586105512751,58.67821474886851,1.3702369049384897,0.009196220838513354
demo_354,150,0.0,0.00710599998057612,4.7691275037423623e-05,52.772408841081074,0.35417724054416827,140.0360310282119,2.6548479070798834,0.017817771188455594
demo_3540,150,1.0,0.1005391298931487,0.0006747592610278436,60.43107540978636,0.4055776873140024,78.35379852513603,2.4028486910138698,0.01612650128197228
demo_3541,150,1.0,0.15306231104525755,0.001027263832518507,60.308561212292545,0.4047554443778023,90.6301932505268,1.9540928984810584,0.01311471743947019
demo_3542,150,0.0,0.1144795355543537,0.0007683190305661321,57.27953972395524,0.3844264411003707,159.90837684712181,2.042966336714246,0.013711183467880847
demo_3543,150,1.0,0.014994491437656375,0.00010063417072252601,41.36240391640365,0.27760002628458824,59.01052863921826,1.5412623129661036,0.010344042368900025
demo_3544,150,1.0,0.04421802076238625,0.0002967652400160151,45.37578325556513,0.30453545809104116,83.1105882169134,1.890658554624629,0.012688983588084759
demo_3545,150,1.0,0.11363675927874259,0.0007626628139512925,50.719013985601684,0.34039606701746095,117.80990988845147,2.3254456961976917,0.015607018095286522
demo_3546,150,0.0,0.13160892824482967,0.0008832813976163065,48.45161757327692,0.32517864143138875,171.05014628323755,2.629325988887471,0.01764648314689578
demo_3547,150,0.0,0.03671880656655084,0.0002464349433996701,50.845988783225565,0.34124824686728567,134.966900096252,2.595658420984556,0.01742052631533259
demo_3548,150,1.0,0.0327367845735779,0.00021970996358105973,51.045032662246435,0.34258411182715726,94.85973403590692,1.9374035865909807,0.013002708634838796
demo_3549,150,1.0,0.019884694815343495,0.000133454327619755,63.13700713634435,0.4237383029284856,96.54472580103207,2.181291155789347,0.014639537958317765
demo_355,150,0.0,0.01346990623328059,9.040205525691671e-05,46.97364479503539,0.315259361040506,155.06629041648998,2.327339124295797,0.015619725666414746
demo_3550,150,1.0,0.062381403493433706,0.0004186671375398235,47.900383277278415,0.32147908239784173,90.39419625435394,1.7373848320090846,0.01166030088596701
demo_3551,150,1.0,0.044765688942704406,0.0003004408653872779,61.3848711730452,0.41197900116137715,87.6660899198489,1.604966663629263,0.01077158834650512
demo_3552,150,0.0,0.0732883252211973,0.0004918679545046798,48.33116182209723,0.32437021357112233,138.8383205827269,2.439447538931014,0.016372131133765195
demo_3553,150,1.0,0.025919767722092726,0.0001739581726314948,53.901229843557196,0.3617532204265584,91.81758899841029,1.9294977863030243,0.012949649572503519
demo_3554,150,0.0,0.12052831507400438,0.0008089148662684858,44.53440473091847,0.2988886223551575,150.1632014660123,3.023367010943312,0.020291053764720214
demo_3555,150,0.0,0.13214009349252254,0.0008868462650504868,58.30312328876435,0.39129612945479425,147.35026993019542,2.90383491833399,0.019488824955261677
demo_3556,150,1.0,0.1533804761711283,0.0010293991689337468,57.59820856225978,0.38656515813597164,107.80578674648355,1.947851323760064,0.01307282767624204
demo_3557,150,1.0,0.04105034999478049,0.0002755057046629563,53.204092003157605,0.3570744429742121,88.3296867962896,2.3746498133199614,0.015937247069261487
demo_3558,150,1.0,0.0643486065867676,0.00043186984286421205,50.41435374259579,0.3383513673999718,109.24417725381757,2.5852747933857767,0.017350837539501857
demo_3559,150,1.0,0.032755525692317496,0.0002198357429014597,41.25896349004597,0.27690579523520786,115.26061066823637,2.1027298989641254,0.014112281201101513
demo_356,150,0.0,0.023608410440539664,0.0001584457076546286,54.67543827934269,0.3669492501969308,171.39354795540066,2.6613623306245398,0.01786149215184255
demo_3560,150,1.0,0.10259060462890733,0.0006885275478450156,47.94188835528059,0.3217576399683261,62.68284695760123,2.085263720763327,0.013995058528612934
demo_3561,150,1.0,0.052636165722985094,0.00035326285720124225,43.91796118112344,0.2947514173229761,65.71629357969825,2.07626880773405,0.013934689984792283
demo_3562,150,1.0,0.016606767913348013,0.00011145481821038936,41.52746306280947,0.27870780579066756,75.26954004259407,1.8477667241929236,0.012401118954314923
demo_3563,150,0.0,0.1642210031637641,0.0011021543836494234,57.67476633741383,0.3870789687074754,97.91871742588853,2.517658905286208,0.016897039632793345
demo_3564,150,1.0,0.01683973679989211,0.0001130183677845108,47.49718361039992,0.3187730443651001,68.78056739688137,1.5816801874795838,0.010615303271675059
demo_3565,150,0.0,0.012518193220370512,8.40147195998021e-05,50.461060776547534,0.3386648374264935,182.39736687118932,2.147922405957883,0.014415586617167
demo_3566,150,1.0,0.026797684123745915,0.00017985022901842896,50.71270332430944,0.3403537135859694,72.64290082116852,1.8262833231325635,0.012256935054580963
demo_3567,150,1.0,0.02851498166027616,0.0001913757158407796,49.63578174056114,0.3331260519500748,61.01915806329047,2.0166784746879087,0.01353475486367724
demo_3568,150,1.0,0.24455580817459716,0.0016413141488227996,54.921503947387166,0.3686006976334709,98.73512931802615,2.1759289141391647,0.014603549759323252
demo_3569,150,1.0,0.14397395531760712,0.0009662681564940075,62.31354342904024,0.41821170086604187,138.46209019572322,2.285484944662986,0.015338825131966348
demo_357,150,0.0,0.01608371821581168,0.00010794441755578309,50.66876890842977,0.34005885173442796,172.33756706616438,2.635585436953672,0.017688492865460887
demo_3570,150,1.0,0.06253374092692957,0.00041968953642234605,58.063977543871744,0.38969112445551507,77.87965825074167,1.6234732379609094,0.010895793543361808
demo_3571,150,0.0,0.06730886847837224,0.0004517373723380687,55.22581895876702,0.37064308026018133,73.08641294235342,1.1902288495045774,0.007988113083923339
demo_3572,150,1.0,0.051891866838133176,0.00034826756267203476,64.33606219027563,0.43178565228372906,68.35017581040881,2.3110866554238276,0.015510648694119649
demo_3573,150,0.0,0.012893990967542462,8.653685213115747e-05,52.58613645526708,0.3529270903038059,153.84114812465572,1.6684817531055556,0.011197864114802386
demo_3574,150,1.0,0.017634677041155965,0.00011835353718896621,49.391539322085286,0.3314868410878207,74.66947595085166,2.060192399287357,0.013826794626089645
demo_3575,150,1.0,0.07434081321856939,0.0004989316323393919,61.334726546044564,0.41164246004056754,85.20808872005564,1.7814059379465566,0.01195574454997689
demo_3576,150,1.0,0.028473297778680785,0.00019109595824617976,56.353224212811874,0.37820955847524745,78.70957949948097,2.3142089973612134,0.01553160400913566
demo_3577,150,1.0,0.035269809292220206,0.00023671012947798796,51.540899313339104,0.34591207592845036,82.2263212337806,2.114226719275632,0.014189441068963972
demo_3578,150,0.0,0.09837579565933874,0.000660240239324421,44.26073516667892,0.2970519138703283,136.25300863072374,2.2716493376445035,0.015245968709023514
demo_3579,150,0.0,0.04162735337699244,0.0002793782105838419,52.55119863441089,0.35269260828463683,130.06453295288117,2.0480923158708,0.013745586012555705
demo_358,150,0.0,0.07061105662698333,0.0004738997089059284,63.070042520408336,0.4232888759758949,150.14170345532315,2.3417378105657543,0.015716361144736606
demo_3580,150,0.0,0.060941049753853026,0.00040900033391847666,50.86283877030325,0.34136133402888086,131.8685788386332,1.3878177769682436,0.009314213268243245
demo_3581,150,1.0,0.024968257095375763,0.0001675721952709783,55.38690959348933,0.37172422545965994,66.79619498823706,1.9386566505935923,0.01301111846035968
demo_3582,150,0.0,0.029838162109285235,0.00020025612153882707,50.52415985446489,0.3390883211709053,93.28160838349164,1.4083960981781567,0.00945232280656481
demo_3583,150,1.0,0.04039140840842193,0.000271083277908872,66.19395151458323,0.4442547081515653,62.10020329951205,1.586265548881889,0.010646077509274423
demo_3584,150,0.0,0.033329103007449415,0.00022368525508355313,49.07944787948123,0.32939226764752505,72.49702943785029,1.237329965959833,0.008304227959461966
demo_3585,150,1.0,0.11814453480566599,0.0007929163409776241,61.925623699595796,0.4156082127489651,80.77844735226192,1.7790980448173874,0.011940255334344882
demo_3586,150,0.0,0.06445496286332174,0.00043258364337799823,55.00870866936013,0.3691859642238935,168.23950375594603,2.1111431057461,0.014168745676148323
demo_3587,150,0.0,0.13685700345115062,0.0009185033788667827,47.10637798220786,0.3161501878000528,141.07603396234018,2.325384575967114,0.01560660789239674
demo_3588,150,1.0,0.22158547317396005,0.0014871508266708728,44.276708904400095,0.297159120163759,142.41556257427442,2.3554571091004686,0.01580843697382865
demo_3589,150,1.0,0.020309577892243788,0.0001363058918942536,62.272379908881014,0.4179354356300739,91.81662033040146,2.0693023455932544,0.013887935205323856
demo_359,150,0.0,0.01882559948401033,0.0001263463052618143,58.60806646228304,0.39334272793478553,167.65957914617658,2.6504810152855773,0.01778846318983609
demo_3590,150,1.0,0.04129147250959749,0.0002771239765744798,44.36157531016825,0.2977286933568339,82.03551757683489,1.8794607544941555,0.01261383056707487
demo_3591,150,0.0,0.028486321881998605,0.0001911833683355611,59.964206607027904,0.40244433964448256,170.56840892909412,2.3783690806067694,0.015962208594676303
demo_3592,150,1.0,0.10379545951571088,0.0006966138222530932,61.71922303448875,0.41422297338583053,79.58777648296,1.9271934985831842,0.012934184554249559
demo_3593,150,1.0,0.04489570636871385,0.00030131346556183794,41.1063103844456,0.27588127774795707,118.07719486294593,2.045999671075593,0.013731541416614718
demo_3594,150,1.0,0.14000368032941388,0.0009396220156336502,54.721117679410376,0.3672558233517475,100.9438271108988,2.476860045645015,0.01662322178285245
demo_3595,150,0.0,0.022885811857539552,0.00015359605273516477,47.822505758154186,0.32095641448425627,153.66813111869746,1.876347163411855,0.012592933982629898
demo_3596,150,1.0,0.0690556588569693,0.0004634607976977805,51.09967762002053,0.3429508565102049,90.50786542151543,1.8586984698178992,0.012474486374616773
demo_3597,150,0.0,0.09590179281649094,0.0006436361933992681,40.019329537738166,0.2685861042801219,117.63573701771003,2.117677102335931,0.01421259800225457
demo_3598,150,1.0,0.2574427988801374,0.0017278040193297812,52.369333133132294,0.3514720344505523,147.88542388688074,2.548926919255447,0.017106892075539913
demo_3599,150,1.0,0.08074411669437967,0.0005419068234522125,49.427391675446685,0.33172746090903815,84.46132672919737,1.8659379819893704,0.012523073704626648
demo_36,150,0.0,0.07080886707475814,0.0004752272958037459,64.62943455975838,0.4337545943607945,159.83052825157162,2.062996428692487,0.013845613615385818
demo_360,150,0.0,0.013759114331092148,9.234304920196072e-05,48.12576099161834,0.32299168450750565,149.91875620168588,2.778574077745096,0.01864814817278588
demo_3600,150,1.0,0.041782997006316255,0.0002804227987001091,52.00127757876837,0.34900186294475416,70.62536182814787,1.9381082666334173,0.01300743803109676
demo_3601,150,0.0,0.043865374246484054,0.00029439848487573193,56.87136043228876,0.38168698276703866,166.8193006246479,2.254606104941303,0.015131584596921497
demo_3602,150,1.0,0.2107217055103576,0.001414239634297702,52.99720802744335,0.35568595991572716,101.33731283841631,2.277782786574682,0.015287132795803234
demo_3603,150,1.0,0.12383077289041657,0.0008310790126873595,56.61718066165195,0.3799810782661205,95.61774922123692,2.1430910886850274,0.01438316166902703
demo_3604,150,1.0,0.16173914818549404,0.001085497638828819,58.043846387980764,0.3895560160267165,106.28119621089023,2.4038610569798378,0.01613329568442844
demo_3605,150,1.0,0.13078072665923562,0.0008777229977129907,50.40806464676013,0.33830915870308814,86.03013365265416,2.217296737159094,0.014881186155430161
demo_3606,150,0.0,0.054513026113694144,0.00036585923566237683,44.34013426404991,0.29758479371845575,109.32947694683767,1.8376941924096712,0.012333518069863566
demo_3607,150,1.0,0.05268236582959273,0.00035357292503082366,50.60118916537741,0.33960529641192894,98.2519371898248,2.0149729849747544,0.01352330862399164
demo_3608,150,0.0,0.09043285937806991,0.0006069319421346974,60.37443754555041,0.4051975674198014,126.80384337548948,2.2771776388054907,0.015283071401379132
demo_3609,150,1.0,0.09239394159626699,0.0006200935677601812,53.70144906086295,0.36041240980444933,59.40223619961825,1.8131126967158324,0.012168541588696862
demo_361,150,0.0,0.008256127869246588,5.541025415601737e-05,65.83487507159839,0.4418447991382442,172.49106860351176,2.808515353833348,0.018849096334452
demo_3610,150,1.0,0.07579535338939589,0.0005086936469086972,63.11917547683346,0.4236186273612984,90.33080999927581,2.174367826222692,0.014593072659212699
demo_3611,150,1.0,0.14683717107503583,0.0009854843696311128,50.53066607803799,0.3391319871009261,86.52230714361873,1.8181422864922374,0.012202297224780117
demo_3612,150,1.0,0.029911839750280323,0.00020075060235087466,52.43579384605942,0.3519180795037545,76.85358918879791,1.6207179039462705,0.010877301368766915
demo_3613,150,1.0,0.042571407706073455,0.0002857141456783453,52.646602963617376,0.3533329057960898,80.82579043046303,1.6315960410400259,0.01095030900026863
demo_3614,150,0.0,0.14907912363532136,0.0010005310311095392,56.10856607277564,0.37656755753540694,166.59117467703936,2.1080101148315995,0.014147718891487245
demo_3615,150,1.0,0.08678715659742231,0.0005824641382377336,64.46889250243686,0.43267713088883797,92.4272346919357,2.3280709068461594,0.015624636958699057
demo_3616,150,0.0,0.017676319983434448,0.00011863302002304999,57.55283612955881,0.3862606451648242,89.26471686642881,1.4947289313721992,0.01003173779444429
demo_3617,150,0.0,0.0627978265521786,0.00042146192316898384,51.119512167834436,0.34308397428076803,105.91033808691655,2.2423942543883815,0.0150496258683784
demo_3618,150,1.0,0.09492276086516663,0.0006370655091621921,43.38022102920907,0.29114242301482596,61.79272012111385,1.89559320509142,0.012722102047593423
demo_3619,150,0.0,0.0721991297993079,0.0004845579181161604,58.32328102551666,0.39143141627863526,134.0006846910938,1.849627347213906,0.01241360635714031
demo_362,150,0.0,0.00700145695425772,4.698964398830685e-05,43.14940929213031,0.28959335095389466,165.1780356935005,2.725067860835817,0.018289046045877968
demo_3620,150,0.0,0.08238934581924544,0.0005529486296593654,56.06657964325925,0.37628576941784736,183.67482383135217,2.73308060852942,0.018342822876036374
demo_3621,150,1.0,0.13358939121710364,0.0008965730954168029,47.784748336565315,0.320703008970237,79.82126116900295,1.992391658443746,0.013371756096937892
demo_3622,150,0.0,0.01048783619151911,7.038816235918865e-05,55.24289406553426,0.3707576782921762,131.1781760365073,2.192691769104478,0.014716052141640791
demo_3623,150,0.0,0.026981345884381322,0.0001810828582844384,67.13182581886092,0.45054916656953636,165.06753971742853,2.281683235343775,0.015313310304320637
demo_3624,150,1.0,0.11658559371803764,0.0007824536491143466,47.70879616178348,0.3201932628307616,88.65691336148589,1.9885143958709879,0.013345734200476429
demo_3625,150,1.0,0.15791028558126802,0.0010598005743709263,61.536763436657566,0.41299841232656087,127.43848297920152,2.33196953307892,0.015650802235428994
demo_3626,150,1.0,0.11359269045690966,0.0007623670500463735,50.64054764644016,0.3398694472915447,112.40645111792107,2.467292968935961,0.016559013214335307
demo_3627,150,0.0,0.07731335917678643,0.0005188816052133317,47.54342693386022,0.3190834022406726,105.81585114923905,2.339437043570582,0.01570091975550726
demo_3628,150,0.0,0.04865741162122139,0.0003265598095383986,45.600657917928714,0.3060446840129444,123.49182785044023,2.3455134683281056,0.01574170112971883
demo_3629,150,1.0,0.10597197505765348,0.0007112213091117682,63.09031307068462,0.4234249199374807,118.0219424402552,2.7694475051037686,0.018586896007407844
demo_363,150,0.0,0.011178711212873326,7.50249074689485e-05,47.233256614162066,0.3170017222426984,160.4872850915648,2.265503903928333,0.015204724187438476
demo_3630,150,1.0,0.030036267734681463,0.00020158568949450647,49.96242832824859,0.3353183109278429,93.1667213241555,2.1306861599678295,0.01429990711387805
demo_3631,150,0.0,0.24168164185340305,0.001622024441969148,43.422229612465905,0.2914243598152074,111.11955496848711,1.879303695488988,0.012612776479791865
demo_3632,150,1.0,0.03620533461579151,0.00024298882292477522,47.1014651712225,0.31611721591424496,92.81045736795498,1.9997506613524205,0.013421145378204165
demo_3633,150,0.0,0.11655595229914686,0.000782254713417093,28.47507559916809,0.19110788992730263,48.35299662488243,0.6447326932138258,0.004327065055126348
demo_3634,150,0.0,0.013440195714858527,9.020265580441964e-05,56.25411872088742,0.3775444209455531,163.6770329105753,2.0965199787864535,0.014070603884472841
demo_3635,150,1.0,0.2291129327214365,0.0015376706894056143,58.41299737206508,0.39203353940983277,127.42621099305748,2.2624061852209545,0.015183934128999694
demo_3636,150,1.0,0.04965271737123867,0.00033323971390093065,43.23458202667957,0.2901649800448293,89.1899173719515,1.690514386670341,0.01134573413872712
demo_3637,150,1.0,0.018822510122745974,0.00012632557129359714,53.40172822058056,0.3584008605408091,62.72226583592848,1.5390493302695423,0.010329190136037196
demo_3638,150,1.0,0.0325668281389318,0.00021856931636866981,40.34096930319478,0.27074476042412604,76.27296238696835,1.8429065283603558,0.012368500190337958
demo_3639,150,0.0,0.13059857329413654,0.0008765004919069567,46.86592871552963,0.31453643433241363,153.5757398093458,2.1803357382878303,0.01463312576032101
demo_364,150,0.0,0.0223917680273224,0.00015028032233102283,49.032489062167855,0.3290771077997843,154.8877062539055,2.460213617303735,0.016511500787273387
demo_3640,150,0.0,0.15423331797481807,0.001035122939428309,57.27397337450437,0.3843890830503649,124.54712440824669,3.0679166865209213,0.020590044875979336
demo_3641,150,1.0,0.21872978334476365,0.001467985123119219,62.86139739113783,0.42188857309488476,87.10035490598509,2.269326386508402,0.015230378432942296
demo_3642,150,1.0,0.10181488614852924,0.0006833213835471761,43.94968217180903,0.29496430987791294,97.0884986079262,2.226694383695394,0.014944257608693919
demo_3643,150,1.0,0.020542739882172274,0.00013787073746424346,50.348700672841574,0.33791074277074884,59.53077968331235,1.7656281579091755,0.011849853408786413
demo_3644,150,0.0,0.11192050224297606,0.000751144310355544,45.1485666854483,0.3030105146674383,72.42439239442656,1.0805692557038726,0.007252142655730689
demo_3645,150,1.0,0.12525512089378912,0.0008406383952603297,54.70969610650437,0.3671791685000293,122.2844623067505,2.2170907198033674,0.014879803488613204
demo_3646,150,0.0,0.11521398513644894,0.0007732482223922748,47.611178645795135,0.3195381117167459,163.46160110663425,2.42580236836677,0.01628055280783067
demo_3647,150,1.0,0.059065092646938704,0.0003964100177646893,59.16910840768308,0.3971081101186784,65.38582144132212,1.739112377567803,0.011671895151461765
demo_3648,150,0.0,0.130035337762464,0.0008727203876675437,27.119164128164346,0.18200781294070031,21.70593551044147,0.5549055944579134,0.003724198620522909
demo_3649,150,0.0,0.030417280967219074,0.00020414282528334948,49.68830351683468,0.3334785470928502,153.83592244415988,2.3519456222345814,0.015784869947883095
demo_365,150,0.0,0.00897805049966372,6.025537248096456e-05,51.06948313969134,0.34274820899121705,162.64412685993165,2.4708843520871264,0.01658311645696058
demo_3650,150,0.0,0.08938734281207637,0.0005999150524300427,54.39688910405191,0.3650797926446437,131.91036201525458,2.9642508874920317,0.019894301258335783
demo_3651,150,1.0,0.06646290822420996,0.00044605978673966414,61.377577647164,0.41193005132324834,80.84940637490573,1.9446140966266765,0.013051101319642124
demo_3652,150,0.0,0.05130066447525476,0.000344299761578891,49.48629926569265,0.33212281386370907,137.2090683078216,2.627156674465371,0.017631923989700475
demo_3653,150,1.0,0.1918357694185445,0.001287488385359359,42.69719941280976,0.28655838532087086,69.03389515608353,2.023561054554072,0.013580946674859543
demo_3654,150,1.0,0.10674703035799961,0.0007164230225369102,63.298404584786596,0.42482150728044693,94.6266667995355,2.633101224409729,0.017671820298051873
demo_3655,150,1.0,0.01907690642561369,0.00012803292903096436,60.5834815142286,0.40660054707535975,93.25580880294704,2.1000014105562212,0.014093969198363901
demo_3656,150,1.0,0.0782540918275287,0.0005251952471646221,56.729545051718375,0.38073520168938507,123.01322220055442,2.2244969467731552,0.014929509709886948
demo_3657,150,0.0,0.03246320563114731,0.00021787386329629067,46.64234992032562,0.31303590550554106,109.62539862698652,1.4921337379765436,0.01001432038910432
demo_3658,150,1.0,0.04219958923569952,0.0002832187197026813,44.9311258760847,0.3015511803764074,104.53766357583035,2.100595706052359,0.014097957758740665
demo_3659,150,0.0,0.1995106904634631,0.0013389979225735778,54.449563120416634,0.3654333095329975,149.7747545965809,2.8944021423991693,0.019425517734222613
demo_366,150,0.0,0.02830732830097176,0.00018998206913403866,50.92897106385136,0.34180517492517687,166.15102546596484,2.628170266239948,0.017638726619060054
demo_3660,150,0.0,0.050955807554489814,0.0003419852856006028,53.5042893619124,0.35908919034840536,118.40402206962291,2.3259560467700098,0.015610443266912818
demo_3661,150,1.0,0.06492489435328073,0.0004357375459951727,43.17967980295462,0.28979650874466184,133.53722846668467,2.2520432898296088,0.01511438449550073
demo_3662,150,0.0,0.05547080544063756,0.0003722872848364937,52.51127718527312,0.3524246790957928,61.96558648396871,1.8894118266017066,0.012680616285917493
demo_3663,150,1.0,0.09021506456902004,0.0006054702320068459,50.37166895482607,0.33806489231426895,127.62883303465416,2.8199847645080496,0.018926072245020468
demo_3664,150,1.0,0.12607388313614817,0.0008461334438667663,58.50184567095429,0.39262983671781404,94.93731846163374,1.872843822565345,0.012569421627955336
demo_3665,150,1.0,0.11605424477073659,0.0007788875487968898,57.75333782926251,0.38760629415612424,79.03757526610609,2.0979946628764714,0.01408050109313068
demo_3666,150,0.0,0.01290617073846943,8.661859556019752e-05,44.45209943677247,0.29833623783068774,96.40807509846059,1.2999012541968793,0.008724169491254223
demo_3667,150,0.0,0.04269641720555404,0.00028655313560774524,44.41820251935537,0.29810874174064006,88.92152779214844,1.0283210529913442,0.006901483577123116
demo_3668,150,1.0,0.033012650153505275,0.0002215614104262099,54.000247541336506,0.36241776873380205,86.29095836816029,1.9647222983177897,0.013186055693407984
demo_3669,150,1.0,0.015030825910469659,0.00010087802624476281,50.447337011096046,0.33857273161809426,63.90577322978149,1.6512217389928807,0.011082025093911952
demo_367,150,0.0,0.014214502238510772,9.539934388262263e-05,58.75463575975189,0.3943264144949791,171.75834552845026,2.4925984040970035,0.016728848349644318
demo_3670,150,1.0,0.038720277288585826,0.00025986763280930083,53.20586141094896,0.3570863181942883,112.65289731150729,1.9192345700292792,0.012880768926371002
demo_3671,150,1.0,0.03297541129326421,0.00022131148518969267,62.93803107806921,0.42240289314140406,98.23303456488658,2.031880355717233,0.013636780910853914
demo_3672,150,0.0,0.1504885189544614,0.0010099900600970563,66.61838419066925,0.44710324960180703,118.0670435953188,2.410266821698343,0.01617628739394861
demo_3673,150,1.0,0.07461275727165845,0.0005007567602124728,50.802261261083686,0.34095477356432,82.36277393537182,2.4694221657827526,0.01657330312605874
demo_3674,150,0.0,0.015515404586088131,0.00010413023212139686,60.43078353729129,0.40557572843819656,150.32912141820933,2.069726194106397,0.013890779826217428
demo_3675,150,1.0,0.03263769289807531,0.00021904491877902893,59.95914412137203,0.40241036323068474,92.70305684169682,2.0089044026512024,0.013482579883565117
demo_3676,150,1.0,0.2142988232838835,0.0014382471361334462,55.13346073716375,0.3700232264239178,94.48952960985089,2.5318111532122214,0.01699202116249813
demo_3677,150,1.0,0.051278253032852245,0.00034414934921377343,57.369575870905614,0.3850307105429907,84.29890546861532,1.7816373022241545,0.011957297330363452
demo_3678,150,1.0,0.031131066907394304,0.00020893333494895506,48.34452562649897,0.32445990353355014,97.42141999706752,1.7995712846698697,0.012077659628656843
demo_3679,150,0.0,0.04938664009910126,0.0003314539603966527,55.28803706110697,0.3710606514168253,118.03089733778387,1.9390218359637887,0.013013569368884488
demo_368,150,0.0,0.04373179375284008,0.000293501971495571,51.718409835206806,0.34710342171279734,154.3423229083714,3.467810242764374,0.023273894246740767
demo_3680,150,1.0,0.11354038679520587,0.0007620160187597709,49.97543776755454,0.3354056226010372,65.91166366830583,1.8126770366439153,0.012165617695596747
demo_3681,150,1.0,0.01634980283084931,0.00010973022034127053,48.82836402730379,0.3277071411228442,71.41179657855041,1.5564578761177563,0.01044602601421313
demo_3682,150,1.0,0.015614957998423766,0.00010479837582834743,44.9588312560459,0.301737122523798,97.01874065041179,2.0251756484114027,0.013591782875244313
demo_3683,150,1.0,0.15450691805794198,0.001036959181596926,50.03886554869846,0.33583131240737224,113.90632797935508,2.5193089387518333,0.01690811368289821
demo_3684,150,0.0,0.2333255284138067,0.0015659431437168234,53.10759951985973,0.356426842415166,136.03571953965633,2.4429844090987616,0.016395868517441355
demo_3685,150,1.0,0.11875043153061715,0.0007969827619504507,59.328669457939974,0.39817898965060383,92.40268362695494,1.9409044991622213,0.013026204692363902
demo_3686,150,1.0,0.12308315935488355,0.0008260614721804265,51.81105474049686,0.34772519960065007,102.12683295290441,2.1898349231027163,0.014696878678541721
demo_3687,150,0.0,0.038182304035624975,0.00025625707406459714,54.93267062752098,0.3686756417954428,84.06491800582393,1.0975095085303663,0.00736583562772058
demo_3688,150,1.0,0.11946698272214244,0.0008017918303499493,55.104567937720034,0.3698293150182553,107.15407095509633,2.1632284393577588,0.014518311673542006
demo_3689,150,0.0,0.03694072583743407,0.0002479243344794233,59.18394130548245,0.3972076597683386,128.663015921273,2.021492547172617,0.013567064074984005
demo_369,150,0.0,0.008837201976828203,5.931008038139733e-05,55.85793592031234,0.3748854759752506,138.60148152970797,3.013928215743746,0.020227706145931182
demo_3690,150,1.0,0.13036589985693417,0.0008749389252143233,58.46032363648979,0.3923511653455691,87.53601596139096,2.2683900737359934,0.015224094454603983
demo_3691,150,0.0,0.04399543656562594,0.0002952713863464828,51.58658713768438,0.3462187056220428,116.903967495937,2.3053979239992297,0.015472469288585434
demo_3692,150,0.0,0.15972160624877044,0.0010719570889179224,59.698095111334275,0.4006583564519079,83.59888970760188,1.1223447140266962,0.0075325148592395716
demo_3693,150,1.0,0.050666928817659405,0.0003400465021319423,43.09841645756281,0.2892511171648511,64.44613280323185,1.7415449428352099,0.011688221092853758
demo_3694,150,1.0,0.06181997923792508,0.0004148991895162757,38.88193551764416,0.2609525873667393,101.7595074898129,2.026469502658293,0.013600466460793912
demo_3695,150,1.0,0.029981110787477467,0.00020121550864078837,52.60195542188641,0.35303325786500944,66.31085187549162,1.870007687886988,0.012550387167026765
demo_3696,150,1.0,0.02371064787333132,0.0001591318649216867,44.69033114878194,0.29993510838108683,84.00716573310785,1.9561859459162885,0.013128764737693211
demo_3697,150,1.0,0.04690347324950766,0.0003147884110705212,50.34140429281272,0.33786177377726656,94.23182148886514,2.0618263898033042,0.013837761005391304
demo_3698,150,0.0,0.11171795931240988,0.0007497849618282543,53.02651189701837,0.35588263018133137,141.6998568734036,2.39257534977692,0.016057552683066578
demo_3699,150,1.0,0.033008140288719075,0.00022153114287730923,59.035092896009736,0.39620867715442776,113.84071902395483,2.0858461543979585,0.01399896747918093
demo_37,150,0.0,0.030416730274990554,0.00020413912936235272,63.62088639303216,0.42698581471833663,176.0797699305519,2.127865042406697,0.014280973438971122
demo_370,150,0.0,0.0244045548704918,0.00016378895886236106,56.79442667695921,0.3811706488386524,168.421273734641,2.3958831160739233,0.01607975245687197
demo_3700,150,1.0,0.020820729731564583,0.00013973644115144014,49.94706684820525,0.335215213746344,81.52575683111314,2.148224127693587,0.014417611595258974
demo_3701,150,1.0,0.13386614132944682,0.0008984304787211196,58.050249128787854,0.3895989874415292,112.66027051281301,2.4197278609255006,0.016239784301513426
demo_3702,150,1.0,0.23530618221619531,0.0015792361222563443,52.438300852079735,0.351934905047515,85.45573675082484,2.0371461392970853,0.013672121740248894
demo_3703,150,1.0,0.03066091593084006,0.00020577795926738295,46.8431699186569,0.31438369072924094,59.393593133828034,1.761817202237508,0.011824276525083947
demo_3704,150,1.0,0.00849825037981831,5.7035237448445026e-05,56.68766405929843,0.38045412120334515,53.6162724077505,1.9034587212562744,0.012774890746686404
demo_3705,150,1.0,0.09632734892850428,0.0006464922746879482,45.29218204791973,0.30397437616053513,63.894526075240584,2.029053293723508,0.013617807340426228
demo_3706,150,1.0,0.05568992189179478,0.00037375786504560254,47.665415203759935,0.31990211546147607,107.44236551437794,2.259164653835595,0.015162178884802651
demo_3707,150,0.0,0.004329084323896445,2.905425720735869e-05,29.076209146337415,0.1951423432640095,53.26403797708047,0.8988522756715905,0.006032565608534165
demo_3708,150,0.0,0.08017666223492272,0.0005380984042612263,55.798366424970474,0.37448568070449983,135.1003545038167,2.400414713655576,0.01611016586346024
demo_3709,150,1.0,0.02764426940134505,0.00018553200940500032,47.514641638876824,0.3188902123414552,78.5978619259723,1.609530316824653,0.010802216891440624
demo_371,150,0.0,0.010362065494364267,6.954406372056555e-05,62.02496779431127,0.416274951639673,129.64908898010196,2.0388280288660408,0.013683409589704971
demo_3710,150,1.0,0.1352398765798998,0.0009076501783885892,55.8129128068864,0.3745833074287678,74.49375282650186,1.9367837928123806,0.012998548945049534
demo_3711,150,1.0,0.07823981015998756,0.0005250993970468963,46.09984120264816,0.3093949074003232,76.00504788706878,2.2173154928319123,0.014881312032428942
demo_3712,150,0.0,0.03790358835900612,0.0002543864990537323,57.97574286859605,0.3890989454268191,111.84981829008143,1.5557492791108718,0.010441270329603167
demo_3713,150,1.0,0.02830837827583481,0.00018998911594520006,64.56645350814911,0.43333190273925576,87.2556465081265,1.8882349679209176,0.012672717905509515
demo_3714,150,1.0,0.0851876289183834,0.0005717290531435127,47.284544158736864,0.3173459339512541,87.11033847284796,1.9722083426499886,0.013236297601677776
demo_3715,150,1.0,0.04446729566749156,0.0002984382259563192,48.054830345621596,0.32251563990350063,100.84732758883203,1.9547357981056508,0.013119032202051347
demo_3716,150,1.0,0.23823819753857806,0.0015989140774401213,60.364675165631525,0.40513204809148673,70.73502504497642,2.0222393631581994,0.013572076262806708
demo_3717,150,1.0,0.03334260078324857,0.0002237758441828763,52.92387797857441,0.355193811936741,152.12702910141104,2.7837901688971396,0.01868315549595396
demo_3718,150,0.0,0.07789538510294387,0.0005227878194828448,54.31155957923629,0.3645071112700422,130.90709941595708,2.0432753835156854,0.013713257607487822
demo_3719,150,0.0,0.03634534846343296,0.0002439285131774024,48.54561193729488,0.3258094760892274,138.55060171569386,1.7629207115753478,0.011831682628022469
demo_372,150,0.0,0.011787295583686968,7.910936633346959e-05,59.063537525697264,0.3963995807093776,167.14213606709765,2.3559905904606717,0.015812017385642092
demo_3720,150,1.0,0.10202980942495238,0.0006847638216439756,45.764186785882636,0.30714219319384317,131.4391196832848,2.459568209113882,0.016507169188683772
demo_3721,150,0.0,0.18931572425712603,0.0012705753305847385,48.61496627895246,0.3262749414694796,178.27916286625575,2.4652685320506555,0.016545426389601714
demo_3722,150,1.0,0.24168562493189813,0.0016220511740395848,59.37852767790819,0.39851360857656504,105.28714722730692,1.7568511051596263,0.011790947014494136
demo_3723,150,1.0,0.02318384312398236,0.00015559626257706283,63.26929467652435,0.4246261387686198,67.14552729611476,2.043719552867341,0.013716238609847926
demo_3724,150,1.0,0.09071188278195608,0.0006088045824292354,49.81294155934446,0.33431504402244605,116.09406272149153,2.395685469785975,0.016078425971717953
demo_3725,150,1.0,0.014336691600224735,9.621940671291768e-05,52.47757150800203,0.3521984664966579,69.31222360268622,1.9280869146705868,0.012940180635373066
demo_3726,150,1.0,0.0403557760229464,0.0002708441343821906,51.3345035611692,0.34452686953804834,81.01456167573325,2.1329091463922762,0.014314826485854203
demo_3727,150,1.0,0.019454800097627737,0.00013056912817199825,51.38089583866939,0.3448382271051637,83.12943536869577,2.1230439991814096,0.014248617444170534
demo_3728,150,1.0,0.15055774812950043,0.0010104546854328889,43.315535636610214,0.2907082928631558,101.65237605650354,2.0062863822523096,0.013465009276861138
demo_3729,150,0.0,0.07999892262402197,0.0005369055209665905,57.601405206365804,0.38658661212326045,124.03350872774546,1.6824566220312094,0.011291655181417512
demo_373,150,0.0,0.013602563225816237,9.1292370643062e-05,47.774613403153424,0.3206349892829089,151.3318784966105,2.535589208009395,0.017017377234962383
demo_3730,150,0.0,0.03515157391285231,0.00023591660344196184,45.37679915473701,0.30454227620628865,107.33547008852914,1.9005669518351778,0.01275548289822267
demo_3731,150,1.0,0.03218160598601523,0.0002159839327920485,56.739325963718265,0.3808008453940823,84.3972007554577,1.8043644371334002,0.012109828437136915
demo_3732,150,1.0,0.03815830936214872,0.0002560960359875753,47.56865821651889,0.31925273970818047,71.31305699228969,1.8409077738147677,0.012355085730300454
demo_3733,150,1.0,0.07443717957555232,0.0004995783864131028,51.58426718002378,0.3462031354364012,78.22288117502107,2.1690195976738442,0.01455717850787815
demo_3734,150,0.0,0.030952301304993952,0.00020773356580532855,55.48550283840188,0.3723859250899455,187.91850192280035,2.723139747651609,0.01827610568893697
demo_3735,150,1.0,0.021588053406444676,0.00014488626447278305,46.86407684969014,0.3145240057026184,61.433395685356274,1.7357931781469649,0.011649618645281643
demo_3736,150,1.0,0.16134215630735188,0.0010828332638077307,49.26005915698246,0.3306044238723655,99.70349925247088,2.097595194301406,0.014077820095982591
demo_3737,150,0.0,0.03686394088501359,0.0002474089992282791,44.3195236931577,0.29744646773931344,77.56707179021832,1.1412231275493323,0.007659215621136459
demo_3738,150,0.0,0.02898958516034172,0.00019456097423048134,62.53407326836723,0.4196917669017935,214.10749884525026,2.608444259951602,0.017506337315111423
demo_3739,150,1.0,0.15616578529591996,0.0010480925187645635,51.861845701962956,0.34806607853666416,135.6206240508409,2.459796311200986,0.016508700075174403
demo_374,150,0.0,0.007477482290891034,5.018444490530895e-05,53.970187544920655,0.3622160237914138,140.59791466673562,2.7214651806626846,0.01826486698431332
demo_3740,150,1.0,0.08528465953153992,0.0005723802653123484,55.19960284236588,0.37046713317024077,96.03475974582977,1.9211732773928119,0.012893780385186657
demo_3741,150,1.0,0.08952510567110554,0.0006008396353765472,50.01927096664764,0.3356998051452862,55.67486408417328,1.4936950723931914,0.010024799143578466
demo_3742,150,1.0,0.03191879895151238,0.00021422012719135827,51.90154464216228,0.348332514376928,62.708692062740106,1.8521834671597592,0.012430761524562142
demo_3743,150,1.0,0.024193249216422474,0.00016237080011021794,55.35549849343861,0.37151341270764165,108.11620113742174,2.247651742304251,0.01508491102217618
demo_3744,150,1.0,0.023731466099850773,0.00015927158456275687,52.36700169038351,0.35145638718378197,81.31157598750521,1.9325405391772068,0.012970070732732932
demo_3745,150,1.0,0.017397183973038136,0.00011675962398012172,44.955172244675005,0.3017125654005034,54.970711914634634,1.5068648174552874,0.010113186694330789
demo_3746,150,1.0,0.03264972709067877,0.00021912568517234077,58.979920748579985,0.3958383942857717,79.11197923806616,2.1117945309129573,0.014173117657133942
demo_3747,150,1.0,0.16891837423203018,0.0011336803639733569,64.67567912316429,0.4340649605581496,111.14493301750576,2.5270314568793926,0.016959942663620085
demo_3748,150,1.0,0.22502989646013186,0.001510267761477395,63.68703642401956,0.42742977465784937,84.36310768829809,2.143221680413923,0.014384038123583376
demo_3749,150,0.0,0.05273481357039262,0.00035392492329122563,53.25928451480356,0.35744486251546015,118.21578182045565,2.582793171190441,0.017334182356982825
demo_375,150,0.0,0.011932266756475393,8.008232722466706e-05,53.445748600253,0.358696299330557,151.15888920274202,2.5800532253153228,0.017315793458492098
demo_3750,150,1.0,0.16932738785766197,0.001136425421863503,51.407078722167135,0.3450139511554841,81.18107961247806,2.4570671329086093,0.01649038344233966
demo_3751,150,0.0,0.06590295367348127,0.0004423017025065857,49.15576385512064,0.3299044554034942,143.3787752285749,2.524335126583354,0.016941846487136602
demo_3752,150,0.0,0.2298149162904428,0.0015423819885264616,47.40717347114093,0.3181689494707445,124.05754888363361,2.0203360758358895,0.01355930252238852
demo_3753,150,0.0,0.1600687863266693,0.0010742871565548274,46.834229515951954,0.31432368802652316,104.57096391225184,2.092708798965055,0.014045025496409765
demo_3754,150,0.0,0.08284171255939861,0.0005559846480496551,53.38209271733313,0.35826907863981966,196.98006150286707,2.9589643535301544,0.019858821164631908
demo_3755,150,1.0,0.1333122759549355,0.0008947132614425201,60.48323877452997,0.4059277770102683,111.8502495140654,2.1018737714997244,0.014106535379192781
demo_3756,150,1.0,0.03878178441005386,0.00026028043228224065,53.60266475228139,0.35974942786766034,69.84692952790337,1.7215757540538228,0.011554199691636395
demo_3757,150,1.0,0.08550981457309752,0.0005738913729738088,49.308450864862806,0.33092920043532087,77.00158917732355,2.0349252792314854,0.013657216639137486
demo_3758,150,1.0,0.035089288635638524,0.00023549858144723842,54.35329154588589,0.3647871915831268,129.35742970694625,2.4166136564453584,0.016218883600304417
demo_3759,150,1.0,0.015202907920367867,0.00010203293906287159,45.57608083163147,0.30587973712504346,61.77535583774496,1.6985176909338406,0.011399447590160004
demo_376,150,0.0,0.01079835533123307,7.247218343109443e-05,67.01213929611025,0.44974590131617614,168.5427557708007,2.6951448535633427,0.018088220493713707
demo_3760,150,1.0,0.10029388126961455,0.0006731132971115071,51.82403528909956,0.34781231737650714,71.08684259376793,1.6826779535886052,0.011293140628111445
demo_3761,150,0.0,0.12759674095674323,0.0008563539661526391,54.119629366722876,0.36321898903840855,110.26521289486156,2.5551822341061596,0.017148874054403757
demo_3762,150,1.0,0.15641092925443517,0.0010497377802311085,55.840742736493894,0.37477008547982477,126.15213825542581,2.0750870983666716,0.013926759049440749
demo_3763,150,0.0,0.0834585711414514,0.0005601246385332309,29.396653405696576,0.19729297587715822,58.58338448698029,0.814997611502716,0.005469782627535007
demo_3764,150,1.0,0.07646752563464282,0.0005132048700311598,51.10119802946647,0.34296106060044607,71.12497238324454,1.6850946391377124,0.011309359994212835
demo_3765,150,0.0,0.04908044534074539,0.00032939896201842543,46.49196470265363,0.3120266087426418,144.64580783274508,2.9902105831499055,0.020068527403690643
demo_3766,150,1.0,0.15121754954373745,0.0010148828828438754,40.06470474286082,0.2688906358581263,92.81828507215376,2.042443597145468,0.013707675148627304
demo_3767,150,1.0,0.09050394476965597,0.0006074090252997044,54.03886907878567,0.36267697368312535,113.37707906372736,2.659710661721882,0.017850407125650215
demo_3768,150,0.0,0.07022231483984409,0.0004712907036231147,53.759157398508684,0.3607997140839509,114.68338445844844,1.5910987030369417,0.01067851478548283
demo_3769,150,1.0,0.036388783067866276,0.00024422002058970655,51.366123849861154,0.3447390862406789,101.80838531768634,2.0894585696551133,0.014023211876879955
demo_377,150,0.0,0.010177636068825657,6.83062823411118e-05,49.08686854152808,0.32944207074851056,148.62493081435136,2.775749236114099,0.01862918950412147
demo_3770,150,1.0,0.021181946076705323,0.0001421607119241968,41.695759056802814,0.27983730910605914,63.060249548178355,1.464701688069769,0.009830212671609188
demo_3771,150,1.0,0.03361491005618209,0.00022560342319585296,50.39984695270134,0.3382540063939687,77.44857150662388,2.073692868726583,0.013917401803534114
demo_3772,150,0.0,0.12209620030325781,0.0008194375859279047,44.89026275819457,0.3012769312630508,115.45124393110929,1.7712256290093362,0.011887420328921719
demo_3773,150,1.0,0.01783795814177886,0.00011971783987771048,49.32561660840718,0.3310444067678334,68.84758263106762,1.661759443323462,0.011152747941768201
demo_3774,150,1.0,0.01916679543737394,0.00012863621098908683,63.14634532592728,0.42380097534179384,91.67676529284844,1.9696888713454472,0.013219388398291593
demo_3775,150,1.0,0.09377221969393099,0.0006293437563351073,66.41982885050541,0.4457706634262108,105.68898599132157,1.8335273194230872,0.012305552479349578
demo_3776,150,1.0,0.20590966348553424,0.0013819440502384848,51.92574128378634,0.34849490794487475,97.55097268920572,2.65910526278309,0.01784634404552409
demo_3777,150,0.0,0.2016587043593251,0.001353414123216947,54.40172193711223,0.3651122277658539,141.71512179612876,2.2965501720059303,0.015413088402724364
demo_3778,150,0.0,0.03627264682112249,0.00024344058269209722,47.85384552915808,0.32116674851783944,152.0412337294236,2.2626870995564974,0.01518581946011072
demo_3779,150,1.0,0.14311701291987633,0.0009605168652340693,59.17651369267262,0.39715781001793704,81.70471958181062,1.9302935302299895,0.012954990135771742
demo_378,150,0.0,0.017005158826284637,0.00011412858272674253,46.50957504366789,0.31214479895079117,160.389178616066,2.1714006087583573,0.014573158448042666
demo_3780,150,0.0,0.07731671086597741,0.0005189040997716605,50.101245132719825,0.3362499673336901,97.90351999278646,2.6441707346816212,0.01774611231329947
demo_3781,150,1.0,0.08488445713719502,0.0005696943432026511,51.86393683640953,0.3480801129960371,76.99766156275484,1.9063567265567154,0.012794340446689366
demo_3782,150,1.0,0.3122888096349471,0.0020958980512412557,44.33052803651574,0.2975203223927231,79.86473512092337,1.9773518025817018,0.013270817466991288
demo_3783,150,0.0,0.05531701351029753,0.00037125512423018476,55.34139315135174,0.3714187459822264,112.92868142816607,1.8724594761970015,0.012566842122127527
demo_3784,150,1.0,0.15627991956610154,0.0010488585205778627,46.19822228608544,0.3100551831280902,93.83656243289171,2.119716908989325,0.014226287979794128
demo_3785,150,1.0,0.25266971537084737,0.0016957699018177676,63.74699056420294,0.4278321514376036,119.34761347843255,2.3820400638773784,0.01598684606629113
demo_3786,150,1.0,0.11602748310222921,0.0007787079402834175,54.881247583411465,0.36833052069403666,106.82825630468375,1.8901773713113905,0.012685754169875104
demo_3787,150,0.0,0.07088184146626918,0.0004757170568205985,44.655589239367785,0.29970194120381066,95.76926248973383,1.3354211108747474,0.008962557791105687
demo_3788,150,1.0,0.11630160590096485,0.0007805476906105023,59.99942625548307,0.40268071312404746,86.25981754771195,1.7947312452592952,0.012045176142679833
demo_3789,150,1.0,0.02393393749810286,0.00016063045300740176,47.78258077703055,0.3206884615908091,97.35069564082916,2.1524313336483454,0.014445847876834533
demo_379,150,0.0,0.013226486938160578,8.87683687124871e-05,56.33814952118013,0.3781083860481888,142.2151327271558,2.541769556801146,0.01705885608591373
demo_3790,150,0.0,0.005490857824479786,3.685139479516635e-05,41.125288155648505,0.27600864533992286,45.66178892962501,0.7706892048204508,0.005172410770607052
demo_3791,150,1.0,0.047906493357205295,0.0003215200896456731,46.423057318093846,0.31156414307445535,124.55821824362106,2.1990966661064495,0.014759038027560064
demo_3792,150,1.0,0.18119066335525494,0.0012160447205050667,62.07721225695617,0.4166255856171555,106.74979238542873,1.9914950439317325,0.013365738549877399
demo_3793,150,1.0,0.2281960090544609,0.001531516839291684,57.77229135514298,0.38773349902780524,117.55727882225862,1.932747489172367,0.012971459658874947
demo_3794,150,1.0,0.005906773668097311,3.964277629595511e-05,55.63738464834445,0.3734052660962715,66.29241219964324,1.7955994267691637,0.012051002864222575
demo_3795,150,0.0,0.025908502762340323,0.00017388256887476727,66.79197110063703,0.44826826242038276,136.87867195657037,1.9586676889357437,0.013145420731112373
demo_3796,150,1.0,0.025422194232643074,0.00017061875323921526,39.65657614538564,0.26615151775426604,95.88666768705001,1.970901220076751,0.013227524966958061
demo_3797,150,1.0,0.07986638466198996,0.0005360160044428857,58.13042157331483,0.39013705753902567,95.84236836147723,2.1690640639571797,0.01455747693930993
demo_3798,150,1.0,0.09067795322232919,0.0006085768672639543,55.37328843680552,0.37163280830070816,100.96380410935484,2.193419638006562,0.014720937167829275
demo_3799,150,1.0,0.08498874221827886,0.000570394243075697,55.182711602409526,0.3703537691436881,75.99617278649245,2.0011481452374333,0.01343052446468076
demo_38,150,0.0,0.010353097183238798,6.948387371301207e-05,49.92042037231977,0.33503637833771654,175.6597092010061,2.037575458266727,0.013675003075615618
demo_380,150,0.0,0.017033929763914074,0.00011432167626787969,42.45076320444016,0.28490445103651113,163.22285224331074,2.4519615947230458,0.01645611808538957
demo_3800,150,0.0,0.05581692741684322,0.0003746102511197532,46.67280241078928,0.31324028463616965,124.08177789515821,2.418333813145818,0.01623042827614643
demo_3801,150,1.0,0.08085437282807496,0.0005426467975038588,53.653968466509525,0.3600937480973794,77.6888678323199,2.1537666441290737,0.014454809692141433
demo_3802,150,1.0,0.07572184965031754,0.0005082003332236077,53.25384210950062,0.3574083363053733,97.23061268119413,1.8174463941951071,0.01219762680667857
demo_3803,150,1.0,0.13750264812218033,0.0009228365645783914,53.52688861540605,0.35924086319064463,99.50531804596562,2.4015746478220614,0.016117950656523904
demo_3804,150,1.0,0.28791273331991263,0.0019323002236235746,48.982285127637915,0.3287401686418652,105.23102750459424,2.7900443416650598,0.018725129809832614
demo_3805,150,0.0,0.07993709534003292,0.0005364905727518988,45.01138127481149,0.30208980721349993,118.20304617508219,1.9880151367981882,0.013342383468444217
demo_3806,150,1.0,0.10168515971287972,0.0006824507363280518,52.176653443608586,0.3501788821718697,66.90244935873937,1.7525332736945929,0.011761968279829482
demo_3807,150,0.0,0.11563468947781123,0.0007760717414618204,43.99990793130904,0.2953013955121412,144.56752633921403,2.579167224778466,0.017309847146164202
demo_3808,150,1.0,0.03487276214019806,0.00023404538349126216,47.38834018167226,0.3180425515548474,65.43984268521326,1.7980007694806845,0.012067119258259628
demo_3809,150,1.0,0.1548275449733642,0.0010391110400896927,66.60141749780034,0.4469893791798681,114.79426623166508,2.244655856722469,0.015064804407533348
demo_381,150,0.0,0.019102620740496543,0.00012820550832548015,63.01857201061612,0.42294343631285986,146.68567116199065,2.409234062500768,0.01616935612416623
demo_3810,150,1.0,0.018404554756048856,0.0001235205017184487,48.213675288407146,0.3235817133450144,94.69556310568102,1.584159809193443,0.010631945028143913
demo_3811,150,1.0,0.01781057434741999,0.00011953405602295296,43.85931590157654,0.29435782484279555,77.183464631269,1.865859333403509,0.012522545861768517
demo_3812,150,1.0,0.07742340622652734,0.000519620176016962,51.736699405371965,0.34722617050585214,72.3511962409978,1.894425637417581,0.012714266022936785
demo_3813,150,0.0,0.020108813807151953,0.00013495848192719432,27.357317263985376,0.18360615613413003,36.5513065771861,0.6729439793564744,0.004516402546016607
demo_3814,150,1.0,0.1879179767832213,0.0012611944750551766,54.30658268902577,0.3644737093223206,86.03187104299059,2.057612275982029,0.013809478362295497
demo_3815,150,1.0,0.02366610691023482,0.00015883293228345516,46.25985417439331,0.3104688199623712,72.24542658925135,1.650390825159346,0.011076448491002321
demo_3816,150,0.0,0.183683582285428,0.0012327757200364295,52.57899436190332,0.35287915679129744,78.46568701477743,1.93983830633661,0.013019049035816174
demo_3817,150,1.0,0.0469503768521297,0.00031510320034986377,45.467436508447186,0.3051505805936053,72.3506273943574,2.033275027143997,0.013646141121771791
demo_3818,150,1.0,0.06540078030271274,0.00043893141142760226,51.893679090219656,0.3482797254377158,101.71111675750744,2.2016500775025976,0.014776175016795956
demo_3819,150,0.0,0.04072621229554996,0.0002733302838627514,49.9182432353536,0.3350217666802255,120.3121035215625,1.096240893742769,0.0073573214345152285
demo_382,150,0.0,0.02116885797518046,0.0001420728723166474,57.76850793077566,0.3877081069179575,169.37335844445406,2.328954988277806,0.015630570391126215
demo_3820,150,0.0,0.09312995298745862,0.0006250332415265679,61.86770423484799,0.4152194915090469,137.65565340902137,2.246962708108426,0.015080286631600175
demo_3821,150,0.0,0.09658813389994166,0.0006482425093955815,56.12869459370097,0.37670264827987227,148.71073787802897,1.939979323065984,0.013019995456818685
demo_3822,150,0.0,0.06956880975605634,0.0004669047634634654,66.5631449694633,0.44673251657357915,136.42852928579376,1.9827682584676236,0.013307169519916937
demo_3823,150,1.0,0.033298481248183416,0.00022347973992069406,53.865890572921145,0.36151604411356475,86.6251261977769,1.7178609155373956,0.011529267889512721
demo_3824,150,1.0,0.23165584961892044,0.0015547372457645667,56.751256324285926,0.38088091492809345,111.605301151265,2.4218255874036503,0.016253863002709062
demo_3825,150,1.0,0.17524390970631556,0.0011761336221900373,48.81613874874319,0.3276250922734442,67.06623412535284,1.9912935475444562,0.013364386225130578
demo_3826,150,1.0,0.014079246835875867,9.44915895025226e-05,62.33610966548051,0.41836315211731884,98.94945812358944,2.0536416456940083,0.013782829836872538
demo_3827,150,1.0,0.11373560547704269,0.00076332621125532,57.802399066868695,0.38793556420717246,99.18091386746094,2.0306080874784493,0.013628242197841941
demo_3828,150,1.0,0.06775396108162202,0.0004547245710175974,42.20595016783284,0.28326141052236803,125.28310122316613,2.2327248014925924,0.014984730211359681
demo_3829,150,1.0,0.1154753215262002,0.000775002157893961,56.448570486009174,0.37884946634905486,98.9249143619399,1.9747540025980634,0.013253382567772238
demo_383,150,0.0,0.015573687087027372,0.00010452138984582129,43.79679190500245,0.29393820070471444,129.1007641903108,2.3452431865141863,0.01573988715781333
demo_3830,150,1.0,0.010336690346291972,6.937376071336894e-05,48.55302821432942,0.32585924976060016,61.35108531087622,1.6104836735837922,0.010808615258951625
demo_3831,150,0.0,0.023600900386464122,0.00015839530460714176,65.78999781524676,0.4415436094983004,184.7518438935331,2.1790990824194667,0.014624826056506487
demo_3832,150,0.0,0.029429350742365763,0.0001975124210897031,51.26502893631405,0.34406059688801377,137.94802233052692,2.1109013321651853,0.014167123034665673
demo_3833,150,1.0,0.10218621714469273,0.0006858135378838438,59.07903991704514,0.3965036236043298,101.75607239430424,2.1607796131765964,0.014501876598500647
demo_3834,150,1.0,0.06265568961145115,0.0004205079839694708,47.83781676239323,0.321059172901968,68.3126287824717,2.009584811893246,0.013487146388545274
demo_3835,150,1.0,0.02350167697451422,0.00015772937566788065,52.138251030220545,0.34992114785382916,70.84572062562366,1.8711234133000585,0.012557875257047373
demo_3836,150,0.0,0.08356592654173234,0.0005608451445753848,46.307706130591356,0.3107899740308145,207.37566091980327,3.329919050519716,0.022348450003488025
demo_3837,150,0.0,0.13044170469371635,0.0008754476825081635,60.58841684831358,0.4066336701229099,126.68479284000685,2.444986343349403,0.016409304317781228
demo_3838,150,1.0,0.11284300899886428,0.0007573356308648609,49.18388745990484,0.3300932044288915,87.16339257576678,1.719279469974914,0.011538788389093384
demo_3839,150,1.0,0.036426486727664444,0.00024447306528633855,43.26227500568232,0.29035083896431085,83.81091374145285,1.7191920800759584,0.011538201879704418
demo_384,150,0.0,0.012138356967475767,8.146548300319307e-05,49.950371827964844,0.335237394818556,137.82441207636995,2.2492444391299498,0.015095600262617113
demo_3840,150,1.0,0.14088463807820387,0.0009455344837463347,38.406367576837475,0.25776085622038575,99.07931909314188,2.0249174110327055,0.013590049738474533
demo_3841,150,1.0,0.03091984840547342,0.00020751576111055985,53.17590086336812,0.3568852406937458,115.3125030736508,2.329363807771239,0.015633314146115698
demo_3842,150,1.0,0.05136770769060634,0.00034474971604433785,54.7847717049134,0.36768303157660004,102.21791127941175,1.919651398280536,0.012883566431412995
demo_3843,150,1.0,0.027252144980567,0.00018290030188300002,54.52328580299799,0.3659280926375704,81.79635462860905,1.6335041329178535,0.010963114986025863
demo_3844,150,1.0,0.12480279227816143,0.0008376026327393385,66.34379998174846,0.4452604025620702,77.3121105978335,2.1701674717990205,0.014564882361067252
demo_3845,150,1.0,0.024706062957711685,0.0001658125030718905,56.42738745915752,0.3787072983836075,71.3561858607866,1.9742750338227344,0.013250168012233117
demo_3846,150,1.0,0.09197706432653778,0.0006172957337351528,52.605361808941595,0.35305611952309796,97.31015890415148,2.3072701772684345,0.015485034746768017
demo_3847,150,1.0,0.11909943772857422,0.0007993250854266726,47.87965096965114,0.3213399393936318,105.96021035548098,2.721872121614468,0.018267598131640726
demo_3848,150,1.0,0.03599912666611478,0.00024160487695379048,51.15670936390007,0.3433336198919468,94.21942579757868,2.0264039163620087,0.013600026284308783
demo_3849,150,1.0,0.030308518929742435,0.0002034128787231036,44.63186688567593,0.2995427307763485,67.86674473529193,1.7772165104457256,0.011927627586884064
demo_385,150,0.0,0.011137572970409054,7.474881188193996e-05,58.81230801287256,0.39471347659646017,144.26111442931622,2.2712746617098656,0.01524345410543534
demo_3850,150,1.0,0.25815862798702555,0.0017326082415236614,58.9001297310867,0.395302884101253,117.69157189388329,2.4255914773943497,0.016279137432176842
demo_3851,150,0.0,0.015734749968594954,0.00010560234878251647,49.888809466139115,0.33482422460496053,96.55500666783799,1.6271434069174142,0.010920425549781303
demo_3852,150,1.0,0.16625924893500335,0.001115833885469821,41.308944858928804,0.2772412406639517,101.95255346650526,2.195185542750005,0.014732788877516811
demo_3853,150,1.0,0.032079810146624026,0.00021530073923908743,59.894081019927285,0.40197369812031736,70.60026714848233,1.890316719961154,0.012686689395712443
demo_3854,150,1.0,0.0717264191873981,0.0004813853636738127,46.813736119813875,0.31418614845512666,99.77323517712136,2.02872167254606,0.013615581694940001
demo_3855,150,0.0,0.15432404932728216,0.001035731874679746,47.85140030073502,0.32115033758882566,154.7241260967383,2.735451467747488,0.018358734682869048
demo_3856,150,0.0,0.14553309180236812,0.000976732159747437,52.816130298389844,0.354470673143556,128.41057338415303,2.2015458117905182,0.01477547524691623
demo_3857,150,0.0,0.15409771756304025,0.0010342128695506056,49.96506940589893,0.3353360362812009,135.7533816218833,2.4899225325862684,0.016710889480444753
demo_3858,150,1.0,0.15990608753540483,0.0010731952183584217,52.58647228342745,0.35292934418407684,128.8694765256272,2.746150020688178,0.01843053705159851
demo_3859,150,1.0,0.02139993866042174,0.00014362374939880362,57.16378184266653,0.38364954256823175,105.5721172400743,2.3551199472216418,0.015806174142427125
demo_386,150,0.0,0.012994183682357937,8.72092864587781e-05,56.15429237657072,0.37687444548034044,149.118161339071,2.150778260436838,0.014434753425750593
demo_3860,150,0.0,0.09144651839307491,0.0006137350227723149,53.81454457455445,0.3611714400976809,114.27518741280774,1.7542621165299737,0.011773571251879018
demo_3861,150,1.0,0.1390201258962759,0.000933020979169637,53.38935308348101,0.35831780592940277,81.93346319622388,2.0847355477902294,0.013991513743558587
demo_3862,150,1.0,0.09217729378640359,0.0006186395556134469,55.25987662732541,0.3708716552169491,66.58585398241283,1.7471853794736643,0.011726076372306472
demo_3863,150,0.0,0.04621384406487874,0.00031016002728106534,51.10593697706682,0.3429928656178981,78.8747288227205,1.2959181719389,0.008697437395563086
demo_3864,150,1.0,0.06762629042999106,0.0004538677210066514,62.48479961460006,0.4193610712389266,98.96462097736992,2.130547693457317,0.014298977808438368
demo_3865,150,1.0,0.09282921054344083,0.000623014835862019,53.56804540620161,0.35951708326309806,77.30702380896999,1.8709213916068113,0.012556519406757123
demo_3866,150,0.0,0.061556708785377175,0.0004131322737273636,56.91179400381762,0.3819583490189102,125.91118763136336,1.742442187745434,0.011694242870774724
demo_3867,150,0.0,0.06381879352432775,0.00042831405049884394,48.27062828371191,0.3239639482128316,146.9885786616248,1.991036769242494,0.013362662880822107
demo_3868,150,1.0,0.05724868863985138,0.00038421938684464013,47.076046107849216,0.3159466181734847,82.5475435383193,2.1072388908736333,0.01414254289176935
demo_3869,150,1.0,0.026246248862379203,0.0001761493212240215,51.782620496743206,0.3475343657499544,60.73727054667221,2.160144088336423,0.014497611331116933
demo_387,150,0.0,0.009890972010347374,6.638236248555285e-05,56.370986087712346,0.3783287656893446,167.35335541440682,2.6037492365210713,0.017474827090745444
demo_3870,150,0.0,0.026689330439704936,0.00017912302308526802,34.193413063164854,0.2294859937125158,82.1286083102123,1.0629389289357816,0.007133818315005245
demo_3871,150,1.0,0.028323335610734725,0.00019008950074318607,58.636450824201596,0.3935332270080644,68.46208217894932,1.6501843273274632,0.011075062599513175
demo_3872,150,0.0,0.067320194267461,0.0004518133843453758,46.893297599985424,0.31472011812070755,101.05591236718499,1.3602190299617738,0.009128986778266937
demo_3873,150,0.0,0.07876471480308017,0.000528622247000538,63.38962335960288,0.4254337138228381,141.27562244806654,2.3927877262024633,0.01605897802820445
demo_3874,150,1.0,0.07805073184678554,0.0005238304150790976,50.2337393613881,0.3371391903448866,101.33491911471472,2.1379145872753327,0.014348420048827736
demo_3875,150,1.0,0.047973188597673494,0.0003219677087092181,51.83841245635521,0.34790880843191413,82.21459306827494,1.7535384305016715,0.011768714298668936
demo_3876,150,1.0,0.2132775524379047,0.0014313929693819108,47.2894262850344,0.31737869989955975,134.57861790234963,2.5046745220406947,0.01680989612107849
demo_3877,150,0.0,0.05610826660860796,0.00037656554770877827,55.19445562232993,0.3704325880693284,157.62284818610132,1.948217932971361,0.013075288140747389
demo_3878,150,1.0,0.02879730849444782,0.00019327052680837464,46.08466358924421,0.3092930442231155,82.55423716322102,2.1534426949168575,0.014452635536354749
demo_3879,150,1.0,0.04287495554779149,0.00028775137951537913,54.743307884572516,0.36740475090317126,71.72456928826092,1.9975278183913319,0.01340622696906934
demo_388,150,0.0,0.015437385839536627,0.00010360661637272904,58.55156795627557,0.39296354333070854,157.6230477162521,2.5855663202144683,0.017352794095399117
demo_3880,150,1.0,0.027306153785933047,0.00018326277708679897,45.232429302401705,0.30357335102283023,57.70678020935733,1.770484224145892,0.01188244445735498
demo_3881,150,0.0,0.08251487708882009,0.0005537911214014771,44.64785701767944,0.2996500470985197,101.25787842806145,1.2788460149773118,0.008582859160921556
demo_3882,150,1.0,0.11488820877065761,0.0007710618038299169,60.621587658987494,0.40685629301333887,93.406581607555,2.118388689742735,0.01421737375666265
demo_3883,150,1.0,0.017908766588963572,0.00012019306435546022,52.09739565540685,0.3496469507074285,75.07945042585398,2.034315685093346,0.013653125403311046
demo_3884,150,1.0,0.01650367688854382,0.00011076293213787799,35.40739680170181,0.23763353558189132,76.25078800077692,2.0800332456166624,0.013959954668568204
demo_3885,150,1.0,0.07809681682543368,0.0005241397102378099,52.74663405848237,0.3540042554260562,106.50465845475802,2.1579766575438435,0.014483064815730494
demo_3886,150,1.0,0.07726662922411295,0.0005185679813698856,48.90425584357333,0.3282164821716331,98.1328517354194,2.2150120427902986,0.014865852636176501
demo_3887,150,1.0,0.018837584430085656,0.00012642674114151446,40.62194601743544,0.2726305101841305,126.46584695500893,2.2359750779127827,0.015006544147065657
demo_3888,150,0.0,0.06442251614860629,0.00043236588019198856,54.356269054165224,0.3648071748601693,99.01675625030269,2.2601552393539524,0.01516882710975807
demo_3889,150,1.0,0.16549386500305518,0.0011106970805574174,47.50484182001806,0.3188244417450876,148.31311605385412,2.3539848638099077,0.0157985561329524
demo_389,150,0.0,0.017777330873632965,0.00011931094546062393,52.19437357989626,0.3502978092610487,169.13771501097565,2.5276284066779366,0.016963949038106958
demo_3890,150,1.0,0.18051182919508862,0.001211488786544219,54.746998628718,0.3674295209981074,103.47806842501076,2.0382325093645974,0.0136794128145275
demo_3891,150,0.0,0.024889504915215098,0.00016704365714909463,32.35336584912614,0.21713668355118215,72.50755722283209,0.6906275153593779,0.004635083995700523
demo_3892,150,1.0,0.023732869947717245,0.00015928100636051842,40.50576643528928,0.2718507814448945,61.083344746625286,1.6249825339347606,0.010905923046542016
demo_3893,150,0.0,0.03161038472404639,0.00021215023304729122,46.91698471358905,0.3148790920375104,74.32009492519536,1.1125617822427063,0.007466857598944337
demo_3894,150,1.0,0.12803031386283256,0.0008592638514284065,52.502084244156364,0.35236298150440515,91.82646540487562,2.1975231455479998,0.014748477486899328
demo_3895,150,1.0,0.037456478800579666,0.0002513857637622796,55.212633380455195,0.370554586446008,78.54681888204834,1.7563645526731329,0.01178768156156465
demo_3896,150,0.0,0.26849941852965414,0.0018020095203332494,59.44071583399151,0.39893097875162087,143.72507479735924,2.066547405241871,0.013869445672764236
demo_3897,150,1.0,0.06867344636552541,0.0004608956131914457,52.58577209837869,0.3529246449555617,90.75605158138995,2.1943544038413156,0.014727210764035676
demo_3898,150,1.0,0.13557090177011374,0.0009098718239604949,57.8692325171693,0.38838411085348523,98.89531324153754,2.1373243005700826,0.014344458393087803
demo_3899,150,1.0,0.016939838140071682,0.0001136901888595415,48.39947342036831,0.3248286806736128,94.30686374572787,1.9332403982120376,0.012974767773235151
demo_39,150,0.0,0.05980359351181071,0.00040136639940812556,52.03679164648007,0.3492402123924837,172.01560066316563,2.1734896002298196,0.014587178525032347
demo_390,150,0.0,0.02270855102201877,0.00015240638269811254,47.078537732197155,0.31596334048454466,165.33087434654033,2.461491091863497,0.016520074442036892
demo_3900,150,0.0,0.04203190248802455,0.00028209330528875535,57.08039960466488,0.3830899302326502,116.40679367180852,3.6601002398948506,0.024564431140233895
demo_391,150,0.0,0.015810346687404383,0.0001061097093114388,48.6409432000426,0.3264492832217624,119.65558557979469,2.2685123183611133,0.015224914888329619
demo_392,150,0.0,0.00869835231723385,5.837820347136812e-05,56.24468688465224,0.3774811200312231,160.50798585737394,2.477261992195934,0.016625919410710965
demo_393,150,0.0,0.015231816983244122,0.00010222695961908807,60.47477476030205,0.4058709715456513,150.47262254653631,2.4312799658027746,0.01631731520673003
demo_394,150,0.0,0.009051833561553107,6.075056081579266e-05,52.5759567481023,0.35285877012149197,166.9580244219647,2.4065778218877627,0.016151529005958138
demo_395,150,0.0,0.020247147470351,0.0001358868957741678,44.24636482254744,0.29695546860770095,156.74822940070356,2.815024605572571,0.018892782587735375
demo_396,150,0.0,0.016582075013622223,0.00011128909405115586,52.07699802794187,0.3495100538788045,156.88268696694286,2.383617419445998,0.015997432345275155
demo_397,150,0.0,0.011512665189739627,7.72662093271116e-05,48.5673159188284,0.3259551403948215,165.86253952606853,2.446820333250076,0.016421612974832727
demo_398,150,0.0,0.01835401660185891,0.00012318131947556315,51.37254814120756,0.34478220228998363,168.4181466496569,2.6627202785546595,0.017870605896339996
demo_399,150,0.0,0.025693123355633986,0.00017243706950089923,47.64011585551057,0.31973232117792333,130.11566940552123,2.516301332198191,0.016887928404014704
demo_4,150,0.0,0.02203771709087457,0.00014790414154949375,56.48175047908151,0.37907215086631885,177.40785758722595,2.1920640910345224,0.014711839537144446
demo_40,150,0.0,0.057642924902929826,0.0003868652678048982,58.90190943550173,0.3953148284261861,165.21459075232085,1.8317695744828972,0.012293755533442263
demo_400,150,0.0,0.018563065721800318,0.00012458433370335785,59.3485251794368,0.39831224952642147,182.8342422628146,2.6858841508538873,0.018026068126536156
demo_401,150,0.0,0.018373431671942077,0.0001233116219593428,58.00357778009588,0.3892857569133952,168.6757999376399,2.47727515136825,0.01662600772730369
demo_402,150,0.0,0.009747330846560699,6.541832782926644e-05,49.98156289348584,0.33544673082876403,167.6915138386011,2.3577921268896835,0.01582410823415895
demo_403,150,0.0,0.012535509888917147,8.413093885179294e-05,64.24259147153779,0.4311583320237436,168.6300683251387,2.5757068456692815,0.01728662312529719
demo_404,150,0.0,0.01969951533328339,0.00013221151230391538,48.9057762021559,0.3282266859205094,155.46220112165315,2.3520502369509217,0.0157855720600733
demo_405,150,0.0,0.023831135185043498,0.00015994050459760737,49.091653039178276,0.32947418147099516,157.68712340174093,2.41913046456415,0.01623577492996074
demo_406,150,0.0,0.019923778516419917,0.0001337166343383887,55.887417599031274,0.3750833395908139,153.34078487731972,2.6588047152031278,0.017844326947671997
demo_407,150,0.0,0.014818966088549166,9.945614824529641e-05,51.141508170291,0.34323159845832885,163.97492940074446,2.9286137439048163,0.0196551257980189
demo_408,150,0.0,0.00681871471702111,4.5763186020275906e-05,54.104942376591346,0.36312041863484124,158.792503721023,2.593167021897195,0.017403805516088555
demo_409,150,0.0,0.022199109699602662,0.00014898731342015208,48.72315486749757,0.32700103937917835,128.99610775435056,2.3714198048364374,0.01591556915997609
demo_41,150,0.0,0.12523935672113767,0.000840532595443877,59.95929629106405,0.40241138450378555,174.03081358329206,2.2608184606968544,0.015173278259710432
demo_410,150,0.0,0.013505635876086008,9.064185151735576e-05,55.14271617903521,0.3700853434834578,138.00068548875305,2.590965839442532,0.017389032479480083
demo_411,150,0.0,0.017372683679143523,0.00011659519247747331,57.88891175560089,0.3885161862792006,164.37307961324467,2.3763264884772752,0.015948499922666278
demo_412,150,0.0,0.01807557207478362,0.00012131256426029274,52.856151619159824,0.35473927261181093,144.65476425261448,2.063539674169378,0.013849259558183745
demo_413,150,0.0,0.018311320741161034,0.00012289477007490626,56.65842644068788,0.3802578955750865,153.2968738743306,2.0896394333876875,0.014024425727434144
demo_414,150,0.0,0.014702470551667585,9.867429900448043e-05,51.71160270024615,0.34705773624326275,162.97424556874878,2.43074816866538,0.01631374609842537
demo_415,150,0.0,0.01678037104547263,0.00011261993990250088,51.350235059268584,0.3446324500622053,150.64239608125217,2.1746418660310507,0.014594911852557388
demo_416,150,0.0,0.013799699660595533,9.261543396372842e-05,57.24431299799848,0.3841900201207952,140.36434077651217,2.8860725203838093,0.01936961423076382
demo_417,150,0.0,0.025893266513228465,0.00017378031216931856,56.065675480745526,0.3762797012130572,160.57904105205492,2.5934955393544383,0.017406010331237842
demo_418,150,0.0,0.023126631361871337,0.00015521229101927072,59.42571611112544,0.3988303094706405,154.38878357006223,2.096782709577929,0.014072367178375362
demo_419,150,0.0,0.011129210591142302,7.469268853115639e-05,59.7403436793491,0.400941903888249,145.28477871154408,2.726707509655654,0.018300050400373517
demo_42,150,0.0,0.013254945121527575,8.89593632317287e-05,69.76102095671871,0.4681947715216021,161.93398404015915,2.0080291529755474,0.013476705724668104
demo_420,150,0.0,0.013595422081678719,9.124444350119945e-05,54.078892747796225,0.36294558891138406,149.74735730239266,2.8999336663248956,0.01946264205587178
demo_421,150,0.0,0.0307896691526137,0.00020664207484975638,59.716523744570914,0.4007820385541672,123.32951665596816,2.520604318939836,0.016916807509663328
demo_422,150,0.0,0.01377052129544144,9.24196060096741e-05,46.7928338386617,0.3140458646890047,158.96872611365694,2.5222403606788797,0.01692778765556295
demo_423,150,0.0,0.007402444484368044,4.9680835465557344e-05,50.08388502423787,0.33613345653850923,136.3230867411314,2.423236366997109,0.016263331322128247
demo_424,150,0.0,0.030464171448765825,0.00020445752650178405,49.75834159828866,0.33394860133079635,147.37793645377286,2.2679240479988856,0.015220966765093193
demo_425,150,0.0,0.013399397526183464,8.992884245760714e-05,52.69904924228303,0.3536848942435103,156.1580015723307,2.6699719351703806,0.017919274732687118
demo_426,150,0.0,0.013438541666056526,9.01915548057485e-05,42.0351866379248,0.2821153465632537,156.27410874381312,2.9694292959877107,0.01992905567776987
demo_427,150,0.0,0.011982741679610796,8.042108509805903e-05,56.718899356327725,0.3806637540693136,160.69780231365712,2.6268795892978583,0.017630064357703746
demo_428,150,0.0,0.06647800822933256,0.0004461611290559232,43.282917149397,0.2904893768415906,155.5703241617031,2.50106461054847,0.01678566852717094
demo_429,150,0.0,0.014464829202732867,9.707939062236824e-05,52.01430967384644,0.34908932667011033,154.48692402771107,2.4449316169757283,0.01640893702668274
demo_43,150,0.0,0.08001916493008353,0.0005370413753696881,52.245308320794706,0.35063965315969603,148.28851071528646,1.640893813334712,0.011012710156608804
demo_430,150,0.0,0.009969234396321986,6.690761339813414e-05,50.89845794472189,0.34160038889075095,142.2781593807014,2.633727203694707,0.017676021501306757
demo_431,150,0.0,0.021473363564337117,0.0001441165339888397,42.48656229085899,0.28514471336146974,158.09315117188154,3.3052199542606724,0.022182684256783037
demo_432,150,0.0,0.019478407976299798,0.0001307275703107369,63.74061785552651,0.42778938158071483,146.44518648673164,2.903277755721678,0.01948508560887032
demo_433,150,0.0,0.010027713398013881,6.730008991955625e-05,54.05402317675794,0.36277867903864386,119.8534319128622,2.336082655573814,0.015678407084388016
demo_434,150,0.0,0.028307194155152465,0.0001899811688265266,60.4226179209111,0.4055209256436987,145.46054174986585,2.0173555336384994,0.013539298883479862
demo_435,150,0.0,0.019866143587510102,0.00013332982273496713,54.27961336596869,0.3642927071541523,167.2208396585732,2.657818410530065,0.017837707453221913
demo_436,150,0.0,0.023182490427934944,0.0001555871840801003,56.642626725595406,0.3801518572187611,152.91883821549015,3.0423435959079095,0.020418413395355096
demo_437,150,0.0,0.026841932948131843,0.00018014720099417345,56.64284828935982,0.3801533442238914,171.35742394303557,3.1079354124661975,0.02085862692930334
demo_438,150,0.0,0.016203418557279654,0.00010874777555221244,51.53693105921267,0.3458854433504206,166.0647498821536,2.446520000208385,0.0164195973168348
demo_439,150,0.0,0.0182293578501605,0.00012234468355812415,48.831762497164526,0.3277299496453995,150.83395162750264,2.848889554208255,0.019120064122203056
demo_44,150,0.0,0.011772812367930487,7.901216354315764e-05,53.611803270403506,0.3598107602040504,154.93883258502794,2.0804517934708455,0.013962763714569433
demo_440,150,0.0,0.014168796766862732,9.509259575075659e-05,53.98216328368197,0.3622963978770602,161.52758434823807,2.529129075038303,0.01697402063784096
demo_441,150,0.0,0.08807875677397821,0.0005911325957985115,57.35986740485785,0.3849655530527373,159.5865146152942,2.401174755728118,0.016115266816967237
demo_442,150,0.0,0.02107921445983013,0.00014147123798543713,53.83701703554475,0.3613222619835218,151.33961296809485,2.6893454728844257,0.0180492984757344
demo_443,150,0.0,0.012034084987290692,8.076567105564224e-05,59.61620154646986,0.4001087352112071,119.6765444289234,2.1676287810509063,0.014547844168126888
demo_444,150,0.0,0.011052177737671474,7.417568951457365e-05,55.23381608423751,0.37069675224320475,155.87710831907424,2.0964358288467118,0.01407003911977659
demo_445,150,0.0,0.07897999103401658,0.0005300670539195744,56.40845119213919,0.378580209343216,150.0394419718454,2.4207080949813307,0.016246363053565978
demo_446,150,0.0,0.009577853255182463,6.428089433008364e-05,63.14276009961797,0.42377691342025486,152.51457147578654,2.3330215431113333,0.01565786270544519
demo_447,150,0.0,0.020614034984680365,0.00013834922808510312,45.9955253791604,0.30869480120241877,168.50758273824633,2.7365161937376357,0.01836588049488346
demo_448,150,0.0,0.01335519287242302,8.963216692901355e-05,60.50595699119581,0.4060802482630591,151.95093878007768,3.0912295839268733,0.020746507274677
demo_449,150,0.0,0.019692545913457753,0.0001321647376742131,54.72877169680767,0.3673071925960246,158.90793709805507,2.667215359973691,0.017900774228011347
demo_45,150,0.0,0.03574950171142868,0.00023992954168744083,44.72792396834961,0.3001874091835544,166.87223643137807,2.0645985919419814,0.013856366388872358
demo_450,150,0.0,0.012899986618701188,8.657709140067911e-05,57.37517293956385,0.38506827476217353,117.77976321201176,2.2284295875972764,0.014955903272464943
demo_451,150,0.0,0.013763569966982202,9.237295279853827e-05,63.55990231077452,0.4265765255756679,169.82070529969283,2.480594963440913,0.016648288345241024
demo_452,150,0.0,0.011329539917194592,7.60371806523127e-05,55.5873749846748,0.37306963076962957,183.62326027923442,2.5180798146398224,0.016899864527784043
demo_453,150,0.0,0.012885259711316738,8.647825309608549e-05,59.002437451175076,0.39598951309513475,142.98519441829814,2.8474383154903045,0.0191103242650356
demo_454,150,0.0,0.01555282721865184,0.00010438139072920698,53.637585352462956,0.3599837943118319,142.70120802986392,2.2814571175067035,0.015311792734944318
demo_455,150,0.0,0.01995592912821238,0.00013393241025645892,52.06189962162242,0.3494087222927679,125.777627732526,2.4195791648614575,0.016238786341352063
demo_456,150,0.0,0.01604200165821834,0.00010766444065918349,52.557190806414134,0.3527328242041217,177.66238782160997,2.761761050428208,0.018535309063276564
demo_457,150,0.0,0.009961160484396303,6.685342606977384e-05,55.049120384049395,0.3694571837855664,157.06398079367167,3.187569978250675,0.021393087102353523
demo_458,150,0.0,0.0430105619080961,0.0002886614893160812,49.81417823719027,0.33432334387376017,145.32833510023892,2.486300724116508,0.01668658204105039
demo_459,150,0.0,0.0628511091367223,0.00042181952440753224,63.88472700830012,0.42875655710268534,176.03299179059158,2.62602475362501,0.017624327205536982
demo_46,150,0.0,0.056007776776646166,0.0003758911193063501,65.00342611574841,0.4362646048036806,187.15556709612176,2.0932459239363395,0.014048630361988855
demo_460,150,0.0,0.008160442813557007,5.47680725742081e-05,52.01598038648873,0.3491005395066358,153.40254597665577,2.1927512524390753,0.014716451358651511
demo_461,150,0.0,0.01157423330820332,7.767941817586121e-05,59.373714089310276,0.39848130261282066,130.43892144868238,2.5730636196299237,0.017268883353220965
demo_462,150,0.0,0.013423283931814191,9.008915390479323e-05,43.648562050068904,0.2929433694635497,144.39834525954447,3.0779780680240583,0.020657570926335963
demo_463,150,0.0,0.015301570459020605,0.00010269510375181614,56.06487338170116,0.3762743179979944,144.53277649811352,2.277754524036506,0.015286943114338966
demo_464,150,0.0,0.022963334829674636,0.00015411634113875596,45.047221659269226,0.3023303467065049,165.87167576430403,2.6264252860974464,0.01762701534293588
demo_465,150,0.0,0.013330635576415891,8.946735286185162e-05,50.693032770928916,0.34022169644918737,149.61055665455967,3.048792619318669,0.020461695431668918
demo_466,150,0.0,0.022223188214232012,0.00014914891418947658,61.17706008356234,0.41058429586283446,152.36853282605392,2.4267018827364657,0.01628658981702326
demo_467,150,0.0,0.012717286693908592,8.535091740878249e-05,48.096765182093485,0.32279708175901667,131.9095496986342,2.3782112772619843,0.0159611495118254
demo_468,150,0.0,0.013336961524005967,8.950980888594608e-05,46.075408949519726,0.30923093254711226,168.42353861004057,2.637656242701558,0.017702390890614483
demo_469,150,0.0,0.021353148522957426,0.00014330972163058674,54.72525353771653,0.36728358079004386,152.7874940638722,2.455389416777594,0.016479123602534188
demo_47,150,0.0,0.012371285014309308,8.302875848529738e-05,52.59325099746374,0.3529748389091526,158.25404583662535,1.9448404683848723,0.013052620593187063
demo_470,150,0.0,0.02022472906719376,0.0001357364366925756,45.51555488621539,0.3054735227262778,157.70998642424786,2.403943061339579,0.01613384604925892
demo_471,150,0.0,0.017653689121815173,0.00011848113504573941,52.352591581412476,0.3513596750430367,109.85385943961406,2.233971696533212,0.014993098634451087
demo_472,150,0.0,0.018193443738979624,0.0001221036492548968,60.427290493031514,0.40555228518813097,143.4292999830387,2.1999393120436546,0.0147646933694205
demo_473,150,0.0,0.012224765132697005,8.204540357514768e-05,54.23033988016098,0.36396201261853006,148.87659479621212,2.5687398074731345,0.017239864479685466
demo_474,150,0.0,0.015379376570897878,0.00010321729242213341,50.07468271910244,0.3360716961013587,165.4736015714825,2.5861453593791146,0.01735668026428936
demo_475,150,0.0,0.019417742950175877,0.00013032042248440186,52.08161666321454,0.3495410514309701,140.1660012631323,2.7028330851000035,0.018139819363087274
demo_476,150,0.0,0.019811686169330926,0.00013296433670691897,60.07713514176406,0.4032022492735843,169.24813335481585,2.7738605645192767,0.01861651385583407
demo_477,150,0.0,0.013314743363519982,8.93606937148992e-05,51.15789915450653,0.34334160506380224,149.02790917160488,3.0602997811884385,0.020538924705962674
demo_478,150,0.0,0.01631860903932774,0.00010952086603575664,56.62817514002202,0.3800548667115572,137.16373339593002,2.5299321072817005,0.016979410115984566
demo_479,150,0.0,0.014981212940889504,0.00010054505329456044,57.69688127297568,0.3872273910937965,149.10051982158726,2.8898228071415595,0.01939478394054738
demo_48,150,0.0,0.045704933527686994,0.00030674452032004694,55.660600518758486,0.3735610773071039,169.53169770682393,2.146599007707532,0.01440670474971498
demo_480,150,0.0,0.01688459573062821,0.00011331943443374637,64.47938436001067,0.43274754604034005,177.83005959518482,2.428104320280407,0.01629600214953293
demo_481,150,0.0,0.016765221312265956,0.00011251826384071112,50.058264629058584,0.33596150757757437,141.05807276611935,2.840038420584522,0.01906066054083572
demo_482,150,0.0,0.013228714239559623,8.878331704402431e-05,50.59660538412562,0.33957453277936656,155.39300978491886,3.062965863862142,0.02055681787826941
demo_483,150,0.0,0.0208477086314335,0.00013991750759351343,50.93260218735944,0.341829544881607,171.07129395048113,2.724253071150267,0.018283577658726624
demo_484,150,0.0,0.013632510805694916,9.149336111204642e-05,52.08424903234303,0.34955871833787266,155.63631576313833,2.3182330971543603,0.01555861139029772
demo_485,150,0.0,0.0606482101838001,0.00040703496767651077,55.53775332395455,0.37273659948962784,144.92831179669236,2.1191588893158273,0.014222542881314278
demo_486,150,0.0,0.03630776811810622,0.00024367629609467264,58.26071493979779,0.39101150966307247,168.3421444056973,2.7684299193525694,0.018580066572836035
demo_487,150,0.0,0.013470481107446981,9.040591347279853e-05,62.55329277571328,0.41982075688398174,160.11760923400664,2.746264362670834,0.01843130444745526
demo_488,150,0.0,0.00868610560923241,5.8296010800217524e-05,44.53011519356279,0.29885983351384426,139.43244892868753,2.4479121090582736,0.016428940329250158
demo_489,150,0.0,0.010588728399596535,7.106529127245997e-05,61.67919348375124,0.41395431868289423,167.61985575175814,2.7827644708067796,0.018676271616152883
demo_49,150,0.0,0.02761033752476049,0.0001853042786896677,55.119539471832134,0.36992979511296736,132.07011350373622,1.6523718255949502,0.011089743795939263
demo_490,150,0.0,0.031957901423085286,0.00021448255988647843,58.14526054303469,0.3902366479398301,179.8331298575911,3.1644833438904567,0.02123814324758696
demo_491,150,0.0,0.015599538152978694,0.0001046948869327429,56.872195363736544,0.3816925863338023,172.36477988669895,2.686322913051245,0.018029012839270102
demo_492,150,0.0,0.01981056113148721,0.00013295678611736382,50.96905286132351,0.342074180277339,155.41177239888722,2.2804519216848305,0.015305046454260608
demo_493,150,0.0,0.10858855124199689,0.0007287822231006502,55.769278158826815,0.3742904574417907,152.89600112246757,2.650743440810425,0.017790224434969294
demo_494,150,0.0,0.01840831051066864,0.00012354570812529288,54.20186381699472,0.3637708981006357,152.80861755153208,3.168433429753433,0.02126465389096264
demo_495,150,0.0,0.01174533301003774,7.882773832240093e-05,52.682323951217974,0.3535726439679059,162.80054233674818,2.393266710986521,0.016062192691184703
demo_496,150,0.0,0.011274178090589037,7.566562476905394e-05,54.34551144717686,0.3647349761555494,190.38344160989683,2.7255508294026507,0.018292287445655375
demo_497,150,0.0,0.010685482262372219,7.171464605618939e-05,47.039512449938385,0.31570142583851263,149.13955356903796,3.0271005100791277,0.020316110805900185
demo_498,150,0.0,0.009134483896817647,6.130526105246743e-05,54.691137927317996,0.36705461696186575,156.21254564845177,2.951228091884399,0.01980689994553288
demo_499,150,0.0,0.009472379130617938,6.357301429944925e-05,55.95749334115396,0.3755536465849259,164.72698619998374,2.389025179657039,0.016033726037966704
demo_5,150,0.0,0.041482189367669606,0.00027840395548771546,55.37721790265911,0.37165918055475916,177.0655073765712,2.0914718628850255,0.014036723911980038
demo_50,150,0.0,0.04666695356602487,0.0003132010306444622,54.00015951806349,0.3624171779735805,169.42749111300472,2.0248351759048155,0.013589497824864533
demo_500,150,0.0,0.010024025048582378,6.727533589652603e-05,58.573474217929466,0.3931105652210031,159.0588919756392,2.587688071669204,0.01736703403804835
demo_501,150,0.0,0.01091627269094262,7.326357510699745e-05,49.69318516903473,0.33351130985929345,129.27151101384408,2.5952084380674503,0.0174175062957547
demo_502,150,0.0,0.04267770406090993,0.00028642754403295254,56.94074708103848,0.3821526649734126,148.66277985392955,2.1689523105157,0.01455672691621275
demo_503,150,0.0,0.027993884749407477,0.00018787842113696294,60.06483231846287,0.4031196799896837,147.17963499543913,2.389217118758493,0.016035014219855658
demo_504,150,0.0,0.01724493410187745,0.0001157378127642782,56.58724440166413,0.3797801637695579,122.09500906491276,2.700223449552463,0.018122305030553443
demo_505,150,0.0,0.02235657155180965,0.0001500441043745614,51.3869260394767,0.34487869825152145,172.58271956804174,2.631702155356218,0.017662430572860523
demo_506,150,0.0,0.011384919548909422,7.640885603294913e-05,62.69160991642313,0.42074905984176597,137.4571524390352,2.7311639835033503,0.018329959620827854
demo_507,150,0.0,0.010744701870505878,7.211209309064347e-05,47.59532334736595,0.31943170031789225,152.10338329116945,2.20376421253272,0.014790363842501476
demo_508,150,0.0,0.01583886216224225,0.0001063010883371963,53.08395354424987,0.356268144592281,143.07997633293365,2.9082455957486366,0.019518426817104945
demo_509,150,0.0,0.020211125931777457,0.0001356451404817279,52.9140873997836,0.3551281033542523,161.02965044074745,2.5313907464983947,0.016989199640928824
demo_51,150,0.0,0.009216922175555736,6.18585380909781e-05,60.582762981848774,0.40659572471039446,191.5910487459812,2.4443704824807497,0.016405171023360737
demo_510,150,0.0,0.014338820755017394,9.623369634239862e-05,54.358790660092104,0.3648240983898799,167.04408918297875,2.599171054013026,0.017444101033644473
demo_511,150,0.0,0.011544450956278955,7.747953661932185e-05,48.044870998653245,0.3224487986486795,141.72236710871962,2.3982687233171323,0.016095763243739142
demo_512,150,0.0,0.026920749702118024,0.0001806761724974364,59.46322145081347,0.39908202315982194,168.76439415938927,2.5408582016392356,0.01705273960831702
demo_513,150,0.0,0.031350147873929424,0.00021040367700623773,54.958475363981506,0.3688488279461846,175.04600226341634,2.9150376556409494,0.019564011111684224
demo_514,150,0.0,0.013446973582915054,9.024814485177888e-05,55.97062396677954,0.37564177158912443,155.86449199483425,2.377123594685602,0.01595384962876243
demo_515,150,0.0,0.016468650130250336,0.00011052785322315662,48.29312550390819,0.3241149362678402,155.40344416853148,2.3694381816599845,0.015902269675570367
demo_516,150,0.0,0.012591309511535127,8.4505432963323e-05,48.721231751570855,0.3269881325608782,139.37667119390105,2.8135916757629342,0.01888316560914721
demo_517,150,0.0,0.022236012831199334,0.00014923498544429083,43.09975992702622,0.289260133738431,159.93785447552318,2.486868476485461,0.016690392459633968
demo_518,150,0.0,0.009172047484655483,6.155736566882875e-05,50.057126161656846,0.3359538668567574,152.9771476817107,2.7596578597033092,0.018521193689283955
demo_519,150,0.0,0.018272918731118585,0.00012263703846388313,62.570486321186195,0.41993614980661875,105.21883245708138,2.0775282594764857,0.01394314268105024
demo_52,150,0.0,0.03779108010681184,0.00025363141011283116,54.639256994242075,0.36670642278014814,187.11865189739115,2.4833999033436154,0.016667113445259164
demo_520,150,0.0,0.01591713437684632,0.0001068264052137337,56.88415641565725,0.38177286185004866,161.73801206851343,2.531356136262498,0.01698896735746643
demo_521,150,0.0,0.038693496103362195,0.00025968789331115566,53.00396220897597,0.3557312899931273,161.08124874320166,2.450924668998863,0.016449158852341363
demo_522,150,0.0,0.019858134254698488,0.00013327606882347978,57.961096838273264,0.38900064992129707,130.5455673744616,2.3161649317901114,0.015544731085839673
demo_523,150,0.0,0.02907755318238238,0.0001951513636401502,57.28032445663053,0.38443170776262103,173.16282093528937,2.5941934428253624,0.017410694247150083
demo_524,150,0.0,0.014273437844764543,9.579488486419156e-05,61.20925138714114,0.41080034488014183,134.04555544887623,2.7571893056114094,0.01850462621215711
demo_525,150,0.0,0.019301807422519465,0.00012954233169476152,50.02149337746398,0.33571472065412067,152.23895350739537,2.3526688619224836,0.015789723905520026
demo_526,150,0.0,0.04741595552448958,0.00031822788942610457,55.668425683305955,0.37361359518997284,174.88079785298586,2.7878888266877295,0.0187106632663606
demo_527,150,0.0,0.014302987664035286,9.599320579889454e-05,56.799826537913994,0.3812068895162013,135.39471148925728,2.5216193911148252,0.016923620074596142
demo_528,150,0.0,0.02120898650472952,0.00014234219130690955,61.54113446978266,0.4130277481193467,155.0660863609914,2.424617301655145,0.016272599339967414
demo_529,150,0.0,0.023566385320364893,0.00015816365986822076,62.02192718882151,0.4162545448914195,156.72270880175518,2.6085467617292784,0.017507025246505225
demo_53,150,0.0,0.018194463503569312,0.00012211049331254571,59.455574867531105,0.3990307038089336,162.59977336330385,2.0135974010152737,0.013514076516881033
demo_530,150,0.0,0.014243322927572502,9.559277132598995e-05,51.45121732434983,0.34531018338489816,177.32081367065365,2.317134169153347,0.015551236034586222
demo_531,150,0.0,0.016784151657492138,0.00011264531313753113,46.528333914772176,0.31227069741457836,136.21232653079858,2.3585051623288233,0.015828893706904854
demo_532,150,0.0,0.020390246116725852,0.00013684728937399902,44.97191290619929,0.3018249188335523,159.97452412405002,2.257125833945537,0.015148495529835817
demo_533,150,0.0,0.02667689850294668,0.00017903958726809852,57.33193394789,0.38477808018718124,168.65333993797194,2.6110526894602746,0.01752384355342466
demo_534,150,0.0,0.011266114545186981,7.561150701467772e-05,41.39649365803231,0.27782881649686114,153.57411229147155,2.728771916572166,0.018313905480350105
demo_535,150,0.0,0.01550812066036078,0.00010408134671383074,57.0323027641931,0.38276713264559126,137.23192775471867,2.1041185754897036,0.014121601177783246
demo_536,150,0.0,0.023107456402570566,0.00015508360001725212,67.35762340744827,0.45206458662716964,154.27128122883636,3.178789269773116,0.021334156172973934
demo_537,150,0.0,0.021925599290096118,0.0001471516730878934,54.84209113405191,0.368067725731892,142.02055725541553,2.5326501929680774,0.016997652301799178
demo_538,150,0.0,0.013240078487334182,8.885958716331666e-05,62.0204894499033,0.4162448956369349,143.75879747380324,3.1269726380913268,0.020986393544237092
demo_539,150,0.0,0.068899181983104,0.0004624106173362685,50.7343055938881,0.34049869526099397,166.6224512410371,2.3619372662210436,0.015851927961215057
demo_54,150,0.0,0.08449409289789186,0.00056707444897914,48.92202292161231,0.3283357243061229,181.63748157040143,2.268959977584785,0.015227919312649562
demo_540,150,0.0,0.0342664036093569,0.0002299758631500463,62.393543369999286,0.4187486132214717,147.83971112116097,2.3519346691556997,0.015784796437286575
demo_541,150,0.0,0.039044925955298786,0.0002620464829214684,61.412807763323954,0.41216649505586544,167.5383372508225,2.528566230713441,0.01697024315915061
demo_542,150,0.0,0.05411530812300294,0.0003631899874027043,54.736443045180955,0.3673586781555769,154.67025039385044,2.478519624533935,0.016634359896200906
demo_543,150,0.0,0.03326123382453153,0.000223229757211621,46.57388442774727,0.31257640555535077,170.05077869440606,2.57816759714431,0.017303138235867852
demo_544,150,0.0,0.016390420096023428,0.00011000281943639884,49.221172251340136,0.3303434379284573,125.78108145063312,2.2652330479294647,0.015202906361942716
demo_545,150,0.0,0.018278862827527158,0.0001226769317283702,51.63157859657794,0.3465206617219996,153.25915412694235,2.613204606846315,0.01753828595198869
demo_546,150,0.0,0.015940860749453115,0.0001069856426137793,49.39740892736515,0.33152623441184664,159.27695960706183,2.2603700553261206,0.015170268827692084
demo_547,150,0.0,0.008973504520860265,6.022486255610916e-05,62.21886761573093,0.4175762927230264,146.90669342441882,2.798864602395447,0.01878432619057347
demo_548,150,0.0,0.03699683159435576,0.0002483008831835957,55.90488004261121,0.375200537198733,158.80539923171656,2.5725157636877762,0.017265206467703197
demo_549,150,0.0,0.016362044127587818,0.00010981237669522025,46.82381866893233,0.31425381657001566,146.47237454517716,2.3764712710614164,0.015949471617861855
demo_55,150,0.0,0.02385473525966473,0.00016009889436016596,49.77484916180574,0.33405939034768956,190.06798976247026,2.4293796959719263,0.016304561717932393
demo_550,150,0.0,0.01734463175925009,0.00011640692455872543,59.72741875143442,0.4008551594056001,158.24915867154323,2.4446340863366824,0.016406940176756257
demo_551,150,0.0,0.024800738809109612,0.00016644791147053432,49.853423490281685,0.3345867348341053,176.4163365546808,2.3035181210779125,0.015459853161596728
demo_552,150,0.0,0.016401700830542473,0.00011007852906404344,50.98544291776812,0.34218418065616185,170.9403733028179,2.5708474309541995,0.01725400960371946
demo_553,150,0.0,0.01307743125275026,8.776799498490107e-05,57.51084605997718,0.38597883261729654,170.62154695616658,2.4790155927908977,0.01663768854222079
demo_554,150,0.0,0.0126402627939943,8.483397848318322e-05,63.8739203505695,0.428684029198453,162.49182576353346,2.563147761188605,0.017202333967708757
demo_555,150,0.0,0.020899561918435453,0.00014026551623111042,46.93359653469143,0.3149905807697412,147.14743740179904,2.0760936915855903,0.013933514708628122
demo_556,150,0.0,0.05116800938280191,0.0003434094589449793,55.04268048072931,0.36941396295791484,157.48371007282194,2.211808317774488,0.014844351126003276
demo_557,150,0.0,0.010277120868610067,6.897396556114138e-05,60.1826092079827,0.40391012891263556,149.37684331728767,2.244579195721124,0.015064289904168618
demo_558,150,0.0,0.012924177074603182,8.673944345371263e-05,53.36765825866495,0.3581722030782883,163.50474998653561,2.3992957081579585,0.016102655759449386
demo_559,150,0.0,0.014716867478416036,9.877092267393312e-05,58.21936929466106,0.3907340221118192,151.9329716989244,2.419903535067723,0.016240963322602168
demo_56,150,0.0,0.040046295575596434,0.00026876708439997605,63.49356784359718,0.426131327809377,184.9842985689737,2.2744659455787053,0.015264872117977888
demo_560,150,0.0,0.03762954177661481,0.00025254726024573695,51.77608798474805,0.3474905233875708,137.22428633058888,2.5559179885246524,0.017153812003521157
demo_561,150,0.0,0.012178359413060814,8.173395579235445e-05,64.78626316826364,0.4348071353574741,154.49516066617542,2.712070557628067,0.018201815823007162
demo_562,150,0.0,0.013363156671295168,8.968561524359173e-05,55.59638124503778,0.3731300754700522,125.49060222127852,2.2365232367472716,0.01501022306541793
demo_563,150,0.0,0.05779157630664248,0.00038786292823249986,58.22286881742304,0.39075750884176536,176.48174426742892,2.593778444367643,0.01740790902260163
demo_564,150,0.0,0.014170938025299801,9.510696661275034e-05,47.63150601805962,0.31967453703395715,152.62064430407065,2.3011083886949684,0.015443680461040056
demo_565,150,0.0,0.007860163726637585,5.275277668884285e-05,47.932966492998474,0.3216977616979763,128.52531010933873,2.5794815216346527,0.01731195652103794
demo_566,150,0.0,0.011736740953170979,7.877007351121462e-05,51.49014959346786,0.34557147378166353,120.91994923066882,2.187253813700897,0.014679555796650316
demo_567,150,0.0,0.02046061303232609,0.0001373195505525241,42.073880736158806,0.2823750384977101,158.3489707221189,2.2344692948746534,0.014996438220635257
demo_568,150,0.0,0.02660532088106975,0.00017855920054409227,50.5356173882703,0.33916521737094163,163.70437527990669,2.9881854708443054,0.020054936045934935
demo_569,150,0.0,0.01721701108058199,0.00011555040993679187,59.42623920352046,0.39883382015785546,143.63487769828853,2.741668533808273,0.018400459958444786
demo_57,150,0.0,0.011095473572328884,7.44662655860999e-05,45.3546562523269,0.3043936661229993,159.4373873676062,1.9179638564949224,0.012872240647616929
demo_570,150,0.0,0.1106792665302338,0.0007428138693304282,68.0785159413501,0.45690279155268526,153.73788207030256,2.3960547497197506,0.01608090436053524
demo_571,150,0.0,0.009671888561860789,6.491200377087778e-05,49.56164669869832,0.33262850133354577,155.74623665152774,2.214227549370153,0.014860587579665458
demo_572,150,0.0,0.00916842247799545,6.153303676507014e-05,49.184229251677564,0.33009549833340646,157.58155685139337,2.424070686823022,0.016268930784047127
demo_573,150,0.0,0.021997443538017754,0.0001476338492484413,53.15394966297569,0.35673791720117914,163.7582974266867,3.088640333639854,0.020729129755972173
demo_574,150,0.0,0.012007294737809615,8.058587072355447e-05,57.121846242969255,0.3833680955903977,134.10407039285536,2.6659491944597846,0.01789227647288446
demo_575,150,0.0,0.018269329618759437,0.00012261295046147273,53.33085605457559,0.3579252084199704,148.14648892783848,2.3738792844313563,0.015932075734438632
demo_576,150,0.0,0.012357765867493419,8.293802595633167e-05,49.751444136996525,0.333902309644272,153.54771413895097,2.385978773943391,0.01601328036203618
demo_577,150,0.0,0.030811291290908597,0.00020678718987186977,53.75856245665174,0.3607957211855821,150.864916274635,2.460030265810367,0.016510270240338035
demo_578,150,0.0,0.010572178410715224,7.095421752157868e-05,48.65524257120358,0.3265452521557287,148.4611814898719,2.4400790902898954,0.016376369733489233
demo_579,150,0.0,0.0174644120588559,0.00011721081918695236,65.96617835233239,0.44272602921028453,143.65394000868025,3.0604056858966313,0.020539635475816317
demo_58,150,0.0,0.1066118034074512,0.0007155154591104107,48.66872330688493,0.32663572689184517,181.36302204125752,2.2912020760435374,0.015377195141231795
demo_580,150,0.0,0.06296426045496718,0.0004225789292279677,52.944277885840414,0.35533072406604305,155.30882525676483,2.2242597775484914,0.014927917970124103
demo_581,150,0.0,0.01338381111250133,8.982423565437134e-05,60.37019422075893,0.40516908872992574,162.69948872056352,2.3474432134222307,0.015754652439075374
demo_582,150,0.0,0.007468246263322391,5.0122458143103294e-05,54.45919289140696,0.36549793886850307,162.58295460242365,2.566811400876281,0.01722692215353209
demo_583,150,0.0,0.015796083120341784,0.0001060139806734348,53.52443632311466,0.3592244048531185,141.36775198202218,2.339897291742174,0.015704008669410564
demo_584,150,0.0,0.025995658740740342,0.00017446750832711638,49.46446901691094,0.33197630212691903,149.6397528639966,2.427958124041586,0.016295020966722053
demo_585,150,0.0,0.02644435136006214,0.00017747886818833653,56.103653390582444,0.37653458651397614,159.79663954370056,2.448039373069955,0.016429794450133928
demo_586,150,0.0,0.008502805332110683,5.7065807598058276e-05,53.37096789710766,0.35819441541682995,173.27789467281661,2.5076764920892884,0.01683004357106905
demo_587,150,0.0,0.012981172485765273,8.712196299171324e-05,59.43329871539818,0.39888119943220257,153.59127036247162,2.389081495355014,0.016034103995671234
demo_588,150,0.0,0.007853506282624476,5.27080958565401e-05,50.91261379153306,0.3416953945740474,147.6246145891989,2.9511867979137927,0.019806622804790557
demo_589,150,0.0,0.015541066558010942,0.00010430246012087881,59.22980980635939,0.3975155020561033,165.65981950230645,2.6163444955494253,0.017559359030533055
demo_59,150,0.0,0.06709371292909289,0.0004502933753630395,56.99115551945081,0.38249097664060944,196.51317911358424,2.324136339910083,0.015598230469195187
demo_590,150,0.0,0.018627164439073956,0.00012501452643673796,50.508765833024825,0.33898500559077066,146.23228237139915,2.3944489525858876,0.016070127198563003
demo_591,150,0.0,0.016272072649933297,0.00010920854127472012,51.31528798950552,0.3443979059698357,129.62579834694532,2.1300705327167977,0.014295775387361058
demo_592,150,0.0,0.014522107538680315,9.746380898443165e-05,59.02156864780187,0.39611791038793204,160.72517135641596,2.465009440010016,0.016543687516845745
demo_593,150,0.0,0.01985912473731909,0.00013328271635784625,53.860567425617454,0.3614803182927346,169.85819774885456,2.488733958531514,0.016702912473365868
demo_594,150,0.0,0.011313837911816454,7.593179806588225e-05,51.88156947064571,0.34819845282312556,136.29106384247353,2.5674433802974805,0.01723116362615759
demo_595,150,0.0,0.018687840855985603,0.00012542175071131277,44.450213933626515,0.2983235834471578,140.02155545915048,2.63323127376216,0.01767269311249772
demo_596,150,0.0,0.011422741419135586,7.666269408815829e-05,51.887335090150444,0.34823714825604324,114.75601588046894,2.0786233199186706,0.013950492079991078
demo_597,150,0.0,0.030912482830731846,0.00020746632772303253,58.58832492656769,0.39321023440649455,158.7721080185146,2.6266934168282434,0.017628814878041903
demo_598,150,0.0,0.025565749650951573,0.00017158221242249378,57.721674424150144,0.3873937880815446,159.1696067721794,2.2615494233959996,0.015178184049637581
demo_599,150,0.0,0.037746881347439615,0.00025333477414389,59.05047742173684,0.3963119290049452,159.62547539528003,2.392999666013271,0.016060400443042085
demo_6,150,0.0,0.07818534008711822,0.0005247338260880417,54.97768740610256,0.3689777678261917,137.26572172441314,1.7886051831395888,0.012004061631809322
demo_60,150,0.0,0.10366509896329103,0.0006957389192167183,45.00844999449182,0.30207013419122025,181.7891813312516,2.3257425065931336,0.015609010111363312
demo_600,150,0.0,0.017677226630177865,0.00011863910490052258,57.82091888033383,0.388059858257274,168.89583606707615,3.2125079791916247,0.0215604562361854
demo_601,150,0.0,0.0238708564442115,0.0001602070902296074,61.62962948584172,0.4136216744016223,103.51276565980879,2.1385615822126094,0.014352762296728922
demo_602,150,0.0,0.07171888700041631,0.00048133481208333096,43.41709905401132,0.2913899265369887,114.6919542467585,2.2898971173533216,0.015368437029216923
demo_603,150,0.0,0.061153523108659257,0.00041042632958831717,49.3947204339587,0.3315081908319376,85.80307572917536,2.2019511710913524,0.014778195779136593
demo_604,150,0.0,0.0314713519567476,0.00021121712722649397,57.767328690212,0.38770019255175836,101.46936775333451,2.4357886396367574,0.0163475747626628
demo_605,150,0.0,0.02006847341149538,0.0001346877410167475,44.88653121269094,0.3012518873334962,98.40552471638449,1.7812813059152537,0.011954908093390964
demo_606,150,0.0,0.07854298780243756,0.0005271341463250843,48.267599981203205,0.32394362403492083,98.99755139988648,2.2344319185206354,0.014996187372621714
demo_607,150,0.0,0.03344113923898785,0.00022443717610058962,51.28200652886903,0.3441745404622083,105.11611368852223,1.9679776853839366,0.013207903928751253
demo_608,150,0.0,0.11528098249325838,0.000773697869082271,54.26411881354592,0.3641887168694357,74.8640735402414,2.0437721960254125,0.01371659191963364
demo_609,150,0.0,0.04538056277453205,0.0003045675353995439,48.711236157194016,0.32692104803485916,88.05080372112886,1.9613032350006399,0.013163108959735837
demo_61,150,0.0,0.009752225670293812,6.545117899526047e-05,48.839244300438224,0.3277801630901894,149.50165996550103,1.8463882809064192,0.012391867657090062
demo_610,150,0.0,0.062119074548495606,0.0004169065405939302,42.27946090087176,0.2837547711467903,107.85776067642234,2.264657741527352,0.015199045245150014
demo_611,150,0.0,0.012816300810253147,8.601544167955133e-05,47.20754993491844,0.3168291941940835,107.63902475301089,2.106115925905717,0.014135006214132328
demo_612,150,0.0,0.051314780459411076,0.0003443944997275911,55.277243770988875,0.37098821322811326,98.52864874205054,2.1268507261188834,0.0142741659471066
demo_613,150,0.0,0.11532580914094097,0.0007739987190667179,49.940000765372574,0.335167790371628,88.9573178943925,2.122627327649514,0.014245820990936334
demo_614,150,0.0,0.048761904426340645,0.00032726110353248757,55.39336739334983,0.371767566398321,94.69711371600889,2.000287681140311,0.013424749537854436
demo_615,150,0.0,0.019070041016276473,0.00012798685245823135,47.99511706181253,0.32211487960948004,106.99819010809556,2.0249789767340194,0.013590462931100802
demo_616,150,0.0,0.08124390126415068,0.0005452610823097361,41.93747206620819,0.2814595440685113,173.10817268094993,4.099894994228125,0.027516073786765936
demo_617,150,0.0,0.036355324148534304,0.00024399546408412285,47.293739325605046,0.3174076464805708,116.98986530194516,2.2865176699715515,0.015345756174305714
demo_618,150,0.0,0.025853435767891394,0.00017351299173081473,51.72836385712809,0.34717022722904756,111.54700139755916,1.9045640077978425,0.012782308777166728
demo_619,150,0.0,0.2644569095790661,0.0017748785877789671,43.65465349982151,0.29298425167665443,137.60265753818933,3.4806636637739246,0.02336015881727466
demo_62,150,0.0,0.022362067630400266,0.00015008099080805547,60.9500257223408,0.4090605753177235,184.6898501474736,2.2952084114915463,0.015404083298600981
demo_620,150,0.0,0.015884274232119196,0.00010660586732965903,48.304075301661335,0.3241884248433647,107.18894993527901,1.7528015612619112,0.011763768867529606
demo_621,150,0.0,0.00980935204350735,6.58345774732037e-05,49.9661463826936,0.33534326431337985,91.20248057079955,1.9451886473112348,0.01305495736450493
demo_622,150,0.0,0.027205113994275207,0.00018258465767969937,53.52336837095088,0.3592172373889321,104.32560060784961,1.8759471892589161,0.012590249592341719
demo_623,150,0.0,0.11855125496129484,0.0007956460064516433,52.788895881496956,0.3542878918221272,99.1334299410367,2.2502331694269757,0.015102236036422656
demo_624,150,0.0,0.0888561981810117,0.0005963503233624946,53.58393189201112,0.359623703973229,99.02953042028804,2.2385239227010167,0.015023650487926287
demo_625,150,0.0,0.09236585917766953,0.0006199050951521444,60.10220384257208,0.4033704955877321,99.32930589888561,2.2640238937542083,0.01519479123324972
demo_626,150,0.0,0.09518002658401092,0.0006387921247249055,47.87843220534854,0.32133175976743983,100.77930954659064,2.122649753618867,0.014245971500797764
demo_627,150,0.0,0.012508159153800626,8.394737687114515e-05,45.28249455414944,0.30390935942382175,108.32641577302698,2.0542652770901992,0.013787015282484558
demo_628,150,0.0,0.07514718317447086,0.0005043435112380595,52.639226251906656,0.35328339766380307,84.82184190779697,2.1122049441678366,0.01417587210850897
demo_629,150,0.0,0.05330802893689568,0.00035777200628789047,57.902269277292454,0.3886058340757883,105.26193585224924,2.1290360945202838,0.01428883284912942
demo_63,150,0.0,0.015407451182442161,0.00010340571263384,56.78718088455946,0.3811220193594595,152.34225963376142,1.9891426995823638,0.013349951003908482
demo_630,150,0.0,0.03207020680775629,0.0002152362873003778,46.234072528564305,0.3102957887823108,136.89773406077586,2.377123809196279,0.0159538510684314
demo_631,150,0.0,0.0328855461432957,0.0002207083633778235,59.171347658772675,0.397123138649481,96.11309798294839,2.0929901524996306,0.014046913775165306
demo_632,150,0.0,0.06925145036185772,0.0004647748346433404,36.52917099424474,0.24516222143788413,125.97711838745217,3.28537551828942,0.022049500122747784
demo_633,150,0.0,0.035177812337504916,0.00023609270025171084,47.30175466473683,0.31746144070293175,91.75635335413997,2.0445400094024393,0.013721745029546572
demo_634,150,0.0,0.06925558676868189,0.0004648025957629657,42.92354820699649,0.2880775047449429,178.02076586571494,4.603079510452114,0.03089315107685982
demo_635,150,0.0,0.02155128693682599,0.00014463950964312746,47.841138398264775,0.3210814657601663,92.28971516632613,1.6446479141677623,0.01103790546421317
demo_636,150,0.0,0.03898430306983112,0.00026163961791832966,45.415051224314155,0.30479900150546413,95.28712881514072,1.6678146198124069,0.01119338671015038
demo_637,150,0.0,0.04960174403614208,0.00033289761098081934,45.572794969787886,0.30585768436099253,107.1349218318642,2.3127116922170567,0.015521554981322528
demo_638,150,0.0,0.03519457050986159,0.00023620517120712478,43.61960547009712,0.29274903000065183,94.96461680140415,2.144056210416923,0.014389638996086732
demo_639,150,0.0,0.06860404442517778,0.0004604298283568979,57.0721173489347,0.3830343446237228,111.74260359816411,2.1529094554957413,0.014449056748293566
demo_64,150,0.0,0.012285323281779566,8.245183410590312e-05,53.15509818906101,0.35674562542993965,153.20105772873333,1.7697587925484752,0.01187757578891594
demo_640,150,0.0,0.023365761032686644,0.00015681718813883653,47.86349470057888,0.3212315080575764,105.09488948400598,1.935537691874845,0.012990185851509028
demo_641,150,0.0,0.1192155628979905,0.000800104448979802,45.867138116462094,0.3078331417212221,108.59572535927055,2.0097193466099434,0.013488049306107003
demo_642,150,0.0,0.027990711556699743,0.00018785712454160903,60.843697661087695,0.4083469641683738,110.68902416051533,1.8066423681002162,0.012125116564430981
demo_643,150,0.0,0.14318126358429706,0.0009609480777469601,47.9135757208493,0.3215676222875792,163.5019673969243,3.958906937834423,0.026569845220365255
demo_644,150,0.0,0.0712197032036934,0.00047798458525968727,56.969096993684175,0.38234293284351795,101.77897527306726,2.0428380989953143,0.01371032281204909
demo_645,150,0.0,0.053882480690819586,0.00036162738718670864,56.20971790620349,0.37724642890069454,95.0017289604968,2.030303126528436,0.013626195480056618
demo_646,150,0.0,0.027311260583057946,0.00018329705089300635,63.33303255206221,0.42505390974538393,106.68715223996347,1.7640927021255353,0.011839548336412988
demo_647,150,0.0,0.040695569168446875,0.00027312462529158974,56.65679124902264,0.38024692113438013,149.50716318630094,2.2979386000984157,0.015422406712069904
demo_648,150,0.0,0.12803546352659811,0.0008592984129301887,40.182952618985354,0.2696842457650024,109.56517474011616,2.7550034806530266,0.018489956245993467
demo_649,150,0.0,0.015342812756239466,0.00010297189769288232,49.01660688656894,0.3289705160172412,115.03607353849566,2.4751764102559926,0.016611922216483173
demo_65,150,0.0,0.053839216058355906,0.00036133702052587856,44.65243883093247,0.2996807975230367,156.13907973850655,1.9101607482634844,0.01281987079371466
demo_650,150,0.0,0.05376484953884824,0.00036083791636810897,54.87690902393514,0.3683014028452023,116.82692127876689,2.095182242845517,0.01406162579090951
demo_651,150,0.0,0.03459177527782093,0.00023215956562295926,64.426868310106,0.4323950893295705,199.02130972681317,4.588738601433462,0.03079690336532525
demo_652,150,0.0,0.04643719430683543,0.0003116590221935264,40.55889071421976,0.2722073202296628,99.28285439767178,2.0624991801296346,0.013842276376708958
demo_653,150,0.0,0.14253818242234634,0.0009566320967942707,51.42903833194994,0.3451613310869123,88.97968637795742,2.5312394103872244,0.016988183962330365
demo_654,150,0.0,0.01933775536977486,0.00012978359308573733,57.225248097048656,0.38406206776542723,87.31380780767157,1.7553285106833276,0.011780728259619648
demo_655,150,0.0,0.05399529655716068,0.0003623845406520851,58.628582723604474,0.39348042096378844,104.10442119382209,2.114749886744648,0.014192952260031196
demo_656,150,0.0,0.02595341580920694,0.00017418399871950966,54.915525183944375,0.36856057170432466,129.32709045428456,2.3100343366284326,0.015503586151868675
demo_657,150,0.0,0.05567159071499856,0.00037363483701341314,56.067877539557266,0.3762944801312568,112.39387691043932,2.3717360740667055,0.015917691772259768
demo_658,150,0.0,0.029760532960230363,0.0001997351205384588,50.89695989758769,0.3415903348831389,150.48690465548376,2.409557724716663,0.01617152835380311
demo_659,150,0.0,0.019898543842381166,0.00013354727410994072,44.94869464823151,0.3016690915988692,96.51997896247354,1.9175382315807563,0.012869384104568834
demo_66,150,0.0,0.009190115585817234,6.167862809273311e-05,55.72708512456675,0.37400728271521305,159.7403895547216,1.9806594811070937,0.013293016651725461
demo_660,150,0.0,0.04867437720746759,0.00032667367253333955,53.516420662645814,0.35917060847413296,103.40893635651034,1.997746597813488,0.013407695287338846
demo_661,150,0.0,0.08054287197716378,0.0005405561877661999,61.627176589665126,0.41360521201117534,103.06266478496434,2.1632569670061708,0.014518503134269603
demo_662,150,0.0,0.033392673327280374,0.00022411190152537164,59.723493235284415,0.40082881365962697,105.88884616080692,2.159506564321072,0.014493332646450148
demo_663,150,0.0,0.08148298186335494,0.0005468656500896305,58.71543071996804,0.3940632934226043,83.35293311166703,2.0630977639754002,0.013846293717955706
demo_664,150,0.0,0.035186490737839395,0.00023615094454925768,48.094541534067275,0.32278215794676024,112.30639423245127,2.136589836744265,0.014339529105666207
demo_665,150,0.0,0.01430313368523844,9.59941858069694e-05,51.00125446067331,0.3422902983937806,95.89717927682732,1.9804153049149247,0.013291377885335066
demo_666,150,0.0,0.01771376240404959,0.00011888431143657443,45.396642184145776,0.30467545090030723,82.62850990330537,1.3444332724552868,0.009023042097015347
demo_667,150,0.0,0.04473459575748771,0.0003002321862918639,53.876370196463114,0.36158637715747055,123.5966317916228,2.4458512595607798,0.01641510912456899
demo_668,150,0.0,0.02809691862833901,0.0001885699236801276,58.81088049863215,0.39470389596397415,143.44022516271318,2.4971100787927236,0.01675912804558875
demo_669,150,0.0,0.11518785759112019,0.0007730728697390617,63.40094823259346,0.42550971968183526,80.93611940002882,2.1533835158676427,0.014452238361527803
demo_67,150,0.0,0.01663348258156188,0.0001116341112856502,59.186899484139644,0.39722751331637346,157.14398092980093,1.906250649359561,0.012793628519191684
demo_670,150,0.0,0.10333216717793293,0.0006935044777042479,50.35268505995031,0.3379374836238276,84.76201600544775,2.041858019505319,0.013703745097351136
demo_671,150,0.0,0.2007245109360063,0.001347144368698029,59.08559903792367,0.3965476445498233,93.293948169585,2.110116594702749,0.014161856340286905
demo_672,150,0.0,0.030074380224355525,0.0002018414780158089,49.15442162449815,0.32989544714428287,109.33619430721906,1.7845236562744835,0.011976668834056936
demo_673,150,0.0,0.017131418792405585,0.00011497596504970191,53.417096024168394,0.35850400016220396,96.43864574297545,1.772285687480438,0.011894534815304954
demo_674,150,0.0,0.11046369343867807,0.000741367070058242,57.95929139843712,0.3889885328754169,105.02957516887182,2.276859159598365,0.015280933957036008
demo_675,150,0.0,0.017589312069103774,0.00011804907428928708,56.42422103113071,0.3786860471887967,102.17616138308395,1.613493779313607,0.010828817310829578
demo_676,150,0.0,0.09124006727505389,0.0006123494447990194,43.903221622373565,0.2946524941098897,95.13982556011415,2.3558041616037326,0.01581076618525995
demo_677,150,0.0,0.09393462337791288,0.000630433713945724,48.6324302296018,0.3263921491919584,102.00714400223497,2.2122809084711195,0.014847522875645097
demo_678,150,0.0,0.08609369273388409,0.0005778100183482154,47.60054832731331,0.3194667672974048,124.58294995326023,3.0814063834413115,0.020680579754639675
demo_679,150,0.0,0.04118384288824115,0.00027640163012242387,47.95926622246884,0.3218742699494553,137.1394686973792,3.0605721386435096,0.020540752608345703
demo_68,150,0.0,0.1917653451315414,0.0012870157391378617,52.262299030727874,0.35075368476998575,173.21147533665354,2.319293351136178,0.015565727188833409
demo_680,150,0.0,0.05029370561772704,0.00033754164844112107,47.0964089865504,0.31608328178892886,88.50388184969106,2.1360823232519213,0.014336122974845109
demo_681,150,0.0,0.050255403710077945,0.0003372845886582412,38.41710796256498,0.25783293934607365,120.56772072582541,2.8734454025945024,0.019284868473788606
demo_682,150,0.0,0.05508769668772447,0.00036971608515251326,47.70267967742908,0.32015221260019516,103.20069985080012,2.248594216969839,0.015091236355502276
demo_683,150,0.0,0.02378806074056278,0.00015965141436619315,68.32916402444889,0.4585849934526771,100.44416549816071,2.087999262384772,0.014013417868354175
demo_684,150,0.0,0.012373634834169017,8.304452908838266e-05,39.72888857268117,0.2666368360582629,95.63680823207544,1.6678966849687618,0.011193937483011824
demo_685,150,0.0,0.024748285046063134,0.00016609587279237004,37.853917512117135,0.2540531376652157,81.5032121638318,1.5747793628703752,0.010568989012552854
demo_686,150,0.0,0.016659282994780606,0.00011180726842134634,52.44029934125847,0.35194831772656693,107.7788685900529,1.877635572842535,0.012601581025788825
demo_687,150,0.0,0.009657475044016003,6.481526875178525e-05,60.38048436350134,0.40523815009061304,96.57560821099086,1.5785637827672394,0.010594387803806976
demo_688,150,0.0,0.078679973675495,0.0005280535146006375,42.02722223582294,0.282061894200154,109.75472436729815,2.186376042261515,0.014673664713164529
demo_689,150,0.0,0.06266486035444206,0.0004205695325801481,50.87842390189353,0.34146593222747335,82.97223131311256,2.206477252100976,0.014808572161751517
demo_69,150,0.0,0.012959183962873657,8.697438901257488e-05,51.91389959101157,0.34841543349672194,170.85837578045468,2.1498998130411824,0.014428857805645519
demo_690,150,0.0,0.06812493381464035,0.00045721432090362654,48.94145296089483,0.3284661272543277,90.63158513906795,1.9423812516459242,0.013036115782858551
demo_691,150,0.0,0.10674479582427583,0.0007164080256662807,54.20325107944843,0.3637802085869022,142.8253142610745,2.135128120071978,0.01432971892665757
demo_692,150,0.0,0.009254136533668382,6.210829888368041e-05,53.97413749413758,0.36224253351770186,102.21221501745211,1.548475840630776,0.010392455306246818
demo_693,150,0.0,0.023463624149939483,0.00015747398758348647,43.48565993838821,0.291850066700592,108.33107385738346,1.9063946702649477,0.012794595102449314
demo_694,150,0.0,0.08495547123285735,0.0005701709478715258,53.5622887422659,0.3594784479346705,100.62389017564576,2.1002705407463593,0.014095775441250733
demo_695,150,0.0,0.008540144089751461,5.731640328692256e-05,47.64098602006767,0.31973816120850784,86.95981416320757,1.500533216102074,0.010070692725517274
demo_696,150,0.0,0.0665863762354691,0.0004468884311105309,44.293903639760295,0.29727452107221675,142.98111549735393,3.0245756531512145,0.020299165457390703
demo_697,150,0.0,0.09740935925692512,0.0006537540889726518,48.80977856412604,0.32758240647064457,99.26744288876864,2.2514011571748194,0.015110074880367915
demo_698,150,0.0,0.038206524351090516,0.000256419626517386,35.72874766509134,0.23979025278584792,103.70659663297832,2.214948298973728,0.014865424825327034
demo_699,150,0.0,0.021025408088420634,0.0001411101213987962,49.57462030627204,0.3327155725253157,90.39402340743908,2.142200089171998,0.014377181806523478
demo_7,150,0.0,0.019837672453902905,0.00013313874130136178,45.84220591257032,0.30766581149376054,146.77915977407582,2.0978556324042907,0.014079568002713361
demo_70,150,0.0,0.10416118221560837,0.0006990683370175059,62.338978165298286,0.41838240379394825,164.56551814113425,1.9385066827487232,0.013010111964756531
demo_700,150,0.0,0.04910594249167328,0.0003295700838367334,57.99222068923117,0.38920953482705484,101.45709602694726,2.1903925798627295,0.0147006213413606
demo_701,150,0.0,0.026135005185789796,0.00017540271936771675,50.6369340317966,0.3398451948442725,76.70355011832558,1.4560930002466932,0.009772436243266397
demo_702,150,0.0,0.03430513654056011,0.00023023581570845713,54.27667532612268,0.364272988765924,155.11681836859603,2.358855444900393,0.015831244596646935
demo_703,150,0.0,0.03709453847953633,0.00024895663409084786,71.82966057381218,0.4820782588846455,152.78828774526943,3.51316418472864,0.02357828311898416
demo_704,150,0.0,0.0460564904382336,0.0003091039626727087,52.45393278175739,0.3520398173272308,97.95049938973438,2.4212473996099213,0.016249982547717593
demo_705,150,0.0,0.11122161752536723,0.0007464538088950821,49.29775279980993,0.3308574013410062,113.9583423248528,2.3305164576632444,0.015641050051431172
demo_706,150,0.0,0.13840788591728254,0.0009289119860220304,37.90939041134537,0.2544254390023179,135.61533742694095,3.057767108747733,0.020521926904347204
demo_707,150,0.0,0.0205024917671945,0.0001376006158872114,58.3616769740263,0.3916891072082302,152.9114312948739,2.4444065999357933,0.016405413422387875
demo_708,150,0.0,0.04262624432439418,0.00028608217667378644,48.615784764435915,0.3262804346606437,101.47408114779704,2.2127760907294984,0.014850846246506701
demo_709,150,0.0,0.05769718173104871,0.00038722940759093095,57.188040865456855,0.3838123548017239,101.09278948454416,2.1655831107022725,0.014534114836928003
demo_71,150,0.0,0.009019429469908873,6.0533083690663576e-05,55.303590191059975,0.37116503483932867,168.9007029276036,1.9211898303394617,0.012893891478788333
demo_710,150,0.0,0.0831413438790596,0.0005579955965037557,40.313913843676936,0.2705631801589056,108.19739440115815,2.3277875363371363,0.015622735143202258
demo_711,150,0.0,0.076402391324279,0.0005127677270085839,40.01454553836289,0.26855399690176435,116.46439338695858,2.208971195273341,0.01482531003539155
demo_712,150,0.0,0.026623335898393132,0.00017868010670062505,54.21287725498316,0.3638448137918333,105.73862452186076,1.9005195334747187,0.012755164654192743
demo_713,150,0.0,0.05409073049551664,0.000363025036882662,60.26122656357982,0.40443776217167665,88.85824533753055,1.9951158131824676,0.013390039014647434
demo_714,150,0.0,0.022605158905633523,0.00015171247587673504,56.67083399413653,0.3803411677458827,97.6500211941891,1.8321135643747586,0.012296064190434622
demo_715,150,0.0,0.08776011512518747,0.000588994061242869,36.44504817811183,0.24459763877927404,94.66479148992666,2.3872069741820443,0.016021523316658015
demo_716,150,0.0,0.0186435043252185,0.0001251241901021376,56.77522769008394,0.38104179657774456,99.24901597640695,1.751400489734876,0.01175436570291863
demo_717,150,0.0,0.07166252701218298,0.0004809565571287448,46.47933279940696,0.3119418308685031,101.24746109973522,2.0103163871889045,0.013492056289858419
demo_718,150,0.0,0.027294615275157058,0.00018318533741716147,51.003495163524036,0.34230533666794655,102.85885983159666,2.078448212844699,0.013949316864729524
demo_719,150,0.0,0.05348438561017167,0.0003589556081219575,54.319007615701544,0.3645570980919567,102.3543209353532,2.379532172440703,0.015970014580138945
demo_72,150,0.0,0.020004095525216134,0.00013425567466588008,56.94994401569246,0.3822143893670635,154.99179663967678,1.9086382193271905,0.012809652478705977
demo_720,150,0.0,0.01604780157631909,0.00010770336628402074,57.78551034773256,0.38782221709887627,98.54698065849959,2.169913226944816,0.014563176019763866
demo_721,150,0.0,0.4661712618657299,0.0031286661870183214,49.287443371547766,0.33078821054730045,121.9614209485892,2.3229800633201476,0.015590470223625152
demo_722,150,0.0,0.07136558112196552,0.00047896363169104377,48.58020102121768,0.32604161759206496,98.85447941127535,2.2051804761740725,0.014799868967611225
demo_723,150,0.0,0.019548596339643714,0.00013119863315197124,45.473607512151574,0.3051919967258495,90.65751785868802,2.0285130249440346,0.01361418137546332
demo_724,150,0.0,0.015033122001379441,0.00010089343625086873,50.072712517011155,0.3360584732685312,95.86695731763207,1.5887749039271695,0.010662918818303151
demo_725,150,0.0,0.07922755938189413,0.0005317285864556653,42.79894876932649,0.2872412669082315,156.58655270868536,3.303879440850704,0.022173687522487946
demo_726,150,0.0,0.1505662141932769,0.001010511504652865,51.72691623297851,0.34716051163072825,112.38184771366724,1.6611282609535571,0.011148511818480249
demo_727,150,0.0,0.099490713542663,0.0006677229096823021,51.723272711472966,0.3471360584662615,112.14085910039881,2.506121292344117,0.016819605988886693
demo_728,150,0.0,0.05792835511233238,0.00038878090679417705,49.06966457897256,0.3293266079125675,93.06677632790554,2.2529283471223414,0.01512032447733115
demo_729,150,0.0,0.08918961878599553,0.0005985880455435941,54.3867406030383,0.3650116818995859,85.50236063478575,2.1717683129182097,0.014575626261196038
demo_73,150,0.0,0.029873530149994852,0.00020049349093956276,42.88457646922855,0.2878159494579097,177.24424600655487,2.1221725012674035,0.014242768464881903
demo_730,150,0.0,0.022619848298117227,0.00015181106240347132,54.36063677335501,0.3648364884117786,138.60978850128382,2.5022685162693645,0.016793748431338018
demo_731,150,0.0,0.08930582632239922,0.0005993679618952968,54.67821341726726,0.36696787528367286,99.79021404364245,2.027146502668843,0.013605010085025793
demo_732,150,0.0,0.06262280955212583,0.00042028731243037474,55.84735893416496,0.37481448949104,175.98986405323376,3.6925836152486085,0.02478244037079603
demo_733,150,0.0,0.03947286490855447,0.00026491855643325147,51.125354220557234,0.3431231826883036,93.80916859820628,2.1476950828413037,0.014414060958666468
demo_734,150,0.0,0.07203502267134465,0.00048345652799560167,45.902549724685294,0.30807080352137783,98.59574882641938,1.894365705028231,0.012713863792135778
demo_735,150,0.0,0.03509903653089135,0.0002355640035630292,54.5601823861142,0.36617572071217586,107.51939109234658,2.0762397359741116,0.013934494872309473
demo_736,150,0.0,0.03116712706583071,0.00020917534943510542,53.32610250899561,0.35789330542950076,107.33642131530077,1.9504857639513373,0.013090508482894881
demo_737,150,0.0,0.1865253571217177,0.0012518480343739443,42.332702251010545,0.28411209564436607,147.3499141114908,2.4293215095872918,0.016304171205283838
demo_738,150,0.0,0.051840115917450635,0.00034792024105671565,39.69445899675497,0.2664057650788924,102.53974958580694,2.2346779738388136,0.014997838750596064
demo_739,150,0.0,0.024900486917662824,0.00016711736186350888,46.30153837974961,0.31074857972986314,96.28885646425121,2.0940486809626386,0.014054017993037843
demo_74,150,0.0,0.021289824300665196,0.000142884726850102,56.18342093850803,0.3770699391846176,186.73301872643293,2.3241757663650526,0.015598495076275521
demo_740,150,0.0,0.13123185267190882,0.0008807506890732136,41.04937477744042,0.27549915958013704,108.28090951198128,2.2234855704730068,0.014922721949483266
demo_741,150,0.0,0.02822229942710138,0.00018941140555101598,61.248667134416515,0.4110648800967551,96.84431999244593,2.1058823009294363,0.014133438261271385
demo_742,150,0.0,0.04651159845721395,0.0003121583789074762,47.07688803327244,0.3159522686796808,104.43970193594869,2.248214158337456,0.01508868562642588
demo_743,150,0.0,0.09270424631658522,0.0006221761497757398,51.369122381920654,0.34475921061691717,99.15301045599053,2.149349678384646,0.014425165626742592
demo_744,150,0.0,0.011715218664623349,7.862562862163321e-05,57.86218824113268,0.38833683383310524,116.73431015560331,2.467834821783177,0.016562649810625347
demo_745,150,0.0,0.03647117393285161,0.0002447729794151115,55.93703947340134,0.375416372304707,94.34697224478404,1.9599225584021296,0.013153842673839795
demo_746,150,0.0,0.04243217613142714,0.0002847797055800479,40.07742906705159,0.26897603400705766,163.64323177323175,4.580549585723344,0.03074194352834459
demo_747,150,0.0,0.017801882920765698,0.00011947572430044093,44.06276716554829,0.29572326956743816,105.69443398337351,1.9026751510622182,0.012769631886323612
demo_748,150,0.0,0.08508113366853262,0.0005710143199230377,41.31128052264861,0.27725691625938664,83.69258374125702,1.9529257779847071,0.013106884416004745
demo_749,150,0.0,0.14827594469345465,0.0009951405684124474,49.60386110398459,0.33291181948982945,124.43595680140801,2.0392422071770864,0.01368618930991333
demo_75,150,0.0,0.00949137495168624,6.370050303145128e-05,48.39610954858946,0.3248061043529494,162.5184951955486,2.0527702003541357,0.013776981210430441
demo_750,150,0.0,0.014287109398167961,9.588664025616082e-05,49.19241822784611,0.33015045790500747,89.56717396491891,1.4838193671772055,0.009958519242800038
demo_751,150,0.0,0.2801109551140907,0.0018799392960677226,49.68645320796742,0.333466128912533,105.42938374128929,2.421669611858288,0.016252816186968378
demo_752,150,0.0,0.057424077018757354,0.0003853964900587742,43.914362347712576,0.2947272640786079,128.94355263414803,2.2309346567792687,0.014972715817310528
demo_753,150,0.0,0.04174524067655601,0.0002801694005137987,49.80531149646677,0.33426383554675687,124.05479540792203,2.2527634827669534,0.015119218005147338
demo_754,150,0.0,0.07707324916176427,0.0005172701286024447,50.071971227566486,0.33605349817158714,107.83338727108979,2.075503501465121,0.013929553701108193
demo_755,150,0.0,0.0475379599004509,0.0003190467107412812,49.76072702709778,0.3339646109201193,123.64031482607777,2.0935907995185845,0.014050944963211976
demo_756,150,0.0,0.028987376504336887,0.00019454615103581803,54.033480018035064,0.3626408054901682,106.22332223698257,1.842737534722961,0.012367366004852089
demo_757,150,0.0,0.056557132634700635,0.00037957807137382974,43.97105592607193,0.2951077578931002,89.64714697509571,2.1547308784120256,0.014461281063167956
demo_758,150,0.0,0.02221707200661775,0.00014910786581622652,53.78459199778029,0.36097041609248515,101.16780352721875,1.830708773350529,0.012286636062755228
demo_759,150,0.0,0.06365526459962452,0.0004272165409370773,46.35633132532782,0.3111163176196498,110.92902759632543,2.1851912726389604,0.014665713239187654
demo_76,150,0.0,0.018393318890155236,0.00012344509322251838,52.42763997885368,0.3518633555627764,179.97246427030308,2.2053869081996638,0.014801254417447408
demo_760,150,0.0,0.05455006905738069,0.0003661078460226892,53.37176929302328,0.3581997939129079,105.1628522374187,2.2186626716792195,0.014890353501202816
demo_761,150,0.0,0.011246294669110299,7.547848771214966e-05,62.360898187298034,0.41852951803555727,102.33271956588732,2.0665457450372324,0.013869434530451225
demo_762,150,0.0,0.042216346172476694,0.0002833311823656154,50.04464562446329,0.3358701048621697,99.25709396054648,2.2184635100554932,0.014889016846010022
demo_763,150,0.0,0.02338174261077455,0.00015692444705217817,48.06562590022495,0.32258809329010035,139.73394896146235,2.3853183206936395,0.016008847789890198
demo_764,150,0.0,0.020570357172907342,0.0001380560884087741,57.16802718121295,0.38367803477324125,100.74192511380281,2.1932215683501126,0.014719607841275923
demo_765,150,0.0,0.027381656799860946,0.00018376950872389897,53.61936756780585,0.3598615273007104,94.30763579586356,1.948497595065577,0.013077165067554207
demo_766,150,0.0,0.030512957418045578,0.00020478494911439985,51.79355158716733,0.3476077287729351,105.62813923330629,2.3425408071419103,0.015721750383502753
demo_767,150,0.0,0.01201089231791654,8.061001555648685e-05,51.232554423559876,0.34384264713798574,95.11434344852181,1.6207562789689773,0.010877558919254881
demo_768,150,0.0,0.017685025372196284,0.00011869144545098177,47.24201765120982,0.3170605211490592,111.10773655420823,2.1477434377098925,0.014414385487985857
demo_769,150,0.0,0.027913060786807282,0.0001873359784349482,57.546262834613486,0.38621652909136567,107.75935376505394,2.330273274321286,0.015639417948465007
demo_77,150,0.0,0.017295257674719382,0.00011607555486388847,52.26398679767119,0.3507650120649073,156.15307571771353,2.06335709995047,0.013848034227855504
demo_770,150,0.0,0.02708419879429139,0.00018177314627041202,51.50840648225513,0.34569400323661165,100.0344263686435,1.7752928019716192,0.011914716791755833
demo_771,150,0.0,0.009610806504332608,6.450205707605777e-05,45.23400039384201,0.30358389526068463,98.01777359598852,1.5677609789310005,0.010521885764637588
demo_772,150,0.0,0.0381586019822912,0.000256097999881149,48.126446873364,0.322996287740698,110.76242641837364,2.327509505321636,0.015620869163232458
demo_773,150,0.0,0.04246842382468279,0.0002850229786891463,42.85002560860476,0.28758406448728024,86.83578992513648,2.31411325068748,0.015530961414009933
demo_774,150,0.0,0.021637028098110998,0.0001452149536785973,48.295298526382325,0.3241295203112908,97.25673750331211,2.127266133076412,0.014276953913264511
demo_775,150,0.0,0.08137856452872523,0.0005461648626088942,56.21694286327015,0.37729491854543723,158.2289687612957,2.511398985767954,0.0168550267501205
demo_776,150,0.0,0.025755214862289582,0.00017285379102207772,53.793832420521575,0.36103243235249377,120.42237662285454,2.499256189524026,0.01677353147331561
demo_777,150,0.0,0.14935469235754037,0.0010023804856210763,49.618784746319406,0.3330119781632175,101.26637447817936,2.350894010064157,0.01577781214808159
demo_778,150,0.0,0.04859836446286904,0.0003261635198850271,68.1799081379503,0.4575832760936262,81.59425135567678,2.184216457268561,0.014659170854151415
demo_779,150,0.0,0.027199567882896687,0.00018254743545568247,47.90439664915748,0.32150601777958043,99.28878845867452,1.6900028336507882,0.011342300896985156
demo_78,150,0.0,0.024623891917267816,0.00016526101957897862,49.90796401866115,0.3349527786487325,148.08773954766747,2.0191863680874573,0.01355158636300307
demo_780,150,0.0,0.07196946594143287,0.0004830165499425025,59.01638740994075,0.3960831369794681,178.2248756993576,3.426803900600259,0.022998683896646034
demo_781,150,0.0,0.04972575679131592,0.00033372991135111356,54.92557943770533,0.36862804991748543,172.9306618831734,3.9630480151599015,0.026597637685636923
demo_782,150,0.0,0.010812485700807934,7.256701812622774e-05,44.323070813095285,0.29747027391339115,102.9203981310542,1.5792638952096993,0.01059908654503154
demo_783,150,0.0,0.021196264004757753,0.00014225680540105875,45.55290606130087,0.3057242017536971,103.84023508656107,2.0864921299158694,0.014003302885341405
demo_784,150,0.0,0.05469612335600701,0.00036708807621481214,44.45179148335259,0.298334171029212,90.25743081903495,2.133668235033725,0.0143199210404948
demo_785,150,0.0,0.019671398110394867,0.00013202280611003265,54.988631704191675,0.3690512194912193,100.5206586911397,1.6368473467282492,0.010985552662605699
demo_786,150,0.0,0.10543819546051211,0.000707638895708135,53.76811974624161,0.36085986406873566,148.3904141414793,2.581182952377683,0.01732337551931331
demo_787,150,0.0,0.06150505305853491,0.0004127855909968786,43.424034220068194,0.29143647127562544,161.18687055871897,4.218439081434659,0.028311671687480933
demo_788,150,0.0,0.014040043677598497,9.422848105770804e-05,46.009191365980136,0.308786519234766,83.28749663988499,1.436626413906137,0.009641788012792866
demo_789,150,0.0,0.09313448395369762,0.0006250636506959572,51.04659449951919,0.3425945939565046,110.479348558366,2.1107501221453973,0.014166108202318102
demo_79,150,0.0,0.06353142256149455,0.00042638538631875535,57.48234230733982,0.3857875322640256,181.424815797753,2.296844126169125,0.015415061249457214
demo_790,150,0.0,0.09527640922005827,0.0006394389880540823,44.84775133470575,0.30099161969601174,102.85259226388484,2.1539171850678445,0.01445582003401238
demo_791,150,0.0,0.01768925567607166,0.0001187198367521588,58.93352792425543,0.39552703304869413,99.63670026824677,1.764113462740257,0.011839687669397699
demo_792,150,0.0,0.011341896424405192,7.612011023090732e-05,53.94565597738614,0.3620513823985647,98.86288163850826,1.7744042640746107,0.011908753450165172
demo_793,150,0.0,0.0172175006893233,0.00011555369590149865,54.227200000850104,0.3639409396030208,104.15668501629034,2.108087781119143,0.014148240141739215
demo_794,150,0.0,0.07636813439439284,0.0005125378147274687,55.85984788739251,0.37489830796907725,76.58176038123972,2.0895550206663933,0.014023859199103312
demo_795,150,0.0,0.06746542300602719,0.0004527880738659543,53.79166543248112,0.3610178888085981,92.0683290185325,2.190577113185758,0.014701859820038644
demo_796,150,0.0,0.025174627119031286,0.00016895722898678715,47.02501672068617,0.31560413906500784,102.9346822337018,1.7062879231216779,0.011451596799474347
demo_797,150,0.0,0.4372502121099937,0.0029345651819462663,65.70307039730585,0.4409602040087641,115.57787331086041,2.6707650287309845,0.01792459750826164
demo_798,150,0.0,0.06218754639437939,0.0004173660831837543,64.47780555615893,0.43273695004133506,104.3248168058948,2.0943229030531287,0.014055858409752542
demo_799,150,0.0,0.021303117017238308,0.00014297393971300878,54.66019180425876,0.36684692486079706,90.13072030874905,1.9622892103176233,0.013169726243742437
demo_8,150,0.0,0.1290423529679967,0.0008660560601878973,53.6710740600608,0.3602085507386631,186.8048720963077,2.31391080991827,0.01552960275112933
demo_80,150,0.0,0.10732382005856049,0.000720294094352755,46.62805233667211,0.31293994856826923,183.03670971222962,2.4605985734319127,0.016514084385449077
demo_800,150,0.0,0.09942849115393435,0.0006673053097579487,39.131614368997525,0.2626282843556881,104.96802104383003,2.025750946003502,0.01359564393290941
demo_801,150,0.0,0.0775384008044066,0.0005203919517074269,46.39078451561302,0.3113475470846511,100.20477131412683,2.262969214813543,0.015187712851097605
demo_802,150,0.0,0.12614443112503126,0.0008466069203022233,51.921265354557185,0.3484648681513905,108.21407291372074,2.3506594797730456,0.015776238119282186
demo_803,150,0.0,0.13033319075676317,0.0008747194010521018,57.110984843884864,0.3832952002945293,100.99365765897454,2.049276591698296,0.013753534172471785
demo_804,150,0.0,0.0851545871614588,0.0005715072963856295,51.34422619873864,0.3445921221391855,100.13851756144807,2.162753582886289,0.014515124717357645
demo_805,150,0.0,0.021987443862617376,0.00014756673733300253,49.45866019914317,0.33193731677277294,105.95358907021387,2.113647665402087,0.014185554801356288
demo_806,150,0.0,0.06016182760766064,0.0004037706550849707,44.49320301571824,0.29861210077663247,122.39418587728862,2.5558659436443634,0.017153462709022575
demo_807,150,0.0,0.0793791561681808,0.0005327460145515489,48.351842610146214,0.3245090108063504,93.38515904648466,2.296975879043159,0.015415945496933953
demo_808,150,0.0,0.014061567929353081,9.437293912317504e-05,54.54889412973801,0.3660999606022685,104.31713362276066,1.5691870482004526,0.010531456699331896
demo_809,150,0.0,0.020109181458636324,0.00013496094938682097,46.90308638106015,0.31478581463798755,100.9855052326059,1.7651514030010824,0.01184665371141666
demo_81,150,0.0,0.030771798622509977,0.00020652213840610724,53.810337899665626,0.3611432073803062,195.2863138282211,2.4933486706426953,0.01673388369558856
demo_810,150,0.0,0.013889490767151442,9.321805883994256e-05,54.67234168942854,0.3669284677142855,90.63599014803923,1.6297295358957284,0.01093778212010556
demo_811,150,0.0,0.06432079334446227,0.0004316831768084716,60.706823530282335,0.40742834584082105,105.23097567102558,2.32916289941158,0.015631965767862955
demo_812,150,0.0,0.016534889467262448,0.00011097241253196274,44.136809591253076,0.29622019859901394,100.17238360234668,1.7585639138049651,0.011802442374529968
demo_813,150,0.0,0.039026470052954426,0.0002619226178050633,42.07011277235838,0.28234975015005626,105.33334020558073,2.7933078857429834,0.018747032790221364
demo_814,150,0.0,0.05077920627363373,0.00034080004210492435,54.388289776907136,0.36502207903964523,197.22049334909536,3.439788770826219,0.023085830676686032
demo_815,150,0.0,0.320707501583845,0.0021523993394888924,56.56387036344027,0.37962329102980047,123.43825395486165,2.3010513338676253,0.01544329754273574
demo_816,150,0.0,0.012221935083833436,8.202640995861366e-05,48.642481691455274,0.3264596086674851,113.13718147154256,2.1551731309223516,0.014464249200821152
demo_817,150,0.0,0.01844800358060916,0.0001238121045678467,45.624787365036795,0.3062066266109852,95.8481084218801,2.0010819686441965,0.013430080326471118
demo_818,150,0.0,0.07637426828197795,0.0005125789817582413,56.09250446348207,0.3764597614998797,90.16599077371639,2.2314366944710056,0.014976085197791984
demo_819,150,0.0,0.022250196402794485,0.000149330177199963,45.2656371594694,0.3037962225467745,102.78277874399336,2.2131899009790494,0.014853623496503687
demo_82,150,0.0,0.014225146895406958,9.54707845329326e-05,58.43785433237709,0.3922003646468261,158.45472830452965,2.15265001514093,0.01444731553785859
demo_820,150,0.0,0.03516935730785041,0.00023603595508624436,47.086128511734,0.31601428531365106,107.59126168626484,2.071830252697569,0.013904901024815898
demo_821,150,0.0,0.024571930133994488,0.0001649122827784865,51.28152021201399,0.3441712765906979,106.81557298576692,2.272098164562898,0.015248980970220793
demo_822,150,0.0,0.014040720389198697,9.423302274629998e-05,48.75439815263363,0.32721072585660155,97.24871967064263,1.9561240969673823,0.013128349644076392
demo_823,150,0.0,0.24555207958344255,0.001648000534117064,58.27081798085026,0.3910793153077199,93.27552140884978,2.424741630606281,0.01627343376245826
demo_824,150,0.0,0.03088214338060389,0.0002072627072523751,49.062289181410385,0.3292771086000697,134.87195056934704,2.4437876435691352,0.01640125935281299
demo_825,150,0.0,0.08450911621089646,0.0005671752765831977,34.96119409554619,0.23463888654728987,139.78273836020674,3.2371990611234454,0.021726168195459365
demo_826,150,0.0,0.04214732516891058,0.00028286795415376225,45.047330061235435,0.3023310742364794,85.67614642437024,2.0666294120755886,0.01386999605419858
demo_827,150,0.0,0.023456822086468352,0.0001574283361507943,47.94726550909512,0.3217937282489605,93.5019155060609,1.685105460165313,0.011309432618559148
demo_828,150,0.0,0.1313188500437257,0.0008813345640518504,50.776870994637974,0.34078436909153004,138.0012863781589,2.9499070063389663,0.019798033599590377
demo_829,150,0.0,0.01846256829640948,0.00012390985433831866,57.8329740829628,0.38814076565746847,103.56698294652787,1.9578759108968578,0.013140106784542669
demo_83,150,0.0,0.01907841380302818,0.00012804304565790724,57.739963018489014,0.38751653032542965,201.82747100087457,2.251846379591478,0.015113062950278375
demo_830,150,0.0,0.060969021909594585,0.00040918806650734623,43.13070881851642,0.2894678444195733,98.23378707753734,2.1999164154064634,0.01476453970071452
demo_831,150,0.0,0.1463961103943016,0.000982524230834239,53.71660454515011,0.3605141244640947,77.41755609761472,1.699251755003694,0.011404374194655665
demo_832,150,0.0,0.028773644249551086,0.00019311170637282608,47.97767495018008,0.32199781845758446,135.82116707435196,2.1971140650468177,0.014745731980179986
demo_833,150,0.0,0.02574426022059676,0.00017278026993689102,50.42802653395329,0.3384431311003577,97.50097005094248,1.7076028083731332,0.011460421532705592
demo_834,150,0.0,0.02217532656159014,0.00014882769504422912,57.54159728062501,0.38618521664849004,89.63119891262784,2.098193170556364,0.014081833359438684
demo_835,150,0.0,0.1056887370938802,0.000709320383180404,58.11625610317081,0.39004198726960276,96.64747387380216,2.160396617457001,0.014499306157429538
demo_836,150,0.0,0.04174870769798716,0.00028019266911400776,44.53452488846138,0.29888942878162,103.87639445233735,2.1687650193905297,0.014555469928795502
demo_837,150,0.0,0.04400985884792809,0.0002953681801874368,48.81851414148186,0.3276410345065897,141.07129980705955,1.9985332952066357,0.013412975135615004
demo_838,150,0.0,0.02888724711345264,0.00019387414170102444,52.112477030116736,0.34974816798736064,104.8533377393459,1.7689882692456411,0.011872404491581483
demo_839,150,0.0,0.022305860448100855,0.00014970376139665005,56.90339256630203,0.3819019635322284,67.39139543213743,1.661598348393507,0.011151666767741658
demo_84,150,0.0,0.02118017305410208,0.00014214881244363812,60.22154571226419,0.4041714477333167,158.21879291308917,2.0423848745472926,0.013707281037230151
demo_840,150,0.0,0.07740873786617364,0.0005195217306454607,51.240628343161816,0.3438968345178645,96.33406633534138,2.0859672251512356,0.01399978003457205
demo_841,150,0.0,0.01165456631723032,7.821856588745181e-05,62.59590060688473,0.4201067154824479,150.17900503484464,2.6215531410954696,0.01759431638319107
demo_842,150,0.0,0.013889475374311537,9.321795553229219e-05,49.16884145456616,0.32999222452728966,88.14947838603362,1.6029474625772262,0.010758036661592122
demo_843,150,0.0,0.1375299183711304,0.0009230195863834255,53.24875695906007,0.35737420777892664,110.98918719477801,2.2660883307317174,0.01520864651497797
demo_844,150,0.0,0.02142927297182471,0.00014382062397197792,48.91523686609286,0.3282901803093481,105.56288256464674,1.6339561767999549,0.01096614883758359
demo_845,150,0.0,0.040949108098529786,0.0002748262288491932,61.346780107084655,0.4117233564233869,181.47962364883585,2.2165466831410403,0.014876152235845909
demo_846,150,0.0,0.19406682474185194,0.0013024619110191405,44.98472161128129,0.30191088329718985,135.07339870607993,3.1204189032650556,0.02094240874674534
demo_847,150,0.0,0.015437013425197047,0.00010360411694763119,53.60647723921467,0.35977501502828635,75.89778197937312,1.4502403406808382,0.009733156648864686
demo_848,150,0.0,0.1858686948140267,0.0012474409047921256,38.37190815206581,0.25752958491319333,109.75308914421554,2.0597595510154134,0.013823889604130292
demo_849,150,0.0,0.01891963721722415,0.00012697743098808156,52.63142940742871,0.3532310698485148,76.88357448846726,1.491677691022685,0.010011259671293187
demo_85,150,0.0,0.014183268950106772,9.518972449736088e-05,59.884420125473504,0.40190885990250674,160.11028354763621,1.8652084756540415,0.012518177688953299
demo_850,150,0.0,0.03191907418569335,0.0002142219744006265,50.563732665971706,0.33935391050987723,111.27295437987834,2.2702615113227154,0.015236654438407486
demo_851,150,0.0,0.024788293131596303,0.00016636438343353222,48.21291586527733,0.3235766165454854,95.14941120024507,2.242559262859988,0.015050733307785153
demo_852,150,0.0,0.03164988725922568,0.00021241535073305824,48.403553026294524,0.3248560605791579,140.3148130777401,2.1447649258889627,0.01439439547576485
demo_853,150,0.0,0.0755144242464452,0.0005068082164190953,51.36494501393549,0.34473117459017105,102.5270288025535,2.288718884890094,0.015360529428792577
demo_854,150,0.0,0.1250084225977172,0.000838982701998102,45.77478806577971,0.30721334272335377,122.96078237485999,2.217955312499528,0.014885606124157905
demo_855,150,0.0,0.03178720647550682,0.00021333695621145516,52.03672920162095,0.34923979329946947,108.93569376575132,2.1560972071650104,0.014470451054798727
demo_856,150,0.0,0.02229167651590935,0.00014960856722086812,50.48995174538824,0.3388587365462298,132.91757831773475,2.694061925220762,0.018080952518260147
demo_857,150,0.0,0.03825167462379863,0.00025672264848187,47.68476259964277,0.32003196375599174,135.52808043501474,2.3017579356108935,0.01544803983631472
demo_858,150,0.0,0.05537116206633689,0.0003716185373579657,59.10529593842851,0.39667983851294303,95.57556256708504,2.1736305061793786,0.014588124202546165
demo_859,150,0.0,0.10074110610093155,0.0006761148060465204,48.37985769768024,0.3246970315280553,153.68559893023232,3.5136680703579866,0.023581664901731452
demo_86,150,0.0,0.008143528308111207,5.465455240343092e-05,52.57675629036038,0.3528641361769153,131.3986959051248,1.631284280386582,0.010948216646889811
demo_860,150,0.0,0.03687371152392588,0.0002474745739860797,45.063151198320426,0.30243725636456664,97.55562323046603,1.9957655221450468,0.013394399477483535
demo_861,150,0.0,0.0376145593820777,0.00025244670726226647,57.96496610999537,0.3890266181878884,110.36265853909846,2.0896492379801144,0.014024491530067882
demo_862,150,0.0,0.02567650789466006,0.0001723255563400004,55.14604175556581,0.3701076627890323,121.63723020809253,2.429048001705292,0.01630233558191471
demo_863,150,0.0,0.028563944855592476,0.00019170432788988238,43.085627088289385,0.28916528247174084,95.37386111813808,1.6784838508613713,0.01126499228766021
demo_864,150,0.0,0.04221993269788172,0.0002833552530059176,58.04040265544601,0.38953290372782556,99.28838279164546,2.075147851024616,0.013927166785400107
demo_865,150,0.0,0.4086235097125431,0.002742439662500289,48.947191311468636,0.32850463967428617,119.6532868688796,2.3928905162245346,0.016059667894124392
demo_866,150,0.0,0.03875040870730703,0.00026006985709602033,42.790416758061106,0.28718400508765846,84.1043012233614,2.0373207139029264,0.013673293381898835
demo_867,150,0.0,0.07471960960852572,0.0005014738899901055,48.64194232303388,0.3264559887451938,104.29431873244211,2.235046128957264,0.015000309590317208
demo_868,150,0.0,0.04098878175645349,0.000275092495009755,38.274639480341165,0.2568767750358467,97.83632132176271,2.0537683819123025,0.013783680415518808
demo_869,150,0.0,0.07724550389633361,0.0005184262006465343,41.7752287131195,0.28037066250415776,95.88608670564956,2.2006483012208884,0.014769451686046231
demo_87,150,0.0,0.057427163983662814,0.00038541720794404576,53.05972219359838,0.3561055180778415,166.60127236618362,1.9664918684424648,0.013197932002969563
demo_870,150,0.0,0.028075222522505754,0.00018842431223158225,60.776226646315706,0.4078941385658772,111.54660236330092,1.7759836043662962,0.01191935304943823
demo_871,150,0.0,0.07097257821440876,0.0004763260282846226,56.452735087230145,0.37887741669281977,121.84067766025444,2.1244287058701135,0.014257910777651768
demo_872,150,0.0,0.010059488565812102,6.751334607927585e-05,50.28547165952145,0.337486386976654,108.38569756631922,1.7929268545206825,0.012033066137722702
demo_873,150,0.0,0.06847633711821836,0.000459572732337036,55.86628056936192,0.37494148033128805,115.32362749159185,2.1541342092646234,0.014457276572245794
demo_874,150,0.0,0.033763416786604605,0.00022660011266177588,58.09740568208991,0.3899154743764423,113.21214093271273,2.357925052745954,0.015825000353999693
demo_875,150,0.0,0.033803877582893674,0.00022687166163015888,50.04520478994915,0.33587385765066546,109.78006089128321,2.2873669497586038,0.015351456038648348
demo_876,150,0.0,0.018828084714026895,0.00012636298465789863,50.37707266164138,0.33810115880296226,151.57696790922492,2.3291377811259335,0.015631797188764656
demo_877,150,0.0,0.38796096573068106,0.002603764870675712,49.5524846015499,0.332567010748657,90.03745960578124,2.2746184823800077,0.01526589585489938
demo_878,150,0.0,0.030015021761834154,0.00020144309907271245,46.73070512293523,0.3136288934425183,100.81805860043733,1.7841032439543607,0.011973847274861482
demo_879,150,0.0,0.08069655743265206,0.0005415876337761883,46.589789983390865,0.3126831542509454,104.70073895776645,2.0720594072824685,0.013906438975050124
demo_88,150,0.0,0.023215977340329708,0.00015581192845858863,52.87466008428639,0.35486349049856636,164.86550542277163,2.0231111143765395,0.013577926942124426
demo_880,150,0.0,0.03400801272315607,0.0002282416961285642,39.96709825038942,0.26823555872744576,100.03448185418645,2.132754632303278,0.01431378947854549
demo_881,150,0.0,0.03289108882048524,0.00022074556255359223,43.462019009750406,0.2916914027500027,87.27072019730963,1.8060858063406342,0.012121381250608283
demo_882,150,0.0,0.27619899507276735,0.0018536845306897137,55.494237709500574,0.3724445483859099,149.16940868446926,3.5553179361513174,0.023861194202357834
demo_883,150,0.0,0.030143172812198648,0.00020230317323623255,55.28453465584558,0.37103714534124554,135.87826241883366,2.1238906069849097,0.014254299375737649
demo_884,150,0.0,0.03332850463454361,0.0002236812391580108,48.1549912970282,0.32318786105388053,103.98604688543621,2.1935559577138783,0.014721852065193814
demo_885,150,0.0,0.015997441330932973,0.00010736537805995284,55.4075120074792,0.3718624966944913,99.49808136733915,1.723671678650231,0.01156826629966598
demo_886,150,0.0,0.020099360329510405,0.00013489503576852622,52.19674975657066,0.3503137567555078,139.2892483710733,2.2539935288225634,0.015127473347802439
demo_887,150,0.0,0.024578400559202664,0.0001649557084510246,53.780707062956616,0.36094434270440684,104.42026116218337,1.7871044890497076,0.01199398985939401
demo_888,150,0.0,0.09018178878311725,0.0006052469045846796,47.41083624921433,0.31819353187392163,175.0545436889788,3.9356163391219727,0.026413532477328677
demo_889,150,0.0,0.023019320491061774,0.00015449208383262937,58.338406935349845,0.39153293245201237,99.88305161638647,2.203931141598641,0.014791484171802961
demo_89,150,0.0,0.015461055517885389,0.00010376547327439859,59.59365502027801,0.3999574162434766,153.68068859312984,1.9239978612922122,0.012912737324108806
demo_890,150,0.0,0.025061413764239638,0.00016819740781368885,64.81382474076507,0.434992112354128,138.68396439586812,2.2503724169543102,0.015103170583585976
demo_891,150,0.0,0.10139805777215297,0.0006805238776654562,52.605221108772945,0.3530551752266641,107.08105300842021,2.158236616351108,0.014484809505712135
demo_892,150,0.0,0.1275610308613746,0.000856114301083051,51.18549192794829,0.34352679146274023,86.56077901510422,2.0958020253071052,0.014065785404745674
demo_893,150,0.0,0.01526990012735916,0.00010248255119032994,47.71473275543666,0.32023310574118563,92.94567624207679,1.442266630882252,0.009679641818001692
demo_894,150,0.0,0.02417766662493592,0.00016226621895930148,53.61449599474756,0.3598288321795138,120.2606043656538,2.281909450068768,0.015314828523951465
demo_895,150,0.0,0.032245990031749175,0.00021641604048153808,51.01337047451428,0.34237161392291465,160.56741539376773,2.455702700817362,0.016481226179982295
demo_896,150,0.0,0.012424304166093013,8.338459171874506e-05,43.14832225546574,0.28958605540581034,103.59867022568045,2.247237239928062,0.015082129127033973
demo_897,150,0.0,0.03550012956566633,0.0002382559031252774,52.82081591309653,0.35450212022212435,118.8905860490315,2.344889368310366,0.015737512538995746
demo_898,150,0.0,0.013125687803800582,8.809186445503747e-05,49.09334812491146,0.3294855578853118,99.80061881254106,1.9662031168067111,0.013195994072528262
demo_899,150,0.0,0.022432753564462254,0.00015055539305008225,50.067764480013814,0.3360252649665357,125.90237503624384,3.0068684080356585,0.020180324886145358
demo_9,150,0.0,0.014126170909836068,9.480651617339642e-05,46.98770861161463,0.31535374907123914,167.49381981948673,2.0322200779419277,0.013639060925784749
demo_90,150,0.0,0.04344296798334816,0.00029156354351240376,47.3267471262491,0.3176291753439537,150.22947121023174,1.9799510382266097,0.01328826200152087
demo_900,150,0.0,0.055748154747777036,0.0003741486895823962,42.902929093255246,0.2879391214312433,99.51831290001965,2.1733444779275835,0.014586204549849553
demo_901,150,0.0,0.012984753907308027,8.714599937790623e-05,36.95455899486009,0.24801717446214827,76.45781928242927,1.07074640691959,0.007186217496104631
demo_902,150,0.0,0.010926324384465431,7.333103613735189e-05,56.56788820840333,0.37965025643223715,71.23035233097461,1.5240073223485275,0.010228237062741796
demo_903,150,0.0,0.029458075709619076,0.000197705206104826,42.961519277627,0.28833234414514763,67.09303418825334,1.2380707009586611,0.008309199335293027
demo_904,150,0.0,0.11783100578748255,0.0007908121193790776,52.4423988026497,0.3519624080714745,162.94394224945952,2.861650747009971,0.019205709711476313
demo_905,150,0.0,0.03730431745812789,0.00025036454669884493,59.09776873312375,0.39662932035653525,59.167935544284255,1.2081189255906484,0.00810818070866207
demo_906,150,0.0,0.013109151890622712,8.798088517196452e-05,44.90117073297048,0.30135013914745284,69.4476239788034,0.7604385803403119,0.0051036146331564555
demo_907,150,0.0,0.2934706161014238,0.001969601450345126,36.45053812733457,0.2446344840760709,62.84474137745867,0.9027974724410962,0.006059043439201988
demo_908,150,0.0,0.06596636075699387,0.00044272725340264345,50.744702020465944,0.34056846993601303,70.22718633180743,1.5026921142036522,0.010085181974521155
demo_909,150,0.0,0.315029786297508,0.00211429386776851,49.76408740543715,0.3339871637948802,79.73285351677963,1.5816608513869914,0.010615173499241553
demo_91,150,0.0,0.02264834915060473,0.0001520023432926492,40.404962540056985,0.2711742452352818,159.2992044870509,2.0522825819413337,0.013773708603633113
demo_910,150,0.0,0.009221625233715234,6.189010223969955e-05,40.378018331328136,0.2709934116196519,56.62283582329622,0.8976352482454183,0.006024397639230995
demo_911,150,0.0,0.009205679712921433,6.178308532162036e-05,55.480479423287875,0.3723522108945495,55.61901499199943,0.974331436953294,0.006539137160760363
demo_912,150,0.0,0.03717656508495047,0.0002495071482211441,53.197219727110976,0.35702832031618104,96.75093932828985,1.5448451482195662,0.010368088243084337
demo_913,150,0.0,0.06584048775088656,0.00044188246812675545,47.42388882569629,0.31828113305836436,143.89516666883864,3.434688602294253,0.02305160135767955
demo_914,150,0.0,0.0049440624387141596,3.3181627105464155e-05,38.614858848530396,0.259160126500204,30.811362238593908,0.6391549506990398,0.004289630541604294
demo_915,150,0.0,0.046777534176152664,0.0003139431823902863,39.69008415664662,0.26637640373588334,51.24441164536122,0.7243941619633164,0.004861705784988701
demo_916,150,0.0,0.005511920573731428,3.6992755528398844e-05,51.01109912145693,0.34235636994266394,50.431109904765414,0.9061565549460782,0.006081587617087773
demo_917,150,0.0,0.006288800211557685,4.220671282924621e-05,42.07293710361614,0.2823687053933969,54.95084607628983,1.0126773089945464,0.006796492006674809
demo_918,150,0.0,0.012465847814293711,8.366340814962222e-05,44.74403631374631,0.30029554572984096,66.41397758479795,0.8146709841221037,0.005467590497463783
demo_919,150,0.0,0.10932674105154654,0.0007337365171244734,45.14564910003584,0.3029909335572875,70.37148812465578,1.0588359980386601,0.007106281866031276
demo_92,150,0.0,0.03346098870819443,0.00022457039401472772,69.15476106853623,0.4641259132116526,183.42097258773634,2.535582952518957,0.01701733525180508
demo_920,150,0.0,0.043931090445765014,0.0002948395331930538,51.33082693637691,0.34450219420387185,137.52914093978742,2.185096392702682,0.014665076461091825
demo_921,150,0.0,0.0032225334381332724,2.1627741195525316e-05,25.58196236810645,0.17169102260474128,25.281451880402205,0.6160403519431321,0.004134499006329746
demo_922,150,0.0,0.037526110585193104,0.0002518530911757926,49.52136599347638,0.33235816103004284,48.49915501406799,0.8007862219399333,0.005374404174093512
demo_923,150,0.0,0.10247371092057779,0.0006877430263126026,51.01304979743579,0.342369461727757,77.24195598350529,1.4294579167634587,0.009593677293714489
demo_924,150,0.0,0.28604628426474205,0.0019197737198975975,52.57124908244383,0.3528271750499586,133.14949055568658,1.9275060620818596,0.012936282295851406
demo_925,150,0.0,0.008907927657330332,5.978474937805592e-05,40.81617279687266,0.273934045616595,49.98959164708946,0.8323714741158621,0.005586385732321222
demo_926,150,0.0,0.03976493906850983,0.0002668787856946968,33.43090487828977,0.22436848911603874,86.08678757568195,1.095951309260297,0.007355377914498638
demo_927,150,0.0,0.0631795323529426,0.0004240237070667289,47.15396530016575,0.3164695657729245,86.23797863962068,0.9853871530935064,0.006613336597942996
demo_928,150,0.0,0.0203601910045833,0.00013664557721196845,54.63399864756401,0.3666711318628457,79.46202302080968,1.1764347196901683,0.00789553503147764
demo_929,150,0.0,0.004414767666338404,2.9629313196902038e-05,41.9074716481287,0.2812581989807295,79.35420691076827,1.0777360350618472,0.007233127752092935
demo_93,150,0.0,0.01296569707274765,8.70181011593802e-05,50.67869617130075,0.34012547765973655,188.24063532098597,2.2743717529680265,0.015264239952805547
demo_930,150,0.0,0.1569374851419677,0.0010532717123621993,42.84518976822824,0.28755160918273986,36.53670369005004,0.9014749536133292,0.006050167473914961
demo_931,150,0.0,0.08090693353561253,0.0005429995539302854,50.0455524996506,0.3358761912728228,115.56762314919625,1.9872824063215773,0.013337465814238773
demo_932,150,0.0,0.07512090797438334,0.000504167167613311,46.50822247006232,0.31213572127558603,52.377127571601825,1.009193910025708,0.006773113490105422
demo_933,150,0.0,0.011550594199075382,7.752076643674753e-05,47.61832342327736,0.3195860632434722,62.52570876428967,0.9953930133319661,0.006680490022362188
demo_934,150,0.0,0.05315484853908755,0.00035674394992676206,52.38689093437965,0.35158987204281644,102.81987113808756,1.8103101745625625,0.012149732715184982
demo_935,150,0.0,0.03279929779518642,0.0002201295154039357,41.341381932292286,0.27745893914290126,53.77375717224541,0.8175094878623241,0.005486640858136403
demo_936,150,0.0,0.1344371136348429,0.0009022625076163952,42.68427820616013,0.28647166581315525,54.65370529124469,1.0097447558940487,0.006776810442241937
demo_937,150,0.0,0.007225119661504863,4.8490735983254116e-05,38.3527242910079,0.25740083416783827,50.11510474462312,0.8475773851941206,0.005688438826806179
demo_938,150,0.0,0.014841128566574517,9.960488970855381e-05,40.924256792086005,0.2746594415576242,84.26502557013218,1.1412499795445903,0.007659395835869733
demo_939,150,0.0,0.0924123353437584,0.0006202170157299221,37.27310729341551,0.2501550825061443,97.43551218119917,1.0898550494591042,0.007314463419188619
demo_94,150,0.0,0.04413303900962767,0.00029619489268206494,58.27611717459973,0.39111488036644115,181.40476213691161,2.3797528379577546,0.015971495556763454
demo_940,150,0.0,0.011060731974252646,7.423310049833991e-05,39.4989196535709,0.26509342049376444,48.7519432328381,0.9263110329642337,0.006216852570229756
demo_941,150,0.0,0.057356482164022025,0.00038494283331558406,43.735321348516806,0.293525646634341,63.03416065741737,0.9827602276591534,0.006595706225900358
demo_942,150,0.0,0.12023512725670019,0.0008069471627966455,48.083450537057026,0.32270772172521495,78.42272938975148,1.4028827397256955,0.009415320400843594
demo_943,150,0.0,0.020322847896836013,0.00013639495232775848,36.54388800753712,0.2452609933391753,49.41944299722845,0.7209473052141954,0.004838572518216076
demo_944,150,0.0,0.02961064642493203,0.00019872917063712772,38.179208433140765,0.2562362982089984,127.72076154039024,2.2450462340761703,0.015067424389772955
demo_945,150,0.0,0.07325289895329191,0.0004916301943173954,34.306880523683716,0.2302475202931793,65.76255173141067,0.8713474848434994,0.005847969696936238
demo_946,150,0.0,0.010415726104926649,6.990420204648757e-05,58.39327155838692,0.39190115139856996,105.27512878922555,3.028747516470488,0.02032716454007039
demo_947,150,0.0,0.007958895070976189,5.341540316091402e-05,35.29495428127411,0.23687888779378596,44.26189250257245,0.7799831230280598,0.005234786060591005
demo_948,150,0.0,0.013012115052467568,8.732963122461455e-05,39.64225210678554,0.26605538326701705,60.24570067390963,1.0094664979130918,0.006774942939014039
demo_949,150,0.0,0.05765297935151239,0.0003869327473255865,49.46469353042958,0.3319778089290576,100.78976319879973,2.7523432808617336,0.018472102556119016
demo_95,150,0.0,0.013374763420807345,8.976351289132446e-05,54.618900988526036,0.366569805292121,145.85307831797445,1.8832845410174432,0.012639493563875458
demo_950,150,0.0,0.00729200092946328,4.893960355344483e-05,44.7820792743982,0.3005508676134107,71.85426279609098,1.0001655531092932,0.006712520490666398
demo_951,150,0.0,0.014255949988164124,9.567751669908808e-05,54.03006009899193,0.3626178530133687,53.7123050824352,0.9781939419332186,0.0065650600129746215
demo_952,150,0.0,0.019445348246510615,0.00013050569292960145,51.00645953786348,0.34232523179774144,99.18563956607937,1.4042188488648717,0.009424287576274306
demo_953,150,0.0,0.06404923745150308,0.0004298606540369334,40.575376249522016,0.272317961406188,73.49045554530446,1.155331352762664,0.007753901696393718
demo_954,150,0.0,0.026185267365505784,0.00017574004943292473,41.1955225304302,0.27648001698275304,80.05776307922616,1.1699538065137127,0.007852038969890689
demo_955,150,0.0,0.02208546073992497,0.00014822456872432867,45.10037368175646,0.30268707168964065,66.01424413928925,1.0928320787863954,0.007334443481787889
demo_956,150,0.0,0.00510034285788729,3.423048897910933e-05,47.603481124619094,0.31948645050079927,28.144510336053525,0.7411480364657286,0.0049741478957431445
demo_957,150,0.0,0.015532422250252913,0.00010424444463256988,54.617288308893386,0.3665589819388818,62.339491517184996,1.0406772320647066,0.006984410953454407
demo_958,150,0.0,0.017627131756353418,0.0001183028976936471,47.10123896690924,0.31611569776449155,52.139706982246544,0.9116885733622881,0.006118715257465021
demo_959,150,0.0,0.07406658261039685,0.0004970911584590393,38.42886703568849,0.2579118592999228,85.82234232676507,1.2985786042386098,0.00871529264589671
demo_96,150,0.0,0.029932662962618074,0.00020089035545381258,62.933020919965365,0.42236926791923063,164.33163125541213,2.064571522858852,0.013856184717173505
demo_960,150,0.0,0.12616021974031247,0.000846712884163171,49.05028998960014,0.3291965771114103,146.58333387777077,2.540151833966236,0.017047998885679434
demo_961,150,0.0,0.010550691390967796,7.081000933535433e-05,38.36745979493938,0.25749973016737837,54.643071642174675,0.9787839118351161,0.006569019542517558
demo_962,150,0.0,0.011259102860274097,7.556444872667178e-05,48.30128489947136,0.3241696973118883,83.62019260294107,1.0693657829327188,0.007176951563306838
demo_963,150,0.0,0.011121418090273687,7.464038986760863e-05,40.44425246424222,0.27143793600162563,37.54853913070493,0.6627654751804718,0.004448090437452831
demo_964,150,0.0,0.10554373920299069,0.0007083472429730919,41.289090088367594,0.2771079871702523,83.54307677316062,1.0555542795485544,0.007084256909721842
demo_965,150,0.0,0.0574931853602176,0.0003858603044309906,43.08079566852639,0.2891328568357476,90.03031767399314,0.9879809380283484,0.006630744550525828
demo_966,150,0.0,0.009515993563264892,6.386572861251605e-05,38.61533905810472,0.2591633493832532,61.71841404647891,0.8393519091345625,0.005633234289493708
demo_967,150,0.0,0.014628047984428256,9.817481868743796e-05,40.507339399382786,0.2718613382508912,60.18415428627289,0.9757165779057346,0.006548433408763319
demo_968,150,0.0,0.08892501219087201,0.0005968121623548457,35.11114360608621,0.23564525910124973,63.27179878106647,1.1064005277167452,0.0074255068974278205
demo_969,150,0.0,0.010614596587514707,7.123890327191078e-05,47.68138958854993,0.32000932609765054,66.45403342678134,1.116203936767281,0.007491301589042154
demo_97,150,0.0,0.019203058552242594,0.00012887958759894358,59.156550181711566,0.39702382672289643,174.00652453664344,1.9604127686779385,0.013157132675690863
demo_970,150,0.0,0.027241354493799472,0.00018282788250872128,37.762288905545816,0.253438180574133,61.712159751148,1.0442179962891653,0.007008174471739364
demo_971,150,0.0,0.10315749304479323,0.0006923321680858606,50.024953712224445,0.3357379443773453,92.0101284064087,3.541456751798417,0.023768166119452462
demo_972,150,0.0,0.013335153996175228,8.949767782667939e-05,26.245545595520348,0.1761446013122171,29.875227328255768,0.7764724249090559,0.005211224328248697
demo_973,150,0.0,0.008028822811747044,5.388471685736271e-05,38.02451107735977,0.25519806092187763,36.20743982792395,0.7409156005799761,0.0049725879233555445
demo_974,150,0.0,0.008220228124225874,5.516931626997231e-05,52.05529802445337,0.3493644162714991,77.80617418364574,1.2691156634340897,0.008517554788148253
demo_975,150,0.0,0.04338498297154306,0.00029117438235934937,42.81717335188742,0.28736357954286856,90.59120973135457,1.1948401540382951,0.008019061436498625
demo_976,150,0.0,0.0236357289351422,0.00015862905325598792,39.619428475687144,0.26590220453481306,76.07088170104213,1.0829693103147755,0.007268250404797151
demo_977,150,0.0,0.026166027766257087,0.00017561092460575227,46.545088070848564,0.31238314141509105,40.401521500986284,0.6075643076720595,0.004077612803168184
demo_978,150,0.0,0.015763191569133618,0.00010579323200760817,43.714371086068,0.29338504084609396,75.40179457066554,1.1027529774496008,0.007401026694292622
demo_979,150,0.0,0.004788365242793564,3.2136679481836e-05,45.05734753656632,0.30239830561453906,88.57864108647571,1.0833629263821833,0.007270892123370358
demo_98,150,0.0,0.10204757621256841,0.0006848830618293182,49.18675225630615,0.33011243125037687,190.5668006989048,2.312999151749265,0.015523484239927955
demo_980,150,0.0,0.031013485908399644,0.0002081442007275144,35.91203074127587,0.24102034054547564,27.36694205974843,0.45646920797090135,0.003063551731348331
demo_981,150,0.0,0.2919012305553476,0.001959068661445286,34.42312450548873,0.23102768124489081,38.403755092433826,0.6337981664438358,0.004253678969421717
demo_982,150,0.0,0.011694284714737211,7.848513231367256e-05,37.86106585213125,0.254101113101552,58.13426194889554,0.7861762964142607,0.005276350982646045
demo_983,150,0.0,0.2969860890630317,0.001993195228610951,40.10022099232793,0.2691289999485096,68.92550120033223,1.067141035803146,0.007162020374517758
demo_984,150,0.0,0.016777417644948053,0.00011260011842247015,41.15184722078686,0.2761868940992407,40.13767766260699,0.8293426041490324,0.00556605774596666
demo_985,150,0.0,0.1956727453477948,0.0013132399016630523,40.023368134305024,0.2686132089550673,65.34390758392513,0.8792220917733344,0.005900819407874728
demo_986,150,0.0,0.021346518900653828,0.00014326522752116663,46.10242357485998,0.30941223875744955,71.18200122112701,1.2698741105896993,0.008522645037514761
demo_987,150,0.0,0.02596354734590356,0.000174251995610091,62.25850980376864,0.4178423476762996,72.3204547536454,1.5610164013132737,0.010476620143042105
demo_988,150,0.0,0.004312503514015541,2.8942976604131147e-05,35.05221848375093,0.23524978848154984,34.56891709258183,0.780288466465095,0.005236835345403322
demo_989,150,0.0,0.053451579003544705,0.00035873542955399134,47.61342998441478,0.3195532213719113,43.70821450797941,0.7614063581052717,0.00511010978594142
demo_99,150,0.0,0.0528044477765546,0.0003543922669567423,63.81341488942412,0.42827795227801424,175.14674238639546,2.139634001547242,0.014359959741927799
demo_990,150,0.0,0.016436343921435215,0.00011031103302976655,53.07960874473827,0.35623898486401523,61.10443009646698,1.0526516233273124,0.007064775995485318
demo_991,150,0.0,0.007488785693559303,5.026030666818324e-05,48.2077009546517,0.32354161714531343,59.27057256781763,0.9529471947341093,0.00639561875660476
demo_992,150,0.0,0.008954165199389102,6.009506845227586e-05,50.4655332986823,0.3386948543535725,96.49188011666024,1.1221041147660054,0.007530900099100707
demo_993,150,0.0,0.01774924210299986,0.00011912243022147558,41.75037195717752,0.2802038386387753,80.8851789806406,1.075431426031765,0.007217660577394396
demo_994,150,0.0,0.007626746197208575,5.1186216088648156e-05,42.064284394987666,0.2823106335234072,59.22365269575772,0.8955421531588432,0.00601035002120029
demo_995,150,0.0,0.01351690790045066,9.071750268758832e-05,52.56238230800841,0.3527676664967007,49.1016873903373,0.9092782717954007,0.006102538736881884
demo_996,150,0.0,0.016932083264757,0.00011363814271648994,54.20607225158175,0.36379914262806545,61.18537243226873,1.136603124029544,0.007628208886104322
demo_997,150,0.0,0.11514400448992626,0.0007727785536236662,47.428065380208125,0.3183091636255579,47.568509457683014,0.7404699374888309,0.004969596895898194
demo_998,150,0.0,0.0037917237339970653,2.5447810295282317e-05,46.23794458785281,0.3103217757574014,52.44648030319726,0.8677223863083618,0.005823640176566187
demo_999,150,0.0,0.006174278634457103,4.14381116406517e-05,43.81030316777612,0.2940288803206451,52.03753121958938,0.8903013016133994,0.005975176520895298
